12:53:19 SteamAPI initialization failed. Steam features won't be accessible!
12:53:19 Initializing stats manager.
sh: 1: /sbin/ifconfig: not found
12:53:19 Stats config disabled.
12:53:19 sessionID: 56e1f62b96c08e3ea1ab561fde61e305449bf6eb
12:53:27 Unsupported language English in stringtable
12:53:27  ➥ Context: rhsafrf\addons\rhs_main\stringtable.xml
12:53:31 Skipped loading of addon 'cba_xeh_csla' as required addon 'CSLA' is not present
12:53:31 Skipped loading of addon 'cba_xeh_contact' as required addon 'A3_Data_F_Contact' is not present
12:53:31 Skipped loading of addon 'cba_jam_rf' as required addon 'RF_Data_Loadorder' is not present
12:53:31 Skipped loading of addon 'cba_jam_csla' as required addon 'CSLA' is not present
12:53:31 Skipped loading of addon 'cba_jam_vn' as required addon 'loadorder_f_vietnam' is not present
12:53:31 Skipped loading of addon 'cba_jam_gm' as required addon 'gm_weapons_launchers_carlgustaf' is not present
12:53:31 Skipped loading of addon 'cba_xeh_ws' as required addon 'data_f_lxWS' is not present
12:53:31 Skipped loading of addon 'cba_jr_gm' as required addon 'gm_weapons_attachments_optics_feroz24' is not present
12:53:31 Skipped loading of addon 'cba_jam_ws' as required addon 'data_f_lxWS_Loadorder' is not present
12:53:31 Skipped loading of addon 'cba_jam_spe' as required addon 'WW2_SPE_Core_c_ZZZ_LastLoaded_c' is not present
12:53:31 Skipped loading of addon 'cba_xeh_sog' as required addon 'loadorder_f_vietnam' is not present
12:53:31 Updating base class RscShortcutButton->RscButton, by a3\editor_f\config.bin/RscDisplayEditObject/Controls/B_OK/ (original bin\config.bin)
12:53:31 Updating base class RscSliderH->RscXSliderH, by a3\editor_f\config.bin/RscDisplayEditObject/Slider/ (original bin\config.bin)
12:53:31 Updating base class RscText->RscPicture, by a3\editor_f\config.bin/RscDisplayEditObject/Preview/ (original bin\config.bin)
12:53:31 Updating base class RscShortcutButton->RscButton, by a3\editor_f\config.bin/RscDisplayMissionLoad/Controls/B_OK/ (original bin\config.bin)
12:53:31 Updating base class RscShortcutButton->RscButton, by a3\editor_f\config.bin/RscDisplayMissionSave/Controls/B_OK/ (original bin\config.bin)
12:53:31 Updating base class ->RscControlsGroup, by a3\ui_f\config.bin/RscControlsGroupNoScrollbars/ (original a3\ui_f\config.bin)
12:53:31 Updating base class ->RscControlsGroup, by a3\ui_f\config.bin/RscControlsGroupNoHScrollbars/ (original a3\ui_f\config.bin)
12:53:31 Updating base class ->RscControlsGroup, by a3\ui_f\config.bin/RscControlsGroupNoVScrollbars/ (original a3\ui_f\config.bin)
12:53:31 Updating base class ->RscText, by a3\ui_f\config.bin/RscLine/ (original a3\ui_f\config.bin)
12:53:31 Updating base class ->RscActiveText, by a3\ui_f\config.bin/RscActivePicture/ (original a3\ui_f\config.bin)
12:53:31 Updating base class ->RscButton, by a3\ui_f\config.bin/RscButtonTextOnly/ (original a3\ui_f\config.bin)
12:53:31 Updating base class ->RscShortcutButton, by a3\ui_f\config.bin/RscShortcutButtonMain/ (original a3\ui_f\config.bin)
12:53:31 Updating base class ->RscShortcutButton, by a3\ui_f\config.bin/RscButtonEditor/ (original a3\ui_f\config.bin)
12:53:31 Updating base class ->RscShortcutButton, by a3\ui_f\config.bin/RscIGUIShortcutButton/ (original a3\ui_f\config.bin)
12:53:31 Updating base class ->RscShortcutButton, by a3\ui_f\config.bin/RscGearShortcutButton/ (original a3\ui_f\config.bin)
12:53:31 Updating base class ->RscShortcutButton, by a3\ui_f\config.bin/RscButtonMenu/ (original a3\ui_f\config.bin)
12:53:31 Updating base class ->RscButtonMenu, by a3\ui_f\config.bin/RscButtonMenuOK/ (original a3\ui_f\config.bin)
12:53:31 Updating base class ->RscButtonMenu, by a3\ui_f\config.bin/RscButtonMenuCancel/ (original a3\ui_f\config.bin)
12:53:31 Updating base class ->RscButtonMenu, by a3\ui_f\config.bin/RscButtonMenuSteam/ (original a3\ui_f\config.bin)
12:53:31 Updating base class ->RscText, by a3\ui_f\config.bin/RscLoadingText/ (original a3\ui_f\config.bin)
12:53:31 Updating base class ->RscListBox, by a3\ui_f\config.bin/RscIGUIListBox/ (original a3\ui_f\config.bin)
12:53:31 Updating base class ->RscListNBox, by a3\ui_f\config.bin/RscIGUIListNBox/ (original a3\ui_f\config.bin)
12:53:31 Updating base class ->RscText, by a3\ui_f\config.bin/RscBackground/ (original a3\ui_f\config.bin)
12:53:31 Updating base class ->RscText, by a3\ui_f\config.bin/RscBackgroundGUI/ (original a3\ui_f\config.bin)
12:53:31 Updating base class ->RscPicture, by a3\ui_f\config.bin/RscBackgroundGUILeft/ (original a3\ui_f\config.bin)
12:53:31 Updating base class ->RscPicture, by a3\ui_f\config.bin/RscBackgroundGUIRight/ (original a3\ui_f\config.bin)
12:53:31 Updating base class ->RscPicture, by a3\ui_f\config.bin/RscBackgroundGUIBottom/ (original a3\ui_f\config.bin)
12:53:31 Updating base class ->RscText, by a3\ui_f\config.bin/RscBackgroundGUITop/ (original a3\ui_f\config.bin)
12:53:31 Updating base class ->RscText, by a3\ui_f\config.bin/RscBackgroundGUIDark/ (original a3\ui_f\config.bin)
12:53:31 Updating base class ->RscPictureKeepAspect, by a3\ui_f\config.bin/RscBackgroundLogo/ (original a3\ui_f\config.bin)
12:53:31 Updating base class ->RscMapControl, by a3\ui_f\config.bin/RscMapControlEmpty/ (original a3\ui_f\config.bin)
12:53:31 Updating base class ->RscPicture, by a3\ui_f\config.bin/CA_Mainback/ (original a3\ui_f\config.bin)
12:53:31 Updating base class ->CA_Mainback, by a3\ui_f\config.bin/CA_Back/ (original a3\ui_f\config.bin)
12:53:31 Updating base class ->CA_Mainback, by a3\ui_f\config.bin/CA_Title_Back/ (original a3\ui_f\config.bin)
12:53:31 Updating base class ->CA_Mainback, by a3\ui_f\config.bin/CA_Black_Back/ (original a3\ui_f\config.bin)
12:53:31 Updating base class ->RscTitle, by a3\ui_f\config.bin/CA_Title/ (original a3\ui_f\config.bin)
12:53:31 Updating base class ->RscPictureKeepAspect, by a3\ui_f\config.bin/CA_Logo/ (original a3\ui_f\config.bin)
12:53:31 Updating base class ->CA_Logo, by a3\ui_f\config.bin/CA_Logo_Small/ (original a3\ui_f\config.bin)
12:53:31 Updating base class ->RscButton, by a3\ui_f\config.bin/CA_RscButton/ (original a3\ui_f\config.bin)
12:53:31 Updating base class ->CA_RscButton, by a3\ui_f\config.bin/CA_RscButton_dialog/ (original a3\ui_f\config.bin)
12:53:31 Updating base class ->RscActiveText, by a3\ui_f\config.bin/CA_Ok/ (original a3\ui_f\config.bin)
12:53:31 Updating base class ->RscText, by a3\ui_f\config.bin/CA_Ok_image/ (original a3\ui_f\config.bin)
12:53:31 Updating base class ->RscText, by a3\ui_f\config.bin/CA_Ok_image2/ (original a3\ui_f\config.bin)
12:53:31 Updating base class ->RscText, by a3\ui_f\config.bin/CA_Ok_text/ (original a3\ui_f\config.bin)
12:53:31 Updating base class ->RscPicture, by a3\ui_f\config.bin/RscVignette/ (original a3\ui_f\config.bin)
12:53:31 Updating base class ->RscControlsGroupNoScrollbars, by a3\ui_f\config.bin/RscMapControlTooltip/ (original a3\ui_f\config.bin)
12:53:31 Updating base class RscUnitInfo->RscUnitInfoAirNoWeapon, by a3\ui_f\config.bin/RscInGameUI/RscUnitInfoAir/ (original a3\ui_f\config.bin)
12:53:31 Updating base class RscControlsGroup->RscControlsGroupNoScrollbars, by a3\ui_f\config.bin/RscInGameUI/RscTaskOverview/controls/TaskOverviewAssigned/ (original bin\config.bin)
12:53:31 Updating base class RscShortcutButton->RscButtonMenu, by a3\ui_f\config.bin/RscDisplayDebug/Controls/B_OK/ (original bin\config.bin)
12:53:31 Updating base class RscShortcutButton->RscButtonMenu, by a3\ui_f\config.bin/RscDisplayDebug/Controls/B_Cancel/ (original bin\config.bin)
12:53:31 Updating base class RscShortcutButton->RscButtonMenu, by a3\ui_f\config.bin/RscDisplayDebug/Controls/B_Clear/ (original bin\config.bin)
12:53:31 Updating base class ->RscText, by a3\ui_f\config.bin/RscDisplayCapture/controls/TimeLines/ (original bin\config.bin)
12:53:31 Updating base class RscShortcutButton->RscButtonMenu, by a3\ui_f\config.bin/RscDisplayCapture/controls/ButtonAverages/ (original bin\config.bin)
12:53:31 Updating base class RscShortcutButton->RscButtonMenu, by a3\ui_f\config.bin/RscDisplayCapture/controls/ButtonSavePreviousData/ (original bin\config.bin)
12:53:31 Updating base class RscShortcutButton->RscButtonMenu, by a3\ui_f\config.bin/RscDisplayCapture/controls/ButtonPreviousData/ (original bin\config.bin)
12:53:31 Updating base class RscPicture->RscPictureKeepAspect, by a3\ui_f\config.bin/RscDisplayMain/IconPicture/ (original bin\config.bin)
12:53:31 Updating base class IconPicture->RscPictureKeepAspect, by a3\ui_f\config.bin/RscDisplayMain/DlcOwnedIconPicture/ (original a3\ui_f\config.bin)
12:53:31 Updating base class IconPicture->RscPictureKeepAspect, by a3\ui_f\config.bin/RscDisplayMain/DlcIconPicture/ (original a3\ui_f\config.bin)
12:53:31 Updating base class RscControlsGroup->RscControlsGroupNoScrollbars, by a3\ui_f\config.bin/RscDisplayCampaignLoad/controls/OverviewGroup/ (original bin\config.bin)
12:53:31 Updating base class RscButton->RscButtonSearch, by a3\ui_f\config.bin/RscDisplayCampaignLoad/controls/SearchButton/ (original bin\config.bin)
12:53:31 Updating base class RscShortcutButton->RscButtonMenuCancel, by a3\ui_f\config.bin/RscDisplayCampaignLoad/controls/ButtonCancel/ (original bin\config.bin)
12:53:31 Updating base class RscShortcutButton->RscButtonMenu, by a3\ui_f\config.bin/RscDisplayCampaignLoad/controls/ButtonGameOptions/ (original bin\config.bin)
12:53:31 Updating base class RscShortcutButton->RscButtonMenuSteam, by a3\ui_f\config.bin/RscDisplayCampaignLoad/controls/ButtonBuyDLC/ (original bin\config.bin)
12:53:31 Updating base class RscShortcutButton->RscButtonMenu, by a3\ui_f\config.bin/RscDisplayCampaignLoad/controls/ButtonRevert/ (original bin\config.bin)
12:53:31 Updating base class RscShortcutButton->RscButtonMenuOK, by a3\ui_f\config.bin/RscDisplayCampaignLoad/controls/ButtonOK/ (original bin\config.bin)
12:53:31 Updating base class RscListBox->RscCombo, by a3\ui_f\config.bin/RscDisplayCustomizeController/Steepness/ (original bin\config.bin)
12:53:31 Updating base class ->RscStandardDisplay, by a3\ui_f\config.bin/RscDisplayControlSchemes/ (original bin\config.bin)
12:53:31 Updating base class ButtonOK->RscButtonMenuCancel, by a3\ui_f\config.bin/RscDisplayControlSchemes/controls/ButtonCancel/ (original bin\config.bin)
12:53:31 Updating base class RscButton->RscButtonMenuOK, by a3\ui_f\config.bin/RscDisplayControlSchemes/controls/ButtonOK/ (original bin\config.bin)
12:53:31 Updating base class RscPicture->RscPictureKeepAspect, by a3\ui_f\config.bin/RscDisplayFileSelectImage/controls/OverviewPicture/ (original bin\config.bin)
12:53:31 Updating base class RscShortcutButton->RscButtonMenuCancel, by a3\ui_f\config.bin/RscDisplayFieldManual/Controls/ButtonCancel/ (original bin\config.bin)
12:53:31 Cannot delete class B_KickOff, it is referenced somewhere (used as a base class probably).
12:53:31 Updating base class RscButton->RscButtonMenuCancel, by a3\ui_f\config.bin/RscDisplayPublishMission/controls/ButtonCancel/ (original bin\config.bin)
12:53:31 Updating base class RscShortcutButton->RscButtonMenuOK, by a3\ui_f\config.bin/RscDisplayPublishMissionSelectTags/controls/ButtonOK/ (original bin\config.bin)
12:53:31 Updating base class ButtonOK->RscButtonMenuCancel, by a3\ui_f\config.bin/RscDisplayPublishMissionSelectTags/controls/ButtonCancel/ (original bin\config.bin)
12:53:31 Updating base class ->RscSubmenu, by a3\ui_f\config.bin/RscMainMenu/ (original bin\config.bin)
12:53:31 Updating base class ->DistanceClose, by a3\ui_f\config.bin/CfgSimpleTasks/Icon3D/DistanceMid/ (original bin\config.bin)
12:53:31 Updating base class ->DistanceClose, by a3\ui_f\config.bin/CfgSimpleTasks/Icon3D/DistanceLong/ (original bin\config.bin)
12:53:32 Updating base class ->ctrlDefaultText, by a3\3den\config.bin/ctrlStatic/ (original a3\3den\config.bin)
12:53:32 Updating base class ->ctrlActiveText, by a3\3den\config.bin/ctrlActivePicture/ (original a3\3den\config.bin)
12:53:32 Updating base class ->ctrlDefaultText, by a3\3den\config.bin/ctrlStructuredText/ (original a3\3den\config.bin)
12:53:32 Updating base class ->ctrlControlsGroup, by a3\3den\config.bin/ctrlControlsGroupNoScrollbars/ (original a3\3den\config.bin)
12:53:32 Updating base class ->ctrlDefault, by a3\3den\config.bin/ctrlCheckbox/ (original a3\3den\config.bin)
12:53:32 Updating base class ->ctrlCheckbox, by a3\3den\config.bin/ctrlCheckboxBaseline/ (original a3\3den\config.bin)
12:53:32 Updating base class RscText->ctrlStaticBackgroundDisable, by a3\3den\config.bin/RscDisplayOptionsAudio/ControlsBackground/BackgroundDisable/ (original a3\3den\config.bin)
12:53:32 Updating base class RscText->ctrlStaticBackgroundDisableTiles, by a3\3den\config.bin/RscDisplayOptionsAudio/ControlsBackground/BackgroundDisableTiles/ (original a3\3den\config.bin)
12:53:32 Updating base class RscText->ctrlStaticBackgroundDisable, by a3\3den\config.bin/RscDisplayConfigure/ControlsBackground/BackgroundDisable/ (original a3\3den\config.bin)
12:53:32 Updating base class RscText->ctrlStaticBackgroundDisableTiles, by a3\3den\config.bin/RscDisplayConfigure/ControlsBackground/BackgroundDisableTiles/ (original a3\3den\config.bin)
12:53:32 Updating base class RscText->ctrlStaticBackgroundDisable, by a3\3den\config.bin/RscDisplayConfigureAction/ControlsBackground/BackgroundDisable/ (original a3\3den\config.bin)
12:53:32 Updating base class RscText->ctrlStaticBackgroundDisableTiles, by a3\3den\config.bin/RscDisplayConfigureAction/ControlsBackground/BackgroundDisableTiles/ (original a3\3den\config.bin)
12:53:32 Updating base class RscText->ctrlStaticBackgroundDisable, by a3\3den\config.bin/RscDisplayConfigureControllers/ControlsBackground/BackgroundDisable/ (original a3\3den\config.bin)
12:53:32 Updating base class RscText->ctrlStaticBackgroundDisableTiles, by a3\3den\config.bin/RscDisplayConfigureControllers/ControlsBackground/BackgroundDisableTiles/ (original a3\3den\config.bin)
12:53:32 Updating base class RscText->ctrlStaticBackgroundDisable, by a3\3den\config.bin/RscDisplayGameOptions/ControlsBackground/BackgroundDisable/ (original a3\3den\config.bin)
12:53:32 Updating base class RscText->ctrlStaticBackgroundDisableTiles, by a3\3den\config.bin/RscDisplayGameOptions/ControlsBackground/BackgroundDisableTiles/ (original a3\3den\config.bin)
12:53:32 Updating base class controls->, by a3\3den\config.bin/RscDisplayArcadeMap_Layout_2/Controls/ (original a3\ui_f\config.bin)
12:53:32 Updating base class controls->, by a3\3den\config.bin/RscDisplayArcadeMap_Layout_6/Controls/ (original a3\ui_f\config.bin)
12:53:32 Updating base class ->ctrlControlsGroupNoScrollbars, by a3\3den\config.bin/Cfg3DEN/Attributes/Default/ (original a3\3den\config.bin)
12:53:32 Updating base class ->ctrlStatic, by a3\3den\config.bin/Cfg3DEN/Attributes/Title/Controls/Title/ (original a3\3den\config.bin)
12:53:32 Updating base class ->ctrlToolbox, by a3\3den\config.bin/Cfg3DEN/Attributes/Toolbox/Controls/Value/ (original a3\3den\config.bin)
12:53:33 Updating base class Mod_Base->, by a3\data_f_destroyer\config.bin/CfgMods/Jets/ (original a3\data_f_jets\config.bin)
12:53:37 Cannot open /mnt/data/harmattan-sandbox/profilesAP\OfficialServersCache\list.json
12:53:37 Canceling the list loading process, the load of the file failed: /mnt/data/harmattan-sandbox/profilesAP\OfficialServersCache\list.json
12:53:37 Initializing Steam Manager
12:53:37 unable to load subscribed content list. list will be updated from steam
12:53:37 unable to load published content list. list will be updated from steam
12:53:37 unable to load cached items meta info. save and update functionality will be broken
12:53:37 Steam Manager initialized.
12:53:37 
12:53:37 ==== Loaded addons ====
12:53:37 
12:53:37 dta/core.pbo - 129618
12:53:37 dta/languagecore_f.pbo - 151164
12:53:37 dta/bin.pbo - 152984
12:53:37 /mnt/data/harmattan-sandbox/arma3server/@PinnedDown_CoverConcealment/addons/pd_cover_concealment.pbo - unknown
12:53:37 /mnt/data/harmattan-sandbox/arma3server/@PinnedDown_BattleLines/addons/pinneddown_battlelines.pbo - unknown
12:53:37 /mnt/data/harmattan-sandbox/arma3server/@LAMBS_Danger/addons/lambs_danger.pbo - 2.6.1.502
12:53:37 /mnt/data/harmattan-sandbox/arma3server/@LAMBS_Danger/addons/lambs_range.pbo - 2.6.1.502
12:53:37 /mnt/data/harmattan-sandbox/arma3server/@LAMBS_Danger/addons/lambs_eventhandlers.pbo - 2.6.1.502
12:53:37 /mnt/data/harmattan-sandbox/arma3server/@LAMBS_Danger/addons/lambs_main.pbo - 2.6.1.502
12:53:37 /mnt/data/harmattan-sandbox/arma3server/@LAMBS_Danger/addons/lambs_formations.pbo - 2.6.1.502
12:53:37 /mnt/data/harmattan-sandbox/arma3server/@LAMBS_Danger/addons/lambs_wp.pbo - 2.6.1.502
12:53:37 /mnt/data/harmattan-sandbox/arma3server/@rhsafrf/addons/rhsusf_main.pbo - RedHammerStudios.0.5.6.6813.r4486
12:53:37 /mnt/data/harmattan-sandbox/arma3server/@rhsafrf/addons/rhsusf_weapons3.pbo - RedHammerStudios.0.5.6.6798.r4477
12:53:37 /mnt/data/harmattan-sandbox/arma3server/@rhsafrf/addons/rhsusf_c_heavyweapons.pbo - RedHammerStudios.0.5.6.6812.r4485
12:53:37 /mnt/data/harmattan-sandbox/arma3server/@rhsafrf/addons/rhsusf_inventoryicons.pbo - RedHammerStudios.0.5.5.6741.r4451
12:53:37 /mnt/data/harmattan-sandbox/arma3server/@rhsafrf/addons/rhsusf_c_stryker.pbo - RedHammerStudios.0.5.6.6813.r4486
12:53:37 /mnt/data/harmattan-sandbox/arma3server/@rhsafrf/addons/rhsusf_m1165.pbo - RedHammerStudios.0.5.6.6784.r4466
12:53:37 /mnt/data/harmattan-sandbox/arma3server/@rhsafrf/addons/rhsusf_hemtt_a2.pbo - RedHammerStudios.0.5.1.5659.r3805
12:53:37 /mnt/data/harmattan-sandbox/arma3server/@rhsafrf/addons/rhsusf_caiman.pbo - RedHammerStudios.0.5.6.6781.r4465
12:53:37 /mnt/data/harmattan-sandbox/arma3server/@rhsafrf/addons/rhsusf_props.pbo - RedHammerStudios.0.5.3.6377.r4259
12:53:37 /mnt/data/harmattan-sandbox/arma3server/@rhsafrf/addons/rhsusf_weapons.pbo - RedHammerStudios.0.5.6.6781.r4465
12:53:37 /mnt/data/harmattan-sandbox/arma3server/@rhsafrf/addons/rhsusf_decals.pbo - RedHammerStudios.0.5.3.6224.r4167
12:53:37 /mnt/data/harmattan-sandbox/arma3server/@rhsafrf/addons/rhsusf_c_matv.pbo - RedHammerStudios.0.5.6.6813.r4486
12:53:37 /mnt/data/harmattan-sandbox/arma3server/@rhsafrf/addons/rhsusf_weapons2.pbo - RedHammerStudios.0.5.5.6720.r4437
12:53:37 /mnt/data/harmattan-sandbox/arma3server/@rhsafrf/addons/rhsusf_matv.pbo - RedHammerStudios.0.5.5.6744.r4453
12:53:37 /mnt/data/harmattan-sandbox/arma3server/@rhsafrf/addons/rhsusf_c_hmmwv.pbo - RedHammerStudios.0.5.6.6813.r4486
12:53:37 /mnt/data/harmattan-sandbox/arma3server/@rhsafrf/addons/rhsusf_commskit.pbo - RedHammerStudios.0.5.5.6531.r4358
12:53:37 /mnt/data/harmattan-sandbox/arma3server/@rhsafrf/addons/rhsusf_rg33.pbo - RedHammerStudios.0.5.6.6781.r4465
12:53:37 /mnt/data/harmattan-sandbox/arma3server/@rhsafrf/addons/rhsusf_stryker.pbo - RedHammerStudios.0.5.6.6781.r4465
12:53:37 /mnt/data/harmattan-sandbox/arma3server/@rhsafrf/addons/rhsusf_dve.pbo - RedHammerStudios.0.5.1.5787.r3863
12:53:37 /mnt/data/harmattan-sandbox/arma3server/@rhsafrf/addons/rhsusf_optics.pbo - RedHammerStudios.0.5.6.6781.r4465
12:53:37 /mnt/data/harmattan-sandbox/arma3server/@rhsafrf/addons/rhsusf_c_hemtt_a4.pbo - RedHammerStudios.0.5.6.6813.r4486
12:53:37 /mnt/data/harmattan-sandbox/arma3server/@rhsafrf/addons/rhsusf_c_m109.pbo - RedHammerStudios.0.5.6.6813.r4486
12:53:37 /mnt/data/harmattan-sandbox/arma3server/@rhsafrf/addons/rhsusf_c_ch53.pbo - RedHammerStudios.0.5.6.6813.r4486
12:53:37 /mnt/data/harmattan-sandbox/arma3server/@rhsafrf/addons/rhsusf_radio.pbo - RedHammerStudios.0.5.1.5659.r3805
12:53:37 /mnt/data/harmattan-sandbox/arma3server/@rhsafrf/addons/rhsusf_s_vehiclesounds.pbo - RedHammerStudios.0.5.1.5659.r3805
12:53:37 /mnt/data/harmattan-sandbox/arma3server/@rhsafrf/addons/rhsusf_c_m1117.pbo - RedHammerStudios.0.5.6.6813.r4486
12:53:37 /mnt/data/harmattan-sandbox/arma3server/@rhsafrf/addons/rhsusf_c_m1a1.pbo - RedHammerStudios.0.5.6.6813.r4486
12:53:37 /mnt/data/harmattan-sandbox/arma3server/@rhsafrf/addons/rhsusf_cougar.pbo - RedHammerStudios.0.5.6.6781.r4465
12:53:37 /mnt/data/harmattan-sandbox/arma3server/@rhsafrf/addons/rhsusf_cars.pbo - RedHammerStudios.0.5.1.5659.r3805
12:53:37 /mnt/data/harmattan-sandbox/arma3server/@rhsafrf/addons/rhsusf_m252.pbo - RedHammerStudios.0.5.1.5659.r3805
12:53:37 /mnt/data/harmattan-sandbox/arma3server/@rhsafrf/addons/rhsusf_a2port_armor.pbo - RedHammerStudios.0.5.1.5822.r3882
12:53:37 /mnt/data/harmattan-sandbox/arma3server/@rhsafrf/addons/rhsusf_c_statics.pbo - RedHammerStudios.0.5.5.6697.r4418
12:53:37 /mnt/data/harmattan-sandbox/arma3server/@rhsafrf/addons/rhsusf_c_m252.pbo - RedHammerStudios.0.5.2.5935.r3969
12:53:37 /mnt/data/harmattan-sandbox/arma3server/@rhsafrf/addons/rhsusf_c_a2port_armor.pbo - RedHammerStudios.0.5.6.6813.r4486
12:53:37 /mnt/data/harmattan-sandbox/arma3server/@rhsafrf/addons/rhsusf_c_rg33.pbo - RedHammerStudios.0.5.6.6813.r4486
12:53:37 /mnt/data/harmattan-sandbox/arma3server/@rhsafrf/addons/rhsusf_himars.pbo - RedHammerStudios.0.5.1.5822.r3882
12:53:37 /mnt/data/harmattan-sandbox/arma3server/@rhsafrf/addons/rhsusf_uav.pbo - RedHammerStudios.0.5.1.5659.r3805
12:53:37 /mnt/data/harmattan-sandbox/arma3server/@rhsafrf/addons/rhsusf_c_weaponsounds.pbo - RedHammerStudios.0.5.2.5935.r3969
12:53:37 /mnt/data/harmattan-sandbox/arma3server/@rhsafrf/addons/rhsusf_f22.pbo - RedHammerStudios.0.5.1.5659.r3805
12:53:37 /mnt/data/harmattan-sandbox/arma3server/@rhsafrf/addons/rhsusf_c_vehiclesounds.pbo - RedHammerStudios.0.5.1.5659.r3805
12:53:37 /mnt/data/harmattan-sandbox/arma3server/@rhsafrf/addons/rhsusf_c_ah64.pbo - RedHammerStudios.0.5.1.5659.r3805
12:53:37 /mnt/data/harmattan-sandbox/arma3server/@rhsafrf/addons/rhsusf_melb.pbo - RedHammerStudios.0.5.5.6444.r4303
12:53:37 /mnt/data/harmattan-sandbox/arma3server/@rhsafrf/addons/rhsusf_infantry2.pbo - RedHammerStudios.0.5.5.6678.r4404
12:53:37 /mnt/data/harmattan-sandbox/arma3server/@rhsafrf/addons/rhsusf_c_airweapons.pbo - RedHammerStudios.0.5.6.6805.r4481
12:53:37 /mnt/data/harmattan-sandbox/arma3server/@rhsafrf/addons/rhsusf_c_markvsoc.pbo - RedHammerStudios.0.5.5.6666.r4397
12:53:37 /mnt/data/harmattan-sandbox/arma3server/@rhsafrf/addons/rhsusf_scopes.pbo - RedHammerStudios.0.5.5.6662.r4396
12:53:37 /mnt/data/harmattan-sandbox/arma3server/@rhsafrf/addons/rhsusf_c_melb.pbo - RedHammerStudios.0.5.6.6813.r4486
12:53:37 /mnt/data/harmattan-sandbox/arma3server/@rhsafrf/addons/rhsusf_c_m113.pbo - RedHammerStudios.0.5.6.6813.r4486
12:53:37 /mnt/data/harmattan-sandbox/arma3server/@rhsafrf/addons/rhsusf_a2port_air.pbo - RedHammerStudios.0.5.5.6505.r4344
12:53:37 /mnt/data/harmattan-sandbox/arma3server/@rhsafrf/addons/rhsusf_ah64.pbo - RedHammerStudios.0.5.1.5659.r3805
12:53:37 /mnt/data/harmattan-sandbox/arma3server/@rhsafrf/addons/rhsusf_heavyweapons.pbo - RedHammerStudios.0.5.5.6697.r4418
12:53:37 /mnt/data/harmattan-sandbox/arma3server/@rhsafrf/addons/rhsusf_markvsoc.pbo - RedHammerStudios.0.5.1.5659.r3805
12:53:37 /mnt/data/harmattan-sandbox/arma3server/@rhsafrf/addons/rhsusf_c_socomauv.pbo - RedHammerStudios.0.5.6.6813.r4486
12:53:37 /mnt/data/harmattan-sandbox/arma3server/@rhsafrf/addons/rhsusf_c_a2port_air.pbo - RedHammerStudios.0.5.6.6813.r4486
12:53:37 /mnt/data/harmattan-sandbox/arma3server/@rhsafrf/addons/rhsusf_infantry3.pbo - RedHammerStudios.0.5.1.5874.r3920
12:53:37 /mnt/data/harmattan-sandbox/arma3server/@rhsafrf/addons/rhsusf_editorpreviews.pbo - RedHammerStudios.0.5.6.6812.r4485
12:53:37 /mnt/data/harmattan-sandbox/arma3server/@rhsafrf/addons/rhsusf_m113.pbo - RedHammerStudios.0.5.4.6412.r4280
12:53:37 /mnt/data/harmattan-sandbox/arma3server/@rhsafrf/addons/rhsusf_xmas.pbo - RedHammerStudios.0.5.1.5659.r3805
12:53:37 /mnt/data/harmattan-sandbox/arma3server/@rhsafrf/addons/rhsusf_c_himars.pbo - RedHammerStudios.0.5.6.6813.r4486
12:53:37 /mnt/data/harmattan-sandbox/arma3server/@rhsafrf/addons/rhsusf_m1117.pbo - RedHammerStudios.0.5.1.5730.r3840
12:53:37 /mnt/data/harmattan-sandbox/arma3server/@rhsafrf/addons/rhsusf_c_mrzr.pbo - RedHammerStudios.0.5.6.6813.r4486
12:53:37 /mnt/data/harmattan-sandbox/arma3server/@rhsafrf/addons/rhsusf_c_rg33l.pbo - RedHammerStudios.0.5.6.6813.r4486
12:53:37 /mnt/data/harmattan-sandbox/arma3server/@rhsafrf/addons/rhsusf_s_weaponsounds.pbo - RedHammerStudios.0.5.1.5659.r3805
12:53:37 /mnt/data/harmattan-sandbox/arma3server/@rhsafrf/addons/rhsusf_a2port_air2.pbo - RedHammerStudios.0.5.5.6439.r4299
12:53:37 /mnt/data/harmattan-sandbox/arma3server/@rhsafrf/addons/rhsusf_c_m1a2.pbo - RedHammerStudios.0.5.6.6801.r4479
12:53:37 /mnt/data/harmattan-sandbox/arma3server/@rhsafrf/addons/rhsusf_weapon_sounds.pbo - RedHammerStudios.0.5.2.5935.r3969
12:53:37 /mnt/data/harmattan-sandbox/arma3server/@rhsafrf/addons/rhsusf_a2port_car.pbo - RedHammerStudios.0.5.1.5659.r3805
12:53:37 /mnt/data/harmattan-sandbox/arma3server/@rhsafrf/addons/rhsusf_c_mtvr.pbo - RedHammerStudios.0.5.2.5935.r3969
12:53:37 /mnt/data/harmattan-sandbox/arma3server/@rhsafrf/addons/rhsusf_mtvr.pbo - RedHammerStudios.0.5.1.5659.r3805
12:53:37 /mnt/data/harmattan-sandbox/arma3server/@rhsafrf/addons/rhsusf_m11xx.pbo - RedHammerStudios.0.5.5.6735.r4448
12:53:37 /mnt/data/harmattan-sandbox/arma3server/@rhsafrf/addons/rhsusf_c_fmtv.pbo - RedHammerStudios.0.5.6.6813.r4486
12:53:37 /mnt/data/harmattan-sandbox/arma3server/@rhsafrf/addons/rhsusf_hmmwv.pbo - RedHammerStudios.0.5.5.6735.r4448
12:53:37 /mnt/data/harmattan-sandbox/arma3server/@rhsafrf/addons/rhsusf_airweapons.pbo - RedHammerStudios.0.5.5.6469.r4318
12:53:37 /mnt/data/harmattan-sandbox/arma3server/@rhsafrf/addons/rhsusf_c_a2port_car.pbo - RedHammerStudios.0.5.1.5659.r3805
12:53:37 /mnt/data/harmattan-sandbox/arma3server/@rhsafrf/addons/rhsusf_mrzr.pbo - RedHammerStudios.0.5.5.6712.r4431
12:53:37 /mnt/data/harmattan-sandbox/arma3server/@rhsafrf/addons/rhsusf_c_troops.pbo - RedHammerStudios.0.5.6.6785.r4467
12:53:37 /mnt/data/harmattan-sandbox/arma3server/@rhsafrf/addons/rhsusf_m1a1.pbo - RedHammerStudios.0.5.5.6698.r4419
12:53:37 /mnt/data/harmattan-sandbox/arma3server/@rhsafrf/addons/rhsusf_m109.pbo - RedHammerStudios.0.5.1.5822.r3882
12:53:37 /mnt/data/harmattan-sandbox/arma3server/@rhsafrf/addons/rhsusf_c_cougar.pbo - RedHammerStudios.0.5.6.6813.r4486
12:53:37 /mnt/data/harmattan-sandbox/arma3server/@rhsafrf/addons/rhsusf_c_uav.pbo - RedHammerStudios.0.5.2.5937.r3970
12:53:37 /mnt/data/harmattan-sandbox/arma3server/@rhsafrf/addons/rhsusf_rg33l.pbo - RedHammerStudios.0.5.5.6504.r4343
12:53:37 /mnt/data/harmattan-sandbox/arma3server/@rhsafrf/addons/rhsusf_c_caiman.pbo - RedHammerStudios.0.5.6.6813.r4486
12:53:37 /mnt/data/harmattan-sandbox/arma3server/@rhsafrf/addons/rhsusf_infantry.pbo - RedHammerStudios.0.5.5.6588.r4377
12:53:37 /mnt/data/harmattan-sandbox/arma3server/@rhsafrf/addons/rhsusf_sounds.pbo - RedHammerStudios.0.5.5.6684.r4407
12:53:37 /mnt/data/harmattan-sandbox/arma3server/@rhsafrf/addons/rhsusf_c_f22.pbo - RedHammerStudios.0.5.1.5659.r3805
12:53:37 /mnt/data/harmattan-sandbox/arma3server/@rhsafrf/addons/rhsusf_c_radio.pbo - RedHammerStudios.0.5.2.5924.r3960
12:53:37 /mnt/data/harmattan-sandbox/arma3server/@rhsafrf/addons/rhsusf_c_weapons.pbo - RedHammerStudios.0.5.6.6810.r4484
12:53:37 /mnt/data/harmattan-sandbox/arma3server/@rhsafrf/addons/rhsusf_c_identity.pbo - RedHammerStudios.0.5.1.5659.r3805
12:53:37 /mnt/data/harmattan-sandbox/arma3server/@rhsafrf/addons/rhsusf_c_m11xx.pbo - RedHammerStudios.0.5.6.6813.r4486
12:53:37 /mnt/data/harmattan-sandbox/arma3server/@rhsafrf/addons/rhsusf_c_props.pbo - RedHammerStudios.0.5.3.6302.r4215
12:53:37 /mnt/data/harmattan-sandbox/arma3server/@rhsafrf/addons/rhsusf_c_commskit.pbo - RedHammerStudios.0.5.5.6531.r4358
12:53:37 /mnt/data/harmattan-sandbox/arma3server/@rhsafrf/addons/rhsusf_muzzleflash.pbo - RedHammerStudios.0.5.5.6613.r4381
12:53:37 /mnt/data/harmattan-sandbox/arma3server/@rhsafrf/addons/rhsusf_hemtt_a4.pbo - RedHammerStudios.0.5.3.6354.r4241
12:53:37 /mnt/data/harmattan-sandbox/arma3server/@rhsafrf/addons/rhsusf_fmtv.pbo - RedHammerStudios.0.5.5.6434.r4295
12:53:37 /mnt/data/harmattan-sandbox/arma3server/@rhsafrf/addons/rhsusf_ch53.pbo - RedHammerStudios.0.5.5.6439.r4299
12:53:37 /mnt/data/harmattan-sandbox/arma3server/@rhsafrf/addons/rhsusf_m1a2.pbo - RedHammerStudios.0.5.6.6806.r4482
12:53:37 /mnt/data/harmattan-sandbox/arma3server/@rhsafrf/addons/rhsusf_socomauv.pbo - RedHammerStudios.0.5.5.6504.r4343
12:53:37 /mnt/data/harmattan-sandbox/arma3server/@rhsafrf/addons/rhsusf_c_hemtt_a2.pbo - RedHammerStudios.0.5.1.5659.r3805
12:53:37 /mnt/data/harmattan-sandbox/arma3server/@rhsafrf/addons/rhsusf_mtvr_tx.pbo - RedHammerStudios.0.5.1.5659.r3805
12:53:37 /mnt/data/harmattan-sandbox/arma3server/@rhsafrf/addons/rhsusf_s_radio.pbo - RedHammerStudios.0.5.1.5659.r3805
12:53:37 /mnt/data/harmattan-sandbox/arma3server/@rhsusaf/addons/rhs_c_zil131.pbo - RedHammerStudios.0.5.6.6542.r4618
12:53:37 /mnt/data/harmattan-sandbox/arma3server/@rhsusaf/addons/rhs_a2port_car_camo.pbo - RedHammerStudios.0.5.1.5533.r4092
12:53:37 /mnt/data/harmattan-sandbox/arma3server/@rhsusaf/addons/rhs_bmp3_camo.pbo - RedHammerStudios.0.5.1.5533.r4092
12:53:37 /mnt/data/harmattan-sandbox/arma3server/@rhsusaf/addons/rhs_c_t15.pbo - RedHammerStudios.0.5.6.6542.r4618
12:53:37 /mnt/data/harmattan-sandbox/arma3server/@rhsusaf/addons/rhs_c_weaponsounds.pbo - RedHammerStudios.0.5.5.6344.r4474
12:53:37 /mnt/data/harmattan-sandbox/arma3server/@rhsusaf/addons/rhs_btr80.pbo - RedHammerStudios.0.5.6.6546.r4620
12:53:37 /mnt/data/harmattan-sandbox/arma3server/@rhsusaf/addons/rhs_c_a2port_air.pbo - RedHammerStudios.0.5.6.6542.r4618
12:53:37 /mnt/data/harmattan-sandbox/arma3server/@rhsusaf/addons/rhs_vehiclesounds.pbo - RedHammerStudios.0.5.5.6388.r4507
12:53:37 /mnt/data/harmattan-sandbox/arma3server/@rhsusaf/addons/rhs_2s3.pbo - RedHammerStudios.0.5.6.6500.r4587
12:53:37 /mnt/data/harmattan-sandbox/arma3server/@rhsusaf/addons/rhs_servicemenu.pbo - RedHammerStudios.0.5.1.5533.r4092
12:53:37 /mnt/data/harmattan-sandbox/arma3server/@rhsusaf/addons/rhs_t72.pbo - RedHammerStudios.0.5.5.6283.r4450
12:53:37 /mnt/data/harmattan-sandbox/arma3server/@rhsusaf/addons/rhs_ss21_camo.pbo - RedHammerStudios.0.5.1.5533.r4092
12:53:37 /mnt/data/harmattan-sandbox/arma3server/@rhsusaf/addons/rhs_radars.pbo - RedHammerStudios.0.5.1.5707.r4148
12:53:37 /mnt/data/harmattan-sandbox/arma3server/@rhsusaf/addons/rhs_c_2s1.pbo - RedHammerStudios.0.5.6.6542.r4618
12:53:37 /mnt/data/harmattan-sandbox/arma3server/@rhsusaf/addons/rhs_infantry3.pbo - RedHammerStudios.0.5.6.6537.r4613
12:53:37 /mnt/data/harmattan-sandbox/arma3server/@rhsusaf/addons/rhs_t15.pbo - RedHammerStudios.0.5.5.6470.r4565
12:53:37 /mnt/data/harmattan-sandbox/arma3server/@rhsusaf/addons/rhs_sprut.pbo - RedHammerStudios.0.5.1.5533.r4092
12:53:37 /mnt/data/harmattan-sandbox/arma3server/@rhsusaf/addons/rhs_bmd_34.pbo - RedHammerStudios.0.5.2.5711.r4151
12:53:37 /mnt/data/harmattan-sandbox/arma3server/@rhsusaf/addons/rhs_accessory.pbo - RedHammerStudios.0.5.3.5882.r4217
12:53:37 /mnt/data/harmattan-sandbox/arma3server/@rhsusaf/addons/rhs_a2port_armor.pbo - RedHammerStudios.0.5.5.6370.r4494
12:53:37 /mnt/data/harmattan-sandbox/arma3server/@rhsusaf/addons/rhs_aps.pbo - RedHammerStudios.0.5.2.5719.r4156
12:53:37 /mnt/data/harmattan-sandbox/arma3server/@rhsusaf/addons/rhs_props.pbo - RedHammerStudios.0.5.1.5533.r4092
12:53:37 /mnt/data/harmattan-sandbox/arma3server/@rhsusaf/addons/rhs_kraz255.pbo - RedHammerStudios.0.5.5.6117.r4365
12:53:37 /mnt/data/harmattan-sandbox/arma3server/@rhsusaf/addons/rhs_mi28.pbo - RedHammerStudios.0.5.3.5853.r4205
12:53:37 /mnt/data/harmattan-sandbox/arma3server/@rhsusaf/addons/rhs_bmp.pbo - RedHammerStudios.0.5.6.6487.r4577
12:53:37 /mnt/data/harmattan-sandbox/arma3server/@rhsusaf/addons/rhs_decals.pbo - RedHammerStudios.0.5.1.5533.r4092
12:53:37 /mnt/data/harmattan-sandbox/arma3server/@rhsusaf/addons/rhs_btr70.pbo - RedHammerStudios.0.5.5.6370.r4494
12:53:37 /mnt/data/harmattan-sandbox/arma3server/@rhsusaf/addons/rhs_c_bmd_camo.pbo - RedHammerStudios.0.5.1.5533.r4092
12:53:37 /mnt/data/harmattan-sandbox/arma3server/@rhsusaf/addons/rhs_ss21.pbo - RedHammerStudios.0.5.1.5533.r4092
12:53:37 /mnt/data/harmattan-sandbox/arma3server/@rhsusaf/addons/rhs_c_bmk_t.pbo - RedHammerStudios.0.5.6.6540.r4615
12:53:37 /mnt/data/harmattan-sandbox/arma3server/@rhsusaf/addons/rhs_main.pbo - RedHammerStudios.0.5.6.6541.r4616
12:53:37 /mnt/data/harmattan-sandbox/arma3server/@rhsusaf/addons/rhs_bmk_t.pbo - RedHammerStudios.0.5.5.6062.r4320
12:53:37 /mnt/data/harmattan-sandbox/arma3server/@rhsusaf/addons/rhs_c_mig29.pbo - RedHammerStudios.0.5.6.6542.r4618
12:53:37 /mnt/data/harmattan-sandbox/arma3server/@rhsusaf/addons/rhs_weapon_sounds.pbo - RedHammerStudios.0.5.2.5719.r4156
12:53:37 /mnt/data/harmattan-sandbox/arma3server/@rhsusaf/addons/rhs_c_mi28.pbo - RedHammerStudios.0.5.6.6542.r4618
12:53:37 /mnt/data/harmattan-sandbox/arma3server/@rhsusaf/addons/rhs_s_weaponsounds.pbo - RedHammerStudios.0.5.1.5533.r4092
12:53:37 /mnt/data/harmattan-sandbox/arma3server/@rhsusaf/addons/rhs_a2port_car.pbo - RedHammerStudios.0.5.6.6544.r4619
12:53:37 /mnt/data/harmattan-sandbox/arma3server/@rhsusaf/addons/rhs_weapons3.pbo - RedHammerStudios.0.5.6.6513.r4596
12:53:37 /mnt/data/harmattan-sandbox/arma3server/@rhsusaf/addons/rhs_infantry2.pbo - RedHammerStudios.0.5.6.6514.r4597
12:53:37 /mnt/data/harmattan-sandbox/arma3server/@rhsusaf/addons/rhs_bmd.pbo - RedHammerStudios.0.5.5.6450.r4547
12:53:37 /mnt/data/harmattan-sandbox/arma3server/@rhsusaf/addons/rhs_heavyweapons.pbo - RedHammerStudios.0.5.6.6526.r4606
12:53:37 /mnt/data/harmattan-sandbox/arma3server/@rhsusaf/addons/rhs_c_heavyweapons.pbo - RedHammerStudios.0.5.6.6547.r4621
12:53:37 /mnt/data/harmattan-sandbox/arma3server/@rhsusaf/addons/rhs_c_bmp.pbo - RedHammerStudios.0.5.6.6542.r4618
12:53:37 /mnt/data/harmattan-sandbox/arma3server/@rhsusaf/addons/rhs_2s3_camo.pbo - RedHammerStudios.0.5.1.5533.r4092
12:53:37 /mnt/data/harmattan-sandbox/arma3server/@rhsusaf/addons/rhs_a2port_air.pbo - RedHammerStudios.0.5.6.6533.r4609
12:53:37 /mnt/data/harmattan-sandbox/arma3server/@rhsusaf/addons/rhs_t80u.pbo - RedHammerStudios.0.5.5.6226.r4433
12:53:37 /mnt/data/harmattan-sandbox/arma3server/@rhsusaf/addons/rhs_air.pbo - RedHammerStudios.0.5.2.5710.r4150
12:53:37 /mnt/data/harmattan-sandbox/arma3server/@rhsusaf/addons/rhs_c_radars.pbo - RedHammerStudios.0.5.3.5759.r4174
12:53:37 /mnt/data/harmattan-sandbox/arma3server/@rhsusaf/addons/rhs_bmp_camo.pbo - RedHammerStudios.0.5.1.5533.r4092
12:53:37 /mnt/data/harmattan-sandbox/arma3server/@rhsusaf/addons/rhs_zil131.pbo - RedHammerStudios.0.5.5.6463.r4559
12:53:37 /mnt/data/harmattan-sandbox/arma3server/@rhsusaf/addons/rhs_c_btr70_camo.pbo - RedHammerStudios.0.5.1.5533.r4092
12:53:37 /mnt/data/harmattan-sandbox/arma3server/@rhsusaf/addons/rhs_t14.pbo - RedHammerStudios.0.5.1.5533.r4092
12:53:37 /mnt/data/harmattan-sandbox/arma3server/@rhsusaf/addons/rhs_c_kraz255.pbo - RedHammerStudios.0.5.6.6544.r4619
12:53:37 /mnt/data/harmattan-sandbox/arma3server/@rhsusaf/addons/rhs_a3retex.pbo - RedHammerStudios.0.5.1.5533.r4092
12:53:37 /mnt/data/harmattan-sandbox/arma3server/@rhsusaf/addons/rhs_2s1.pbo - RedHammerStudios.0.5.6.6510.r4593
12:53:37 /mnt/data/harmattan-sandbox/arma3server/@rhsusaf/addons/rhs_optics.pbo - RedHammerStudios.0.5.6.6500.r4587
12:53:37 /mnt/data/harmattan-sandbox/arma3server/@rhsusaf/addons/rhs_pontoon.pbo - RedHammerStudios.0.5.5.6067.r4325
12:53:37 /mnt/data/harmattan-sandbox/arma3server/@rhsusaf/addons/rhs_a2port_armor_camo.pbo - RedHammerStudios.0.5.1.5533.r4092
12:53:37 /mnt/data/harmattan-sandbox/arma3server/@rhsusaf/addons/rhs_gaz66_camo.pbo - RedHammerStudios.0.5.1.5533.r4092
12:53:37 /mnt/data/harmattan-sandbox/arma3server/@rhsusaf/addons/rhs_c_2s3.pbo - RedHammerStudios.0.5.6.6542.r4618
12:53:37 /mnt/data/harmattan-sandbox/arma3server/@rhsusaf/addons/rhs_c_identity.pbo - RedHammerStudios.0.5.5.6002.r4269
12:53:37 /mnt/data/harmattan-sandbox/arma3server/@rhsusaf/addons/rhs_btr70_camo.pbo - RedHammerStudios.0.5.1.5533.r4092
12:53:37 /mnt/data/harmattan-sandbox/arma3server/@rhsusaf/addons/rhs_mig29.pbo - RedHammerStudios.0.5.2.5710.r4150
12:53:37 /mnt/data/harmattan-sandbox/arma3server/@rhsusaf/addons/rhs_kamaz.pbo - RedHammerStudios.0.5.6.6535.r4611
12:53:37 /mnt/data/harmattan-sandbox/arma3server/@rhsusaf/addons/rhs_c_airweapons.pbo - RedHammerStudios.0.5.6.6529.r4607
12:53:37 /mnt/data/harmattan-sandbox/arma3server/@rhsusaf/addons/rhs_missions.pbo - RedHammerStudios.0.5.5.6123.r4369
12:53:37 /mnt/data/harmattan-sandbox/arma3server/@rhsusaf/addons/rhs_c_trucks.pbo - RedHammerStudios.0.5.6.6542.r4618
12:53:37 /mnt/data/harmattan-sandbox/arma3server/@rhsusaf/addons/rhs_c_cars.pbo - RedHammerStudios.0.5.6.6542.r4618
12:53:37 /mnt/data/harmattan-sandbox/arma3server/@rhsusaf/addons/rhs_c_vehiclesounds.pbo - RedHammerStudios.0.5.5.6450.r4547
12:53:37 /mnt/data/harmattan-sandbox/arma3server/@rhsusaf/addons/rhs_pts.pbo - RedHammerStudios.0.5.2.5723.r4159
12:53:37 /mnt/data/harmattan-sandbox/arma3server/@rhsusaf/addons/rhs_c_bmd.pbo - RedHammerStudios.0.5.6.6542.r4618
12:53:37 /mnt/data/harmattan-sandbox/arma3server/@rhsusaf/addons/rhs_weapons.pbo - RedHammerStudios.0.5.5.6364.r4489
12:53:37 /mnt/data/harmattan-sandbox/arma3server/@rhsusaf/addons/rhs_c_t72.pbo - RedHammerStudios.0.5.6.6542.r4618
12:53:37 /mnt/data/harmattan-sandbox/arma3server/@rhsusaf/addons/rhs_c_radio.pbo - RedHammerStudios.0.5.5.6451.r4548
12:53:37 /mnt/data/harmattan-sandbox/arma3server/@rhsusaf/addons/rhs_c_air.pbo - RedHammerStudios.0.5.6.6542.r4618
12:53:37 /mnt/data/harmattan-sandbox/arma3server/@rhsusaf/addons/rhs_c_a2port_car.pbo - RedHammerStudios.0.5.6.6544.r4619
12:53:37 /mnt/data/harmattan-sandbox/arma3server/@rhsusaf/addons/rhs_mtlb.pbo - RedHammerStudios.0.5.1.5533.r4092
12:53:37 /mnt/data/harmattan-sandbox/arma3server/@rhsusaf/addons/rhs_c_tanks.pbo - RedHammerStudios.0.5.6.6542.r4618
12:53:37 /mnt/data/harmattan-sandbox/arma3server/@rhsusaf/addons/rhs_btr80_camo.pbo - RedHammerStudios.0.5.3.5944.r4236
12:53:37 /mnt/data/harmattan-sandbox/arma3server/@rhsusaf/addons/rhs_inventoryicons.pbo - RedHammerStudios.0.5.6.6548.r4622
12:53:37 /mnt/data/harmattan-sandbox/arma3server/@rhsusaf/addons/rhs_identity.pbo - RedHammerStudios.0.5.1.5533.r4092
12:53:37 /mnt/data/harmattan-sandbox/arma3server/@rhsusaf/addons/rhs_c_pts.pbo - RedHammerStudios.0.5.6.6542.r4618
12:53:37 /mnt/data/harmattan-sandbox/arma3server/@rhsusaf/addons/rhs_infantry.pbo - RedHammerStudios.0.5.6.6490.r4579
12:53:37 /mnt/data/harmattan-sandbox/arma3server/@rhsusaf/addons/rhs_c_troops.pbo - RedHammerStudios.0.5.6.6550.r4624
12:53:37 /mnt/data/harmattan-sandbox/arma3server/@rhsusaf/addons/rhs_c_kamaz.pbo - RedHammerStudios.0.5.6.6542.r4618
12:53:37 /mnt/data/harmattan-sandbox/arma3server/@rhsusaf/addons/rhs_vehicle_sounds.pbo - RedHammerStudios.0.5.6.6534.r4610
12:53:37 /mnt/data/harmattan-sandbox/arma3server/@rhsusaf/addons/rhs_c_rva.pbo - RedHammerStudios.0.5.6.6542.r4618
12:53:37 /mnt/data/harmattan-sandbox/arma3server/@rhsusaf/addons/rhs_c_a2port_armor.pbo - RedHammerStudios.0.5.6.6542.r4618
12:53:37 /mnt/data/harmattan-sandbox/arma3server/@rhsusaf/addons/rhs_c_weapons.pbo - RedHammerStudios.0.5.6.6540.r4615
12:53:37 /mnt/data/harmattan-sandbox/arma3server/@rhsusaf/addons/rhs_sounds.pbo - RedHammerStudios.0.5.6.6500.r4587
12:53:37 /mnt/data/harmattan-sandbox/arma3server/@rhsusaf/addons/rhs_gaz66.pbo - RedHammerStudios.0.5.6.6526.r4606
12:53:37 /mnt/data/harmattan-sandbox/arma3server/@rhsusaf/addons/rhs_c_t14.pbo - RedHammerStudios.0.5.6.6542.r4618
12:53:37 /mnt/data/harmattan-sandbox/arma3server/@rhsusaf/addons/rhs_c_btr.pbo - RedHammerStudios.0.5.6.6542.r4618
12:53:37 /mnt/data/harmattan-sandbox/arma3server/@rhsusaf/addons/rhs_muzzleflash.pbo - RedHammerStudios.0.5.3.5952.r4239
12:53:37 /mnt/data/harmattan-sandbox/arma3server/@rhsusaf/addons/rhs_s_radio.pbo - RedHammerStudios.0.5.1.5533.r4092
12:53:37 /mnt/data/harmattan-sandbox/arma3server/@rhsusaf/addons/rhs_airweapons.pbo - RedHammerStudios.0.5.1.5533.r4092
12:53:37 /mnt/data/harmattan-sandbox/arma3server/@rhsusaf/addons/rhs_tigr.pbo - RedHammerStudios.0.5.6.6517.r4599
12:53:37 /mnt/data/harmattan-sandbox/arma3server/@rhsusaf/addons/rhs_c_sprut.pbo - RedHammerStudios.0.5.6.6542.r4618
12:53:37 /mnt/data/harmattan-sandbox/arma3server/@rhsusaf/addons/rhs_weapons2.pbo - RedHammerStudios.0.5.5.6099.r4353
12:53:37 /mnt/data/harmattan-sandbox/arma3server/@rhsusaf/addons/rhs_t80u_camo.pbo - RedHammerStudios.0.5.1.5533.r4092
12:53:37 /mnt/data/harmattan-sandbox/arma3server/@rhsusaf/addons/rhs_c_pontoon.pbo - RedHammerStudios.0.5.6.6540.r4615
12:53:37 /mnt/data/harmattan-sandbox/arma3server/@rhsusaf/addons/rhs_editorpreviews.pbo - RedHammerStudios.0.5.6.6540.r4615
12:53:37 /mnt/data/harmattan-sandbox/arma3server/@rhsusaf/addons/rhs_t72_camo.pbo - RedHammerStudios.0.5.1.5533.r4092
12:53:37 /mnt/data/harmattan-sandbox/arma3server/@rhsusaf/addons/rhs_c_a3retex.pbo - RedHammerStudios.0.5.1.5533.r4092
12:53:37 /mnt/data/harmattan-sandbox/arma3server/@rhsusaf/addons/rhs_c_bmp3.pbo - RedHammerStudios.0.5.6.6542.r4618
12:53:37 /mnt/data/harmattan-sandbox/arma3server/@rhsusaf/addons/rhs_c_cti_indep.pbo - RedHammerStudios.0.5.1.5707.r4148
12:53:37 /mnt/data/harmattan-sandbox/arma3server/@rhsusaf/addons/rhs_t80.pbo - RedHammerStudios.0.5.5.6226.r4433
12:53:37 /mnt/data/harmattan-sandbox/arma3server/@rhsusaf/addons/rhs_bmd_camo.pbo - RedHammerStudios.0.5.1.5533.r4092
12:53:37 /mnt/data/harmattan-sandbox/arma3server/@rhsusaf/addons/rhs_bmp3.pbo - RedHammerStudios.0.5.2.5722.r4158
12:53:37 /mnt/data/harmattan-sandbox/arma3server/@CBA_A3/addons/cba_help.pbo - 3.18.6.260327
12:53:37 /mnt/data/harmattan-sandbox/arma3server/@CBA_A3/addons/cba_settings.pbo - 3.18.6.260327
12:53:37 /mnt/data/harmattan-sandbox/arma3server/@CBA_A3/addons/cba_loadout.pbo - 3.18.6.260327
12:53:37 /mnt/data/harmattan-sandbox/arma3server/@CBA_A3/addons/cba_modules.pbo - 3.18.6.260327
12:53:37 /mnt/data/harmattan-sandbox/arma3server/@CBA_A3/addons/cba_characters.pbo - 3.18.6.260327
12:53:37 /mnt/data/harmattan-sandbox/arma3server/@CBA_A3/addons/cba_vectors.pbo - 3.18.6.260327
12:53:37 /mnt/data/harmattan-sandbox/arma3server/@CBA_A3/addons/cba_strings.pbo - 3.18.6.260327
12:53:37 /mnt/data/harmattan-sandbox/arma3server/@CBA_A3/addons/cba_music.pbo - 3.18.6.260327
12:53:37 /mnt/data/harmattan-sandbox/arma3server/@CBA_A3/addons/cba_common.pbo - 3.18.6.260327
12:53:37 /mnt/data/harmattan-sandbox/arma3server/@CBA_A3/addons/cba_events.pbo - 3.18.6.260327
12:53:37 /mnt/data/harmattan-sandbox/arma3server/@CBA_A3/addons/cba_main_a3.pbo - 3.18.6.260327
12:53:37 /mnt/data/harmattan-sandbox/arma3server/@CBA_A3/addons/cba_arrays.pbo - 3.18.6.260327
12:53:37 /mnt/data/harmattan-sandbox/arma3server/@CBA_A3/addons/cba_accessory.pbo - 3.18.6.260327
12:53:37 /mnt/data/harmattan-sandbox/arma3server/@CBA_A3/addons/cba_optics.pbo - 3.18.6.260327
12:53:37 /mnt/data/harmattan-sandbox/arma3server/@CBA_A3/addons/cba_keybinding.pbo - 3.18.6.260327
12:53:37 /mnt/data/harmattan-sandbox/arma3server/@CBA_A3/addons/cba_quicktime.pbo - 3.18.6.260327
12:53:37 /mnt/data/harmattan-sandbox/arma3server/@CBA_A3/addons/cba_ai.pbo - 3.18.6.260327
12:53:37 /mnt/data/harmattan-sandbox/arma3server/@CBA_A3/addons/cba_disposable.pbo - 3.18.6.260327
12:53:37 /mnt/data/harmattan-sandbox/arma3server/@CBA_A3/addons/cba_main.pbo - 3.18.6.260327
12:53:37 /mnt/data/harmattan-sandbox/arma3server/@CBA_A3/addons/cba_bitwise.pbo - 3.18.6.260327
12:53:37 /mnt/data/harmattan-sandbox/arma3server/@CBA_A3/addons/cba_pid.pbo - 3.18.6.260327
12:53:37 /mnt/data/harmattan-sandbox/arma3server/@CBA_A3/addons/cba_pylons.pbo - 3.18.6.260327
12:53:37 /mnt/data/harmattan-sandbox/arma3server/@CBA_A3/addons/cba_jam.pbo - 3.18.6.260327
12:53:37 /mnt/data/harmattan-sandbox/arma3server/@CBA_A3/addons/cba_ui.pbo - 3.18.6.260327
12:53:37 /mnt/data/harmattan-sandbox/arma3server/@CBA_A3/addons/cba_xeh.pbo - 3.18.6.260327
12:53:37 /mnt/data/harmattan-sandbox/arma3server/@CBA_A3/addons/cba_diagnostic.pbo - 3.18.6.260327
12:53:37 /mnt/data/harmattan-sandbox/arma3server/@CBA_A3/addons/cba_statemachine.pbo - 3.18.6.260327
12:53:37 /mnt/data/harmattan-sandbox/arma3server/@CBA_A3/addons/cba_hashes.pbo - 3.18.6.260327
12:53:37 /mnt/data/harmattan-sandbox/arma3server/@CBA_A3/addons/cba_versioning.pbo - 3.18.6.260327
12:53:37 /mnt/data/harmattan-sandbox/arma3server/@CBA_A3/addons/cba_jr.pbo - 3.18.6.260327
12:53:37 /mnt/data/harmattan-sandbox/arma3server/@CBA_A3/addons/cba_network.pbo - 3.18.6.260327
12:53:37 /mnt/data/harmattan-sandbox/arma3server/aow/addons/characters_f_aow.pbo - 150659
12:53:37 /mnt/data/harmattan-sandbox/arma3server/aow/addons/languagemissions_f_aow.pbo - 151164
12:53:37 /mnt/data/harmattan-sandbox/arma3server/aow/addons/language_f_aow.pbo - 151164
12:53:37 /mnt/data/harmattan-sandbox/arma3server/aow/addons/missions_f_aow.pbo - 150974
12:53:37 /mnt/data/harmattan-sandbox/arma3server/aow/addons/functions_f_aow.pbo - 149593
12:53:37 /mnt/data/harmattan-sandbox/arma3server/aow/addons/sounds_f_aow.pbo - 150867
12:53:37 /mnt/data/harmattan-sandbox/arma3server/aow/addons/dubbing_f_aow.pbo - 149901
12:53:37 /mnt/data/harmattan-sandbox/arma3server/aow/addons/props_f_aow.pbo - 150912
12:53:37 /mnt/data/harmattan-sandbox/arma3server/aow/addons/anims_f_aow.pbo - 149768
12:53:37 /mnt/data/harmattan-sandbox/arma3server/aow/addons/missions_f_aow_video.pbo - 149837
12:53:37 /mnt/data/harmattan-sandbox/arma3server/aow/addons/editorpreviews_f_aow.pbo - 149909
12:53:37 /mnt/data/harmattan-sandbox/arma3server/aow/addons/supplies_f_aow.pbo - 150149
12:53:37 /mnt/data/harmattan-sandbox/arma3server/aow/addons/structures_f_aow.pbo - 149883
12:53:37 /mnt/data/harmattan-sandbox/arma3server/aow/addons/data_f_aow.pbo - 149928
12:53:37 /mnt/data/harmattan-sandbox/arma3server/aow/addons/missions_f_aow_data.pbo - 150984
12:53:37 /mnt/data/harmattan-sandbox/arma3server/aow/addons/ui_f_aow.pbo - 149917
12:53:37 /mnt/data/harmattan-sandbox/arma3server/enoch/addons/music_f_enoch.pbo - 147472
12:53:37 /mnt/data/harmattan-sandbox/arma3server/enoch/addons/structures_f_enoch_industrial.pbo - 150920
12:53:37 /mnt/data/harmattan-sandbox/arma3server/enoch/addons/props_f_enoch.pbo - 150309
12:53:37 /mnt/data/harmattan-sandbox/arma3server/enoch/addons/dubbing_radio_f_enoch.pbo - 150070
12:53:37 /mnt/data/harmattan-sandbox/arma3server/enoch/addons/structures_f_enoch_cultural.pbo - 150415
12:53:37 /mnt/data/harmattan-sandbox/arma3server/enoch/addons/structures_f_enoch_civilian.pbo - 150926
12:53:37 /mnt/data/harmattan-sandbox/arma3server/enoch/addons/structures_f_enoch_infrastructure.pbo - 148551
12:53:37 /mnt/data/harmattan-sandbox/arma3server/enoch/addons/dubbing_radio_f_enoch_data.pbo - 150020
12:53:37 /mnt/data/harmattan-sandbox/arma3server/enoch/addons/editorpreviews_f_enoch.pbo - 150962
12:53:37 /mnt/data/harmattan-sandbox/arma3server/enoch/addons/functions_f_enoch.pbo - 148356
12:53:37 /mnt/data/harmattan-sandbox/arma3server/enoch/addons/structures_f_enoch_furniture.pbo - 148419
12:53:37 /mnt/data/harmattan-sandbox/arma3server/enoch/addons/structures_f_enoch_commercial.pbo - 148419
12:53:37 /mnt/data/harmattan-sandbox/arma3server/enoch/addons/air_f_enoch.pbo - 145904
12:53:37 /mnt/data/harmattan-sandbox/arma3server/enoch/addons/armor_f_enoch.pbo - 145904
12:53:37 /mnt/data/harmattan-sandbox/arma3server/enoch/addons/structures_f_enoch.pbo - 148551
12:53:37 /mnt/data/harmattan-sandbox/arma3server/enoch/addons/weapons_f_enoch.pbo - 150671
12:53:37 /mnt/data/harmattan-sandbox/arma3server/enoch/addons/ui_f_enoch.pbo - 147095
12:53:37 /mnt/data/harmattan-sandbox/arma3server/enoch/addons/structures_f_enoch_military.pbo - 150174
12:53:37 /mnt/data/harmattan-sandbox/arma3server/enoch/addons/anims_f_enoch.pbo - 150341
12:53:37 /mnt/data/harmattan-sandbox/arma3server/enoch/addons/cargoposes_f_enoch.pbo - 142478
12:53:37 /mnt/data/harmattan-sandbox/arma3server/enoch/addons/map_enoch_data_layers.pbo - 146184
12:53:37 /mnt/data/harmattan-sandbox/arma3server/enoch/addons/static_f_enoch.pbo - 145904
12:53:37 /mnt/data/harmattan-sandbox/arma3server/enoch/addons/supplies_f_enoch.pbo - 151084
12:53:37 /mnt/data/harmattan-sandbox/arma3server/enoch/addons/characters_f_enoch.pbo - 150968
12:53:37 /mnt/data/harmattan-sandbox/arma3server/enoch/addons/map_enoch_data.pbo - 145274
12:53:37 /mnt/data/harmattan-sandbox/arma3server/enoch/addons/sounds_f_enoch.pbo - 150842
12:53:37 /mnt/data/harmattan-sandbox/arma3server/enoch/addons/music_f_enoch_music.pbo - 150867
12:53:37 /mnt/data/harmattan-sandbox/arma3server/enoch/addons/data_f_enoch.pbo - 150070
12:53:37 /mnt/data/harmattan-sandbox/arma3server/enoch/addons/missions_f_enoch.pbo - 149487
12:53:37 /mnt/data/harmattan-sandbox/arma3server/enoch/addons/map_enoch.pbo - 150292
12:53:37 /mnt/data/harmattan-sandbox/arma3server/enoch/addons/soft_f_enoch.pbo - 150885
12:53:37 /mnt/data/harmattan-sandbox/arma3server/enoch/addons/vegetation_f_enoch.pbo - 150192
12:53:37 /mnt/data/harmattan-sandbox/arma3server/enoch/addons/rocks_f_enoch.pbo - 148432
12:53:37 /mnt/data/harmattan-sandbox/arma3server/enoch/addons/structures_f_enoch_data.pbo - 148419
12:53:37 /mnt/data/harmattan-sandbox/arma3server/enoch/addons/language_f_enoch.pbo - 151164
12:53:37 /mnt/data/harmattan-sandbox/arma3server/enoch/addons/languagemissions_f_enoch.pbo - 151164
12:53:37 /mnt/data/harmattan-sandbox/arma3server/enoch/addons/map_enoch_scenes_f.pbo - 143336
12:53:37 /mnt/data/harmattan-sandbox/arma3server/tank/addons/missions_f_tank.pbo - 150984
12:53:37 /mnt/data/harmattan-sandbox/arma3server/tank/addons/music_f_tank.pbo - 127912
12:53:37 /mnt/data/harmattan-sandbox/arma3server/tank/addons/modules_f_tank.pbo - 147857
12:53:37 /mnt/data/harmattan-sandbox/arma3server/tank/addons/armor_f_tank.pbo - 150292
12:53:37 /mnt/data/harmattan-sandbox/arma3server/tank/addons/ui_f_tank.pbo - 148551
12:53:37 /mnt/data/harmattan-sandbox/arma3server/tank/addons/sounds_f_tank.pbo - 150867
12:53:37 /mnt/data/harmattan-sandbox/arma3server/tank/addons/missions_f_tank_data.pbo - 128937
12:53:37 /mnt/data/harmattan-sandbox/arma3server/tank/addons/characters_f_tank.pbo - 150968
12:53:37 /mnt/data/harmattan-sandbox/arma3server/tank/addons/language_f_tank.pbo - 151164
12:53:37 /mnt/data/harmattan-sandbox/arma3server/tank/addons/editorpreviews_f_tank.pbo - 137875
12:53:37 /mnt/data/harmattan-sandbox/arma3server/tank/addons/structures_f_tank.pbo - 150249
12:53:37 /mnt/data/harmattan-sandbox/arma3server/tank/addons/weapons_f_tank.pbo - 151040
12:53:37 /mnt/data/harmattan-sandbox/arma3server/tank/addons/props_f_tank.pbo - 131702
12:53:37 /mnt/data/harmattan-sandbox/arma3server/tank/addons/dubbing_f_tank.pbo - 127958
12:53:37 /mnt/data/harmattan-sandbox/arma3server/tank/addons/cargoposes_f_tank.pbo - 128283
12:53:37 /mnt/data/harmattan-sandbox/arma3server/tank/addons/data_f_tank.pbo - 128203
12:53:37 /mnt/data/harmattan-sandbox/arma3server/tank/addons/languagemissions_f_tank.pbo - 151164
12:53:37 /mnt/data/harmattan-sandbox/arma3server/tank/addons/functions_f_tank.pbo - 125996
12:53:37 /mnt/data/harmattan-sandbox/arma3server/tacops/addons/characters_f_tacops.pbo - 129739
12:53:37 /mnt/data/harmattan-sandbox/arma3server/tacops/addons/sounds_f_tacops.pbo - 150867
12:53:37 /mnt/data/harmattan-sandbox/arma3server/tacops/addons/dubbing_f_tacops.pbo - 129340
12:53:37 /mnt/data/harmattan-sandbox/arma3server/tacops/addons/modules_f_tacops.pbo - 150149
12:53:37 /mnt/data/harmattan-sandbox/arma3server/tacops/addons/data_f_tacops.pbo - 150102
12:53:37 /mnt/data/harmattan-sandbox/arma3server/tacops/addons/music_f_tacops.pbo - 124064
12:53:37 /mnt/data/harmattan-sandbox/arma3server/tacops/addons/missions_f_tacops.pbo - 144976
12:53:37 /mnt/data/harmattan-sandbox/arma3server/tacops/addons/ui_f_tacops.pbo - 148551
12:53:37 /mnt/data/harmattan-sandbox/arma3server/tacops/addons/languagemissions_f_tacops.pbo - 151164
12:53:37 /mnt/data/harmattan-sandbox/arma3server/tacops/addons/language_f_tacops.pbo - 151164
12:53:37 /mnt/data/harmattan-sandbox/arma3server/tacops/addons/functions_f_tacops.pbo - 150415
12:53:37 /mnt/data/harmattan-sandbox/arma3server/orange/addons/cargoposes_f_orange.pbo - 126225
12:53:37 /mnt/data/harmattan-sandbox/arma3server/orange/addons/ui_f_orange.pbo - 151010
12:53:37 /mnt/data/harmattan-sandbox/arma3server/orange/addons/structures_f_orange.pbo - 150867
12:53:37 /mnt/data/harmattan-sandbox/arma3server/orange/addons/dubbing_f_orange.pbo - 121689
12:53:37 /mnt/data/harmattan-sandbox/arma3server/orange/addons/music_f_orange.pbo - 120725
12:53:37 /mnt/data/harmattan-sandbox/arma3server/orange/addons/soft_f_orange.pbo - 150945
12:53:37 /mnt/data/harmattan-sandbox/arma3server/orange/addons/props_f_orange.pbo - 148864
12:53:37 /mnt/data/harmattan-sandbox/arma3server/orange/addons/languagemissions_f_orange.pbo - 151164
12:53:37 /mnt/data/harmattan-sandbox/arma3server/orange/addons/supplies_f_orange.pbo - 129371
12:53:37 /mnt/data/harmattan-sandbox/arma3server/orange/addons/language_f_orange.pbo - 151164
12:53:37 /mnt/data/harmattan-sandbox/arma3server/orange/addons/weapons_f_orange.pbo - 150671
12:53:37 /mnt/data/harmattan-sandbox/arma3server/orange/addons/editorpreviews_f_orange.pbo - 123173
12:53:37 /mnt/data/harmattan-sandbox/arma3server/orange/addons/air_f_orange.pbo - 150970
12:53:37 /mnt/data/harmattan-sandbox/arma3server/orange/addons/characters_f_orange.pbo - 150968
12:53:37 /mnt/data/harmattan-sandbox/arma3server/orange/addons/modules_f_orange.pbo - 143632
12:53:37 /mnt/data/harmattan-sandbox/arma3server/orange/addons/functions_f_orange.pbo - 150945
12:53:37 /mnt/data/harmattan-sandbox/arma3server/orange/addons/missions_f_orange.pbo - 150364
12:53:37 /mnt/data/harmattan-sandbox/arma3server/orange/addons/sounds_f_orange.pbo - 150867
12:53:37 /mnt/data/harmattan-sandbox/arma3server/orange/addons/data_f_orange.pbo - 144284
12:53:37 /mnt/data/harmattan-sandbox/arma3server/argo/addons/data_f_patrol.pbo - 141307
12:53:37 /mnt/data/harmattan-sandbox/arma3server/argo/addons/data_f_argo.pbo - 128209
12:53:37 /mnt/data/harmattan-sandbox/arma3server/argo/addons/structures_f_argo.pbo - 150961
12:53:37 /mnt/data/harmattan-sandbox/arma3server/argo/addons/missions_f_patrol.pbo - 126663
12:53:37 /mnt/data/harmattan-sandbox/arma3server/argo/addons/languagemissions_f_patrol.pbo - 151164
12:53:37 /mnt/data/harmattan-sandbox/arma3server/argo/addons/characters_f_patrol.pbo - 149127
12:53:37 /mnt/data/harmattan-sandbox/arma3server/argo/addons/props_f_argo.pbo - 129371
12:53:37 /mnt/data/harmattan-sandbox/arma3server/argo/addons/functions_f_patrol.pbo - 141510
12:53:37 /mnt/data/harmattan-sandbox/arma3server/argo/addons/map_malden_scenes_f.pbo - 120026
12:53:37 /mnt/data/harmattan-sandbox/arma3server/argo/addons/language_f_argo.pbo - 151164
12:53:37 /mnt/data/harmattan-sandbox/arma3server/argo/addons/music_f_argo.pbo - 119459
12:53:37 /mnt/data/harmattan-sandbox/arma3server/argo/addons/map_malden.pbo - 150292
12:53:37 /mnt/data/harmattan-sandbox/arma3server/argo/addons/weapons_f_patrol.pbo - 141307
12:53:37 /mnt/data/harmattan-sandbox/arma3server/argo/addons/editorpreviews_f_argo.pbo - 150968
12:53:37 /mnt/data/harmattan-sandbox/arma3server/argo/addons/map_malden_data.pbo - 135888
12:53:37 /mnt/data/harmattan-sandbox/arma3server/argo/addons/map_malden_data_layers.pbo - 135888
12:53:37 /mnt/data/harmattan-sandbox/arma3server/argo/addons/vegetation_f_argo.pbo - 148432
12:53:37 /mnt/data/harmattan-sandbox/arma3server/argo/addons/rocks_f_argo.pbo - 148432
12:53:37 /mnt/data/harmattan-sandbox/arma3server/argo/addons/armor_f_argo.pbo - 129739
12:53:37 /mnt/data/harmattan-sandbox/arma3server/argo/addons/language_f_patrol.pbo - 151164
12:53:37 /mnt/data/harmattan-sandbox/arma3server/argo/addons/modules_f_patrol.pbo - 119459
12:53:37 /mnt/data/harmattan-sandbox/arma3server/argo/addons/sounds_f_patrol.pbo - 150867
12:53:37 /mnt/data/harmattan-sandbox/arma3server/argo/addons/ui_f_patrol.pbo - 141307
12:53:37 /mnt/data/harmattan-sandbox/arma3server/jets/addons/characters_f_jets.pbo - 129739
12:53:37 /mnt/data/harmattan-sandbox/arma3server/jets/addons/props_f_jets.pbo - 129371
12:53:37 /mnt/data/harmattan-sandbox/arma3server/jets/addons/boat_f_jets.pbo - 150071
12:53:37 /mnt/data/harmattan-sandbox/arma3server/jets/addons/data_f_jets.pbo - 150370
12:53:37 /mnt/data/harmattan-sandbox/arma3server/jets/addons/static_f_sams.pbo - 146744
12:53:37 /mnt/data/harmattan-sandbox/arma3server/jets/addons/air_f_jets.pbo - 150968
12:53:37 /mnt/data/harmattan-sandbox/arma3server/jets/addons/languagemissions_f_jets.pbo - 151164
12:53:37 /mnt/data/harmattan-sandbox/arma3server/jets/addons/music_f_jets.pbo - 119459
12:53:37 /mnt/data/harmattan-sandbox/arma3server/jets/addons/functions_f_destroyer.pbo - 150071
12:53:37 /mnt/data/harmattan-sandbox/arma3server/jets/addons/modules_f_jets.pbo - 119459
12:53:37 /mnt/data/harmattan-sandbox/arma3server/jets/addons/missions_f_jets.pbo - 130755
12:53:37 /mnt/data/harmattan-sandbox/arma3server/jets/addons/editorpreviews_f_sams.pbo - 132141
12:53:37 /mnt/data/harmattan-sandbox/arma3server/jets/addons/boat_f_destroyer.pbo - 143297
12:53:37 /mnt/data/harmattan-sandbox/arma3server/jets/addons/data_f_destroyer.pbo - 150370
12:53:37 /mnt/data/harmattan-sandbox/arma3server/jets/addons/sounds_f_jets.pbo - 150867
12:53:37 /mnt/data/harmattan-sandbox/arma3server/jets/addons/language_f_destroyer.pbo - 151164
12:53:37 /mnt/data/harmattan-sandbox/arma3server/jets/addons/weapons_f_destroyer.pbo - 132268
12:53:37 /mnt/data/harmattan-sandbox/arma3server/jets/addons/weapons_f_jets.pbo - 148847
12:53:37 /mnt/data/harmattan-sandbox/arma3server/jets/addons/static_f_jets.pbo - 146744
12:53:37 /mnt/data/harmattan-sandbox/arma3server/jets/addons/ui_f_jets.pbo - 126137
12:53:37 /mnt/data/harmattan-sandbox/arma3server/jets/addons/editorpreviews_f_jets.pbo - 150968
12:53:37 /mnt/data/harmattan-sandbox/arma3server/jets/addons/dubbing_f_jets.pbo - 119457
12:53:37 /mnt/data/harmattan-sandbox/arma3server/jets/addons/anims_f_jets.pbo - 123210
12:53:37 /mnt/data/harmattan-sandbox/arma3server/jets/addons/cargoposes_f_jets.pbo - 126225
12:53:37 /mnt/data/harmattan-sandbox/arma3server/jets/addons/editorpreviews_f_destroyer.pbo - 132141
12:53:37 /mnt/data/harmattan-sandbox/arma3server/jets/addons/data_f_sams.pbo - 150370
12:53:37 /mnt/data/harmattan-sandbox/arma3server/jets/addons/functions_f_jets.pbo - 151077
12:53:37 /mnt/data/harmattan-sandbox/arma3server/jets/addons/static_f_destroyer.pbo - 140243
12:53:37 /mnt/data/harmattan-sandbox/arma3server/jets/addons/props_f_destroyer.pbo - 132141
12:53:37 /mnt/data/harmattan-sandbox/arma3server/jets/addons/language_f_jets.pbo - 151164
12:53:37 /mnt/data/harmattan-sandbox/arma3server/jets/addons/language_f_sams.pbo - 151164
12:53:37 /mnt/data/harmattan-sandbox/arma3server/jets/addons/weapons_f_sams.pbo - 149414
12:53:37 /mnt/data/harmattan-sandbox/arma3server/expansion/addons/props_f_exp.pbo - 147637
12:53:37 /mnt/data/harmattan-sandbox/arma3server/expansion/addons/soft_f_exp.pbo - 150945
12:53:37 /mnt/data/harmattan-sandbox/arma3server/expansion/addons/language_f_oldman.pbo - 151164
12:53:37 /mnt/data/harmattan-sandbox/arma3server/expansion/addons/map_tanoabuka_data_layers_00_00.pbo - 121192
12:53:37 /mnt/data/harmattan-sandbox/arma3server/expansion/addons/missions_f_exp.pbo - 144315
12:53:37 /mnt/data/harmattan-sandbox/arma3server/expansion/addons/dubbing_f_oldman.pbo - 148756
12:53:37 /mnt/data/harmattan-sandbox/arma3server/expansion/addons/missions_f_oldman.pbo - 151155
12:53:37 /mnt/data/harmattan-sandbox/arma3server/expansion/addons/map_tanoa_scenes_f.pbo - 123527
12:53:37 /mnt/data/harmattan-sandbox/arma3server/expansion/addons/structures_f_exp_commercial.pbo - 148419
12:53:37 /mnt/data/harmattan-sandbox/arma3server/expansion/addons/dubbing_radio_f_exp_data_chi.pbo - 119458
12:53:37 /mnt/data/harmattan-sandbox/arma3server/expansion/addons/static_f_oldman.pbo - 148580
12:53:37 /mnt/data/harmattan-sandbox/arma3server/expansion/addons/languagemissions_f_exp.pbo - 151164
12:53:37 /mnt/data/harmattan-sandbox/arma3server/expansion/addons/dubbing_radio_f_exp_data_fre.pbo - 119457
12:53:37 /mnt/data/harmattan-sandbox/arma3server/expansion/addons/dubbing_radio_f_exp_data_engfre.pbo - 119457
12:53:37 /mnt/data/harmattan-sandbox/arma3server/expansion/addons/data_f_exp.pbo - 148936
12:53:37 /mnt/data/harmattan-sandbox/arma3server/expansion/addons/rocks_f_exp.pbo - 148432
12:53:37 /mnt/data/harmattan-sandbox/arma3server/expansion/addons/weapons_f_exp.pbo - 150671
12:53:37 /mnt/data/harmattan-sandbox/arma3server/expansion/addons/music_f_oldman.pbo - 148553
12:53:37 /mnt/data/harmattan-sandbox/arma3server/expansion/addons/structures_f_oldman.pbo - 150089
12:53:37 /mnt/data/harmattan-sandbox/arma3server/expansion/addons/boat_f_exp.pbo - 150071
12:53:37 /mnt/data/harmattan-sandbox/arma3server/expansion/addons/functions_f_oldman.pbo - 148553
12:53:37 /mnt/data/harmattan-sandbox/arma3server/expansion/addons/modules_f_exp.pbo - 119459
12:53:37 /mnt/data/harmattan-sandbox/arma3server/expansion/addons/data_f_oldman.pbo - 148580
12:53:37 /mnt/data/harmattan-sandbox/arma3server/expansion/addons/static_f_exp.pbo - 119478
12:53:37 /mnt/data/harmattan-sandbox/arma3server/expansion/addons/anims_f_exp.pbo - 126506
12:53:37 /mnt/data/harmattan-sandbox/arma3server/expansion/addons/language_f_exp.pbo - 151164
12:53:37 /mnt/data/harmattan-sandbox/arma3server/expansion/addons/structures_f_exp_cultural.pbo - 148419
12:53:37 /mnt/data/harmattan-sandbox/arma3server/expansion/addons/sounds_f_exp.pbo - 150920
12:53:37 /mnt/data/harmattan-sandbox/arma3server/expansion/addons/sounds_f_oldman.pbo - 150867
12:53:37 /mnt/data/harmattan-sandbox/arma3server/expansion/addons/map_tanoabuka_data_layers.pbo - 121192
12:53:37 /mnt/data/harmattan-sandbox/arma3server/expansion/addons/supplies_f_exp.pbo - 151084
12:53:37 /mnt/data/harmattan-sandbox/arma3server/expansion/addons/missions_f_exp_video.pbo - 119459
12:53:37 /mnt/data/harmattan-sandbox/arma3server/expansion/addons/editorpreviews_f_oldman.pbo - 150961
12:53:37 /mnt/data/harmattan-sandbox/arma3server/expansion/addons/map_tanoabuka_data.pbo - 135884
12:53:37 /mnt/data/harmattan-sandbox/arma3server/expansion/addons/soft_f_oldman.pbo - 148580
12:53:37 /mnt/data/harmattan-sandbox/arma3server/expansion/addons/ui_f_oldman.pbo - 149216
12:53:37 /mnt/data/harmattan-sandbox/arma3server/expansion/addons/music_f_oldman_music.pbo - 148679
12:53:37 /mnt/data/harmattan-sandbox/arma3server/expansion/addons/props_f_oldman.pbo - 150968
12:53:37 /mnt/data/harmattan-sandbox/arma3server/expansion/addons/air_f_exp.pbo - 150885
12:53:37 /mnt/data/harmattan-sandbox/arma3server/expansion/addons/armor_f_exp.pbo - 141671
12:53:37 /mnt/data/harmattan-sandbox/arma3server/expansion/addons/characters_f_exp.pbo - 150968
12:53:37 /mnt/data/harmattan-sandbox/arma3server/expansion/addons/dubbing_radio_f_exp.pbo - 119458
12:53:37 /mnt/data/harmattan-sandbox/arma3server/expansion/addons/music_f_exp.pbo - 119477
12:53:37 /mnt/data/harmattan-sandbox/arma3server/expansion/addons/editorpreviews_f_exp.pbo - 150961
12:53:37 /mnt/data/harmattan-sandbox/arma3server/expansion/addons/characters_f_oldman.pbo - 148698
12:53:37 /mnt/data/harmattan-sandbox/arma3server/expansion/addons/supplies_f_oldman.pbo - 148553
12:53:37 /mnt/data/harmattan-sandbox/arma3server/expansion/addons/structures_f_exp_civilian.pbo - 148739
12:53:37 /mnt/data/harmattan-sandbox/arma3server/expansion/addons/structures_f_exp.pbo - 150912
12:53:37 /mnt/data/harmattan-sandbox/arma3server/expansion/addons/map_tanoabuka.pbo - 150292
12:53:37 /mnt/data/harmattan-sandbox/arma3server/expansion/addons/music_f_exp_music.pbo - 119477
12:53:37 /mnt/data/harmattan-sandbox/arma3server/expansion/addons/vegetation_f_exp.pbo - 148432
12:53:37 /mnt/data/harmattan-sandbox/arma3server/expansion/addons/missions_f_exp_data.pbo - 119459
12:53:37 /mnt/data/harmattan-sandbox/arma3server/expansion/addons/modules_f_oldman.pbo - 148553
12:53:37 /mnt/data/harmattan-sandbox/arma3server/expansion/addons/languagemissions_f_oldman.pbo - 151164
12:53:37 /mnt/data/harmattan-sandbox/arma3server/expansion/addons/ui_f_exp.pbo - 123398
12:53:37 /mnt/data/harmattan-sandbox/arma3server/expansion/addons/structures_f_exp_data.pbo - 148419
12:53:37 /mnt/data/harmattan-sandbox/arma3server/expansion/addons/structures_f_exp_industrial.pbo - 148419
12:53:37 /mnt/data/harmattan-sandbox/arma3server/expansion/addons/dubbing_f_exp.pbo - 119457
12:53:37 /mnt/data/harmattan-sandbox/arma3server/expansion/addons/structures_f_exp_infrastructure.pbo - 148551
12:53:37 /mnt/data/harmattan-sandbox/arma3server/expansion/addons/map_data_exp.pbo - 136265
12:53:37 /mnt/data/harmattan-sandbox/arma3server/expansion/addons/cargoposes_f_exp.pbo - 126224
12:53:37 /mnt/data/harmattan-sandbox/arma3server/expansion/addons/functions_f_exp.pbo - 144006
12:53:37 /mnt/data/harmattan-sandbox/arma3server/mark/addons/missions_f_mp_mark_data.pbo - 119459
12:53:37 /mnt/data/harmattan-sandbox/arma3server/mark/addons/modules_f_mark.pbo - 148886
12:53:37 /mnt/data/harmattan-sandbox/arma3server/mark/addons/functions_f_mp_mark.pbo - 150802
12:53:37 /mnt/data/harmattan-sandbox/arma3server/mark/addons/music_f_mark_music.pbo - 119477
12:53:37 /mnt/data/harmattan-sandbox/arma3server/mark/addons/language_f_mark.pbo - 151164
12:53:37 /mnt/data/harmattan-sandbox/arma3server/mark/addons/ui_f_mp_mark.pbo - 119478
12:53:37 /mnt/data/harmattan-sandbox/arma3server/mark/addons/missions_f_mark.pbo - 122301
12:53:37 /mnt/data/harmattan-sandbox/arma3server/mark/addons/functions_f_mark.pbo - 150934
12:53:37 /mnt/data/harmattan-sandbox/arma3server/mark/addons/missions_f_mark_video.pbo - 119459
12:53:37 /mnt/data/harmattan-sandbox/arma3server/mark/addons/modules_f_mp_mark.pbo - 150251
12:53:37 /mnt/data/harmattan-sandbox/arma3server/mark/addons/missions_f_mark_data.pbo - 119459
12:53:37 /mnt/data/harmattan-sandbox/arma3server/mark/addons/music_f_mark.pbo - 119477
12:53:37 /mnt/data/harmattan-sandbox/arma3server/mark/addons/sounds_f_mark.pbo - 150867
12:53:37 /mnt/data/harmattan-sandbox/arma3server/mark/addons/dubbing_f_mark.pbo - 119457
12:53:37 /mnt/data/harmattan-sandbox/arma3server/mark/addons/dubbing_f_mp_mark.pbo - 119457
12:53:37 /mnt/data/harmattan-sandbox/arma3server/mark/addons/structures_f_mark.pbo - 149003
12:53:37 /mnt/data/harmattan-sandbox/arma3server/mark/addons/languagemissions_f_mark.pbo - 151164
12:53:37 /mnt/data/harmattan-sandbox/arma3server/mark/addons/static_f_mark.pbo - 146756
12:53:37 /mnt/data/harmattan-sandbox/arma3server/mark/addons/anims_f_mark.pbo - 119457
12:53:37 /mnt/data/harmattan-sandbox/arma3server/mark/addons/supplies_f_mark.pbo - 140562
12:53:37 /mnt/data/harmattan-sandbox/arma3server/mark/addons/languagemissions_f_mp_mark.pbo - 151164
12:53:37 /mnt/data/harmattan-sandbox/arma3server/mark/addons/language_f_mp_mark.pbo - 151164
12:53:37 /mnt/data/harmattan-sandbox/arma3server/mark/addons/ui_f_mark.pbo - 119478
12:53:37 /mnt/data/harmattan-sandbox/arma3server/mark/addons/missions_f_mp_mark.pbo - 141704
12:53:37 /mnt/data/harmattan-sandbox/arma3server/mark/addons/weapons_f_mark.pbo - 149339
12:53:37 /mnt/data/harmattan-sandbox/arma3server/mark/addons/characters_f_mark.pbo - 150968
12:53:37 /mnt/data/harmattan-sandbox/arma3server/mark/addons/data_f_mark.pbo - 129371
12:53:37 /mnt/data/harmattan-sandbox/arma3server/heli/addons/structures_f_heli.pbo - 141968
12:53:37 /mnt/data/harmattan-sandbox/arma3server/heli/addons/languagemissions_f_heli.pbo - 151164
12:53:37 /mnt/data/harmattan-sandbox/arma3server/heli/addons/missions_f_heli_video.pbo - 119459
12:53:37 /mnt/data/harmattan-sandbox/arma3server/heli/addons/functions_f_heli.pbo - 123022
12:53:37 /mnt/data/harmattan-sandbox/arma3server/heli/addons/soft_f_heli.pbo - 129742
12:53:37 /mnt/data/harmattan-sandbox/arma3server/heli/addons/music_f_heli_music.pbo - 119477
12:53:37 /mnt/data/harmattan-sandbox/arma3server/heli/addons/ui_f_heli.pbo - 119478
12:53:37 /mnt/data/harmattan-sandbox/arma3server/heli/addons/language_f_heli.pbo - 151164
12:53:37 /mnt/data/harmattan-sandbox/arma3server/heli/addons/missions_f_heli.pbo - 151010
12:53:37 /mnt/data/harmattan-sandbox/arma3server/heli/addons/anims_f_heli.pbo - 123210
12:53:37 /mnt/data/harmattan-sandbox/arma3server/heli/addons/modules_f_heli.pbo - 150249
12:53:37 /mnt/data/harmattan-sandbox/arma3server/heli/addons/air_f_heli.pbo - 150885
12:53:37 /mnt/data/harmattan-sandbox/arma3server/heli/addons/music_f_heli.pbo - 119477
12:53:37 /mnt/data/harmattan-sandbox/arma3server/heli/addons/dubbing_f_heli.pbo - 119457
12:53:37 /mnt/data/harmattan-sandbox/arma3server/heli/addons/cargoposes_f_heli.pbo - 126231
12:53:37 /mnt/data/harmattan-sandbox/arma3server/heli/addons/data_f_heli.pbo - 119457
12:53:37 /mnt/data/harmattan-sandbox/arma3server/heli/addons/boat_f_heli.pbo - 119457
12:53:37 /mnt/data/harmattan-sandbox/arma3server/heli/addons/missions_f_heli_data.pbo - 119459
12:53:37 /mnt/data/harmattan-sandbox/arma3server/heli/addons/supplies_f_heli.pbo - 145695
12:53:37 /mnt/data/harmattan-sandbox/arma3server/heli/addons/sounds_f_heli.pbo - 150867
12:53:37 /mnt/data/harmattan-sandbox/arma3server/kart/addons/sounds_f_kart.pbo - 150867
12:53:37 /mnt/data/harmattan-sandbox/arma3server/kart/addons/characters_f_kart.pbo - 150968
12:53:37 /mnt/data/harmattan-sandbox/arma3server/kart/addons/anims_f_kart.pbo - 123210
12:53:37 /mnt/data/harmattan-sandbox/arma3server/kart/addons/soft_f_kart.pbo - 150945
12:53:37 /mnt/data/harmattan-sandbox/arma3server/kart/addons/weapons_f_kart.pbo - 138461
12:53:37 /mnt/data/harmattan-sandbox/arma3server/kart/addons/missions_f_kart_data.pbo - 119459
12:53:37 /mnt/data/harmattan-sandbox/arma3server/kart/addons/modules_f_kart.pbo - 151162
12:53:37 /mnt/data/harmattan-sandbox/arma3server/kart/addons/missions_f_kart.pbo - 149274
12:53:37 /mnt/data/harmattan-sandbox/arma3server/kart/addons/ui_f_kart.pbo - 119478
12:53:37 /mnt/data/harmattan-sandbox/arma3server/kart/addons/language_f_kart.pbo - 151164
12:53:37 /mnt/data/harmattan-sandbox/arma3server/kart/addons/data_f_kart.pbo - 119457
12:53:37 /mnt/data/harmattan-sandbox/arma3server/kart/addons/modules_f_kart_data.pbo - 149274
12:53:37 /mnt/data/harmattan-sandbox/arma3server/kart/addons/structures_f_kart.pbo - 123419
12:53:37 /mnt/data/harmattan-sandbox/arma3server/kart/addons/languagemissions_f_kart.pbo - 151164
12:53:37 /mnt/data/harmattan-sandbox/arma3server/curator/addons/modules_f_curator.pbo - 151084
12:53:37 /mnt/data/harmattan-sandbox/arma3server/curator/addons/ui_f_curator.pbo - 150867
12:53:37 /mnt/data/harmattan-sandbox/arma3server/curator/addons/functions_f_curator.pbo - 150945
12:53:37 /mnt/data/harmattan-sandbox/arma3server/curator/addons/missions_f_curator.pbo - 121570
12:53:37 /mnt/data/harmattan-sandbox/arma3server/curator/addons/data_f_curator.pbo - 150867
12:53:37 /mnt/data/harmattan-sandbox/arma3server/curator/addons/data_f_curator_music.pbo - 119457
12:53:37 /mnt/data/harmattan-sandbox/arma3server/curator/addons/language_f_curator.pbo - 151164
12:53:37 addons/soft_f_epc.pbo - 150070
12:53:37 addons/props_f_decade.pbo - 150920
12:53:37 addons/missions_f_bootcamp_video.pbo - 119459
12:53:37 addons/weapons_f.pbo - 151176
12:53:37 addons/data_f_bootcamp.pbo - 129618
12:53:37 addons/missions_f_epc.pbo - 141704
12:53:37 addons/functions_f_epa.pbo - 150249
12:53:37 addons/boat_f_beta.pbo - 132036
12:53:37 addons/dubbing_radio_f.pbo - 119457
12:53:37 addons/static_f.pbo - 151061
12:53:37 addons/dubbing_f_epa.pbo - 119457
12:53:37 addons/missions_f_beta_data.pbo - 150867
12:53:37 addons/missions_f_beta_video.pbo - 119459
12:53:37 addons/music_f_epc_music.pbo - 119477
12:53:37 addons/editorpreviews_f.pbo - 151077
12:53:37 addons/dubbing_f_beta.pbo - 119457
12:53:37 addons/weapons_f_decade.pbo - 150757
12:53:37 addons/editor_f.pbo - 121103
12:53:37 addons/sounds_f_environment.pbo - 150867
12:53:37 addons/3den.pbo - 151061
12:53:37 addons/dubbing_radio_f_data_gre.pbo - 119458
12:53:37 addons/language_f_epc.pbo - 151164
12:53:37 addons/sounds_f_characters.pbo - 150867
12:53:37 addons/anims_f_bootcamp.pbo - 123209
12:53:37 addons/map_vr.pbo - 135900
12:53:37 addons/structures_f_wrecks.pbo - 148419
12:53:37 addons/animals_f_beta.pbo - 150071
12:53:37 addons/air_f_epb.pbo - 150885
12:53:37 addons/dubbing_f_epc.pbo - 119457
12:53:37 addons/structures_f_epc.pbo - 148804
12:53:37 addons/missions_f_bootcamp.pbo - 145509
12:53:37 addons/anims_f.pbo - 150686
12:53:37 addons/music_f_bootcamp.pbo - 119459
12:53:37 addons/signs_f.pbo - 148432
12:53:37 addons/structures_f_households.pbo - 150926
12:53:37 addons/music_f_bootcamp_music.pbo - 119459
12:53:37 addons/language_f_epa.pbo - 151164
12:53:37 addons/boat_f_gamma.pbo - 127529
12:53:37 addons/languagemissions_f.pbo - 151164
12:53:37 addons/modules_f_exp_a.pbo - 119459
12:53:37 addons/language_f_decade.pbo - 151164
12:53:37 addons/weapons_f_epc.pbo - 130416
12:53:37 addons/structures_f_ind.pbo - 150048
12:53:37 addons/a3.pbo - unknown
12:53:37 addons/missions_f_exp_a_data.pbo - 119459
12:53:37 addons/language_f_warlords.pbo - 151164
12:53:37 addons/sounds_f_epc.pbo - 150867
12:53:37 addons/modules_f_beta.pbo - 151162
12:53:37 addons/characters_f_epb.pbo - 150968
12:53:37 addons/characters_f_bootcamp.pbo - 149274
12:53:37 addons/missions_f_video.pbo - 119459
12:53:37 addons/language_f_mod.pbo - 151164
12:53:37 addons/missions_f_epa_video.pbo - 119459
12:53:37 addons/sounds_f.pbo - 150927
12:53:37 addons/sounds_f_sfx.pbo - 150867
12:53:37 addons/sounds_f_arsenal.pbo - 150867
12:53:37 addons/missions_f_bootcamp_data.pbo - 150867
12:53:37 addons/dubbing_radio_f_data_eng.pbo - 119457
12:53:37 addons/missions_f_warlords.pbo - 145437
12:53:37 addons/weapons_f_mod.pbo - 149339
12:53:37 addons/data_f_decade.pbo - 150764
12:53:37 addons/drones_f.pbo - 146855
12:53:37 addons/language_f_gamma.pbo - 151164
12:53:37 addons/dubbing_radio_f_data_vr.pbo - 119458
12:53:37 addons/language_f_bootcamp.pbo - 151164
12:53:37 addons/anims_f_epc.pbo - 121358
12:53:37 addons/languagemissions_f_epb.pbo - 151164
12:53:37 addons/anims_f_mod.pbo - 135280
12:53:37 addons/music_f_epb_music.pbo - 119459
12:53:37 addons/boat_f.pbo - 150265
12:53:37 addons/sounds_f_mod.pbo - 150867
12:53:37 addons/missions_f_exp_a.pbo - 141704
12:53:37 addons/3den_language.pbo - 151164
12:53:37 addons/languagemissions_f_beta.pbo - 151164
12:53:37 addons/armor_f_beta.pbo - 150339
12:53:37 addons/map_altis_data_layers_00_00.pbo - 0000
12:53:37 addons/plants_f.pbo - 148432
12:53:37 addons/soft_f_beta.pbo - 150920
12:53:37 addons/ui_f_decade.pbo - 150746
12:53:37 addons/weapons_f_beta.pbo - 150174
12:53:37 addons/sounds_f_bootcamp.pbo - 150842
12:53:37 addons/weapons_f_bootcamp.pbo - 141713
12:53:37 addons/structures_f_bootcamp.pbo - 143436
12:53:37 addons/map_stratis_data_layers.pbo - 135888
12:53:37 addons/ui_f.pbo - 151173
12:53:37 addons/anims_f_data.pbo - 148601
12:53:37 addons/weapons_f_gamma.pbo - 148783
12:53:37 addons/characters_f_decade.pbo - 150784
12:53:37 addons/characters_f_epc.pbo - 150968
12:53:37 addons/anims_f_exp_a.pbo - 123209
12:53:37 addons/missions_f_gamma_video.pbo - 119459
12:53:37 addons/functions_f.pbo - 151080
12:53:37 addons/data_f_exp_a.pbo - 119457
12:53:37 addons/dubbing_radio_f_data_per.pbo - 150218
12:53:37 addons/modules_f_bootcamp.pbo - 119459
12:53:37 addons/baseconfig_f.pbo - 119457
12:53:37 addons/characters_f.pbo - 151039
12:53:37 addons/map_data.pbo - 134124
12:53:37 addons/map_altis_data_layers.pbo - 135913
12:53:37 addons/static_f_gamma.pbo - 122615
12:53:37 addons/sounds_f_exp_a.pbo - 150867
12:53:37 addons/map_vr_scenes_f.pbo - 119459
12:53:37 addons/characters_f_gamma.pbo - 150968
12:53:37 addons/map_altis_data_layers_00_01.pbo - 0000
12:53:37 addons/armor_f_gamma.pbo - 150803
12:53:37 addons/props_f_exp_a.pbo - 147637
12:53:37 addons/static_f_beta.pbo - 132365
12:53:37 addons/languagemissions_f_epa.pbo - 151164
12:53:37 addons/modules_f_epb.pbo - 134655
12:53:37 addons/map_altis.pbo - 148442
12:53:37 addons/characters_f_beta.pbo - 149965
12:53:37 addons/music_f_epa_music.pbo - 119459
12:53:37 addons/structures_f_mil.pbo - 150697
12:53:37 addons/structures_f.pbo - 150697
12:53:37 addons/map_altis_data_layers_01_00.pbo - 0000
12:53:37 addons/map_altis_scenes_f.pbo - 119459
12:53:37 addons/structures_f_epb.pbo - 148421
12:53:37 addons/cargoposes_f.pbo - 149489
12:53:37 addons/language_f_exp_a.pbo - 151164
12:53:37 addons/dubbing_f_bootcamp.pbo - 119457
12:53:37 addons/music_f_music.pbo - 119477
12:53:37 addons/sounds_f_decade.pbo - 150867
12:53:37 addons/missions_f_epa.pbo - 150459
12:53:37 addons/rocks_f.pbo - 149339
12:53:37 addons/editorpreviews_f_decade.pbo - 150645
12:53:37 addons/air_f_gamma.pbo - 150048
12:53:37 addons/map_stratis.pbo - 148442
12:53:37 addons/language_f_beta.pbo - 151164
12:53:37 addons/languagemissions_f_exp_a.pbo - 151164
12:53:37 addons/armor_f_epb.pbo - 150260
12:53:37 addons/soft_f_bootcamp.pbo - 150071
12:53:37 addons/modules_f_warlords.pbo - 144205
12:53:37 addons/languagemissions_f_bootcamp.pbo - 151164
12:53:37 addons/soft_f_gamma.pbo - 150920
12:53:37 addons/modules_f_beta_data.pbo - 149274
12:53:37 addons/dubbing_radio_f_data_engb.pbo - 119458
12:53:37 addons/languagemissions_f_gamma.pbo - 151164
12:53:37 addons/sounds_f_epb.pbo - 150867
12:53:37 addons/modules_f_data.pbo - 122470
12:53:37 addons/map_altis_data.pbo - 135904
12:53:37 addons/music_f_epa.pbo - 119459
12:53:37 addons/ui_f_exp_a.pbo - 119478
12:53:37 addons/structures_f_data.pbo - 148419
12:53:37 addons/roads_f.pbo - 148432
12:53:37 addons/music_f_epc.pbo - 119459
12:53:37 addons/map_altis_data_layers_01_01.pbo - 0000
12:53:37 addons/language_f.pbo - 151164
12:53:37 addons/weapons_f_epb.pbo - 137810
12:53:37 addons/soft_f.pbo - 151061
12:53:37 addons/armor_f.pbo - 149414
12:53:37 addons/map_stratis_scenes_f.pbo - 119459
12:53:37 addons/characters_f_epa.pbo - 148392
12:53:37 addons/air_f_beta.pbo - 151175
12:53:37 addons/structures_f_exp_a.pbo - 150912
12:53:37 addons/air_f_epc.pbo - 150048
12:53:37 addons/music_f.pbo - 119459
12:53:37 addons/functions_f_decade.pbo - 150807
12:53:37 addons/missions_f_epb.pbo - 119459
12:53:37 addons/dubbing_f_warlords.pbo - 136700
12:53:37 addons/missions_f_data.pbo - 119459
12:53:37 addons/ui_f_bootcamp.pbo - 119478
12:53:37 addons/data_f_exp_b.pbo - 119457
12:53:37 addons/functions_f_bootcamp.pbo - 151040
12:53:37 addons/armor_f_decade.pbo - 150805
12:53:37 addons/functions_f_epc.pbo - 119458
12:53:37 addons/weapons_f_epa.pbo - 150905
12:53:37 addons/structures_f_epa.pbo - 149252
12:53:37 addons/functions_f_exp_a.pbo - 150958
12:53:37 addons/anims_f_epa.pbo - 134499
12:53:37 addons/music_f_epb.pbo - 119459
12:53:37 addons/language_f_exp_b.pbo - 151164
12:53:37 addons/uifonts_f.pbo - 119478
12:53:37 addons/missions_f.pbo - 141704
12:53:37 addons/languagemissions_f_epc.pbo - 151164
12:53:37 addons/dubbing_f_gamma.pbo - 122449
12:53:37 addons/modules_f.pbo - 150958
12:53:37 addons/missions_f_beta.pbo - 150697
12:53:37 addons/boat_f_epc.pbo - 131911
12:53:37 addons/dubbing_f.pbo - 119457
12:53:37 addons/ui_f_data.pbo - 151023
12:53:37 addons/data_f_mod.pbo - 131534
12:53:37 addons/functions_f_warlords.pbo - 150354
12:53:37 addons/air_f.pbo - 150885
12:53:37 addons/missions_f_epa_data.pbo - 119459
12:53:37 addons/missions_f_gamma.pbo - 151061
12:53:37 addons/misc_f.pbo - 119459
12:53:37 addons/map_stratis_data.pbo - 135888
12:53:37 addons/uifonts_f_data.pbo - 150106
12:53:37 addons/data_f_warlords.pbo - 150867
12:53:37 addons/dubbing_f_epb.pbo - 119457
12:53:37 addons/data_f.pbo - 151162
12:53:37 addons/armor_f_epc.pbo - 148819
12:53:37 addons/sounds_f_vehicles.pbo - 150867
12:53:37 addons/missions_f_gamma_data.pbo - 119459
12:53:37 addons/animals_f.pbo - 150071
12:53:37 addons/language_f_epb.pbo - 151164
12:53:37 
12:53:37 =======================
12:53:37 
12:53:38 ============================================================================================= List of mods ===============================================================================================
12:53:38 modsReadOnly = true
12:53:38 safeModsActivated = false
12:53:38 customMods = true
12:53:38 hash = '90BDCFA91BC424BAD38183AEF2610A6703E12178'
12:53:38 hashShort = 'd45fd29e'
12:53:38                                               name |               modDir |    default |   official |               origin |                                     hash | hashShort | fullPath
12:53:38 ----------------------------------------------------------------------------------------------------------------------------------------------------------------------------------------------------------
12:53:38                 Pinned Down: Cover and Concealment | @PinnedDown_CoverConcealment |      false |      false |             GAME DIR | d7033a63c45dc8d505beb19cef1c84360209eb14 |   d3c6115 | /mnt/data/harmattan-sandbox/arma3server/@PinnedDown_CoverConcealment
12:53:38                          Pinned Down: Battle Lines | @PinnedDown_BattleLines |      false |      false |             GAME DIR | e14cd1c9d4536160ca9bcdd9690a344fcf8bcd3f |  5093e886 | /mnt/data/harmattan-sandbox/arma3server/@PinnedDown_BattleLines
12:53:38                             LAMBS Danger.fsm 2.6.1 |        @LAMBS_Danger |      false |      false |             GAME DIR | ca10ae45399b3640cb39fb0b9ca379938fdaa0bb |  92e2a26d | /mnt/data/harmattan-sandbox/arma3server/@LAMBS_Danger
12:53:38                          RHS: United States Forces |             @rhsafrf |      false |      false |             GAME DIR | 22dc683ee7645369b375f5d3a2db51a995658245 |  736ca0ba | /mnt/data/harmattan-sandbox/arma3server/@rhsafrf
12:53:38        RHS: Armed Forces of the Russian Federation |             @rhsusaf |      false |      false |             GAME DIR | c099f9533a1d61a33bef449594ec01c28661aa62 |  9f03db96 | /mnt/data/harmattan-sandbox/arma3server/@rhsusaf
12:53:38                      Community Base Addons v3.18.6 |              @CBA_A3 |      false |      false |             GAME DIR | 3e1466169722aa923029e8a6c1cd7a8542d6c9cd |  c1ea2f12 | /mnt/data/harmattan-sandbox/arma3server/@CBA_A3
12:53:38                                  Arma 3 Art of War |                  aow |       true |       true |             GAME DIR | 7685ba6030e4deb3c55cc1303fe4970086bb1d4e |  45cead90 | /mnt/data/harmattan-sandbox/arma3server/aow
12:53:38                          Arma 3 Contact (Platform) |                enoch |       true |       true |             GAME DIR | 60377b76eed5b3b0aa32b7eac60a47d283fcf0cc |  b428902f | /mnt/data/harmattan-sandbox/arma3server/enoch
12:53:38                                       Arma 3 Tanks |                 tank |       true |       true |             GAME DIR | ce4faa4b481d5beb49a49be538691d35e51771e2 |  6e220316 | /mnt/data/harmattan-sandbox/arma3server/tank
12:53:38                                     Arma 3 Tac-Ops |               tacops |       true |       true |             GAME DIR | ae5caba2339455413681ee7a0d13d6c3506c012c |  5150d064 | /mnt/data/harmattan-sandbox/arma3server/tacops
12:53:38                                 Arma 3 Laws of War |               orange |       true |       true |             GAME DIR | 842d91a189db46f5c940e3fecb475854965c87f7 |  107dffec | /mnt/data/harmattan-sandbox/arma3server/orange
12:53:38                                      Arma 3 Malden |                 argo |       true |       true |             GAME DIR | 6929f5532e7b80136be17f26a959c91eeb40ec0f |  aad6aaf5 | /mnt/data/harmattan-sandbox/arma3server/argo
12:53:38                                        Arma 3 Jets |                 jets |       true |       true |             GAME DIR | e4a48f3a8727e6b56d6082c1dd0b4ab3c42be223 |  7f335115 | /mnt/data/harmattan-sandbox/arma3server/jets
12:53:38                                        Arma 3 Apex |            expansion |       true |       true |             GAME DIR | 8e9eb113e1e92a3ba26280becd3f05e7bdfcd49c |  125ee13c | /mnt/data/harmattan-sandbox/arma3server/expansion
12:53:38                                    Arma 3 Marksmen |                 mark |       true |       true |             GAME DIR | 392d9e3a6fdbc19f01be0200b50a6a09413ecc63 |  140e9f85 | /mnt/data/harmattan-sandbox/arma3server/mark
12:53:38                                 Arma 3 Helicopters |                 heli |       true |       true |             GAME DIR | 0e67ef03a2e786a8e11e01c4b19cd104e120f282 |  61c33e7e | /mnt/data/harmattan-sandbox/arma3server/heli
12:53:38                                       Arma 3 Karts |                 kart |       true |       true |             GAME DIR | 0ab891520b9ac69ff9132ae6de7e2e199b884ca6 |  f6336162 | /mnt/data/harmattan-sandbox/arma3server/kart
12:53:38                                        Arma 3 Zeus |              curator |       true |       true |             GAME DIR | 53c3d7094eaa421dad414709f2834c660b583ad3 |  3b763ef8 | /mnt/data/harmattan-sandbox/arma3server/curator
12:53:38                                             Arma 3 |                   A3 |       true |       true |    NOT FOUND (Empty) |                                          |           | 
12:53:38 ==========================================================================================================================================================================================================
12:53:38 InitSound ...
12:53:38 InitSound - complete
12:53:38 Dedicated host created.
12:53:38 PhysX3 SDK Init started ...
12:53:38 PhysX3 SDK Init ended.
12:53:42 [CBA] (xeh) INFO: [0,23.074,0] PreStart started.
12:53:42 [CBA] (settings) INFO: Userconfig: Ignored.
12:53:42 [CBA] (xeh) INFO: [0,23.177,0] PreStart finished.
12:53:45 Warning Message: You cannot play/edit this mission; it is dependent on downloadable content that has been deleted.\na3_characters_f
12:53:45 Loading movesType CfgGesturesMale
12:53:45 MovesType CfgGesturesMale load time 188.0 ms
12:53:45 Loading movesType CfgMovesMaleSdr
12:53:59 Warning: looped for animation: a3\anims_f_epa\data\anim\sdr\cts\hubcleaned\briefing\hubbriefing_loop.rtm differs (looped now 0)! MoveName: hubbriefing_ext
12:54:04 Warning: looped for animation: a3\anims_f_epa\data\anim\sdr\cts\hubcleaned\spectator\hubspectator_stand.rtm differs (looped now 1)! MoveName: hubspectator_stand_contact
12:54:05 MovesType CfgMovesMaleSdr load time 19836.0 ms
12:54:05 BattlEye Server: Initialized (v1.220, Arma 3 2.20.152984)
[S_API] SteamAPI_Init(): Loaded local 'steamclient.so' OK.
Setting breakpad minidump AppID = 107410
SteamInternal_SetMinidumpSteamID:  Caching Steam ID:  76561197960265728 [API loaded no]
12:54:05 Game Port: 6012, Steam Query Port: 6013
12:54:05 Initializing Steam server - Game Port: 6012, Steam Query Port: 6013
Arma 3 Console version 2.20.152984 x64 : port 6012
12:54:05 Mission BancAppui.Stratis read from directory.
[S_API FAIL] Tried to access Steam interface SteamFriends017 before SteamAPI_Init succeeded.
12:54:05 Mission BancAppui.Stratis: Number of roles (0) is different from 'description.ext::Header::maxPlayer' (1)
12:54:05 Mission BancAppui.Stratis: 'description.ext::Header::minPlayer' (1) is too high - there is 0 roles
12:54:05 Host identity created.
[S_API FAIL] Tried to access Steam interface SteamUtils010 before SteamAPI_Init succeeded.
12:54:06 Roles assigned.
12:54:06 Reading mission ...
12:54:06 Starting mission:
12:54:06  Mission file: BancAppui
12:54:06  Mission world: Stratis
12:54:06  Mission directory: mpmissions\BancAppui.Stratis\
12:54:06 No more slot to add connection at 033057 (3386.8,5735.4)
12:54:08 [CBA] (xeh) INFO: [791,49.029,0] PreInit started. v3.18.6.260327
[S_API FAIL] Tried to access Steam interface STEAMAPPS_INTERFACE_VERSION008 before SteamAPI_Init succeeded.
12:54:08 [CBA] (settings) INFO: Reading settings from settings file.
12:54:08 [CBA] (settings) INFO: Finished reading settings from settings file.
12:54:08 "[BL] Pinned Down: Battle Lines preInit (v0.74.0af transport distance test)"
12:54:08 [CBA] (xeh) INFO: [791,49.27,0] PreInit finished.
12:54:08 Mission read.
12:54:08 Connected to Steam servers
12:54:08 [CBA] (xeh) INFO: [791,49.296,0] PostInit started. MISSIONINIT: missionName=BancAppui, missionVersion=54, worldName=Stratis, isMultiplayer=true, isServer=true, isDedicated=true, CBA_isHeadlessClient=false, hasInterface=false, didJIP=false
12:54:08 [CBA] (versioning) INFO: [791,49.306,0] VERSIONING:cba=3.18.6.260327
12:54:08 "[PD COVER AND CONCEALMENT] initialized version=0.1.29 scheduler=CBA_PFH existingUnits=0 debug=false"
12:54:08 [CBA] (xeh) INFO: [791,49.484,0] PostInit finished.
12:54:08 ../lib/Network/networkServer.cpp OnClientStateChanged:NOT IMPLEMENTED - briefing!
12:54:08  Mission id: 196f5177f30f8aed560aba2a43f8258b8ea54b75
12:54:08 Game started.
12:54:08 Attempt to override final function - bis_fnc_storeparamsvalues_data
12:54:13 "HMT|AP|debut|3"
12:54:13 "HMT|CAP|capacites_chargees|1"
12:54:33 "HMT|AP|site|1709|5499|vueDV|23|sur|24|vueAD|18|sur|18|cherche|149"
12:54:33 "HMT|AP|sites|6|relus|de|la|liste|[[1734,5391],[3416,5931],[4601,4431],[4783,5298],[2172,4643],[3450,6750]]"
12:54:40 "HMT|AP|corps|def|6|vic|4|app|3|murs|6"
12:54:47 "HMT|AP|GROUPE|bras|0|effectif|3|memegroupe|3|chef_est_appui|1|chef_nul|0|chef_vivant|1|prets|3|mode|BLUE|comport|COMBAT|apn_avant|0"
12:54:49 Ragdoll - loading of ragdoll source "Soldier" started.
12:54:49 Ragdoll - loading of ragdoll source "Soldier" finished successfully.
12:55:17 "HMT|AP|appui|0|vivant|1|captif|0|etat|HEALTHY|degats|0|position|[1859,5489,0]"
12:55:17 "HMT|AP|appui|1|vivant|1|captif|0|etat|HEALTHY|degats|0|position|[1859,5499,0]"
12:55:17 "HMT|AP|appui|2|vivant|1|captif|0|etat|HEALTHY|degats|0|position|[1859,5509,0]"
12:55:17 "HMT|AP|essai|0|0|terrain|-1|delivre|82|delivre2|603|combat|6|armes|6|cap0|6,6,6,6/3,0,3,3|cap1|6,6,6,0/3,0,3,0/res308|coupsdef|193|coupsapp|0|murs|0|corps|0|angle|-1|refus|0|vise|-1|supp|0|vivants|6|4"
12:55:25 "HMT|OK|ap_presence|112"
12:55:32 "HMT|AP|GROUPE|bras|2|effectif|3|memegroupe|3|chef_est_appui|1|chef_nul|0|chef_vivant|1|prets|0|mode|RED|comport|COMBAT|apn_avant|14"
12:55:32 "HMT|AP|BALLE|-1|0|cible|SuppressTarget|ecart|30|vue|0|dist|125"
12:55:32 "HMT|AP|BALLE|-1|1|cible|O_Soldier_F|ecart|16|vue|0|dist|124"
12:55:32 "HMT|AP|BALLE|-1|2|cible|nulle|ecart|27|vue|0|dist|125"
12:55:36 "HMT|AP|BALLE|-1|0|cible|SuppressTarget|ecart|29|vue|0|dist|109"
12:55:36 "HMT|AP|BALLE|-1|1|cible|nulle|ecart|16|vue|0|dist|108"
12:55:36 "HMT|AP|BALLE|-1|2|cible|SuppressTarget|ecart|27|vue|0|dist|109"
12:55:40 "HMT|AP|BALLE|-1|0|cible|SuppressTarget|ecart|30|vue|0|dist|125"
12:55:40 "HMT|AP|BALLE|-1|1|cible|O_Soldier_F|ecart|16|vue|0|dist|124"
12:55:40 "HMT|AP|BALLE|-1|2|cible|SuppressTarget|ecart|27|vue|0|dist|125"
12:55:44 "HMT|AP|BALLE|-1|0|cible|SuppressTarget|ecart|31|vue|0|dist|173"
12:55:44 "HMT|AP|BALLE|-1|1|cible|O_Soldier_F|ecart|16|vue|0|dist|172"
12:55:44 "HMT|AP|BALLE|-1|2|cible|SuppressTarget|ecart|25|vue|0|dist|173"
12:55:48 "HMT|AP|BALLE|-1|0|cible|SuppressTarget|ecart|29|vue|0|dist|141"
12:55:48 "HMT|AP|BALLE|-1|1|cible|O_Soldier_F|ecart|16|vue|0|dist|140"
12:55:48 "HMT|AP|BALLE|-1|2|cible|nulle|ecart|26|vue|0|dist|141"
12:55:52 "HMT|AP|BALLE|-1|0|cible|SuppressTarget|ecart|29|vue|0|dist|125"
12:55:52 "HMT|AP|BALLE|-1|1|cible|nulle|ecart|40|vue|0|dist|124"
12:55:52 "HMT|AP|BALLE|-1|2|cible|nulle|ecart|2|vue|0|dist|125"
12:55:56 "HMT|AP|BALLE|-1|0|cible|SuppressTarget|ecart|30|vue|0|dist|173"
12:55:56 "HMT|AP|BALLE|-1|1|cible|O_Soldier_F|ecart|21|vue|0|dist|172"
12:55:56 "HMT|AP|BALLE|-1|2|cible|SuppressTarget|ecart|31|vue|0|dist|173"
12:56:00 "HMT|AP|BALLE|-1|0|cible|SuppressTarget|ecart|29|vue|0|dist|125"
12:56:00 "HMT|AP|BALLE|-1|1|cible|nulle|ecart|21|vue|0|dist|124"
12:56:00 "HMT|AP|BALLE|-1|2|cible|nulle|ecart|29|vue|0|dist|125"
12:56:04 "HMT|AP|BALLE|-1|0|cible|SuppressTarget|ecart|28|vue|0|dist|109"
12:56:04 "HMT|AP|BALLE|-1|1|cible|O_Soldier_F|ecart|21|vue|0|dist|108"
12:56:04 "HMT|AP|BALLE|-1|2|cible|O_Soldier_F|ecart|28|vue|0|dist|109"
12:56:08 Strange convex component145 in a3\plants_f\tree\t_pinuss2s_b_f.p3d:geometryView
12:56:08 Strange convex component149 in a3\plants_f\tree\t_pinuss2s_b_f.p3d:geometryView
12:56:08 "HMT|AP|BALLE|-1|0|cible|SuppressTarget|ecart|30|vue|0|dist|157"
12:56:08 "HMT|AP|BALLE|-1|1|cible|O_Soldier_F|ecart|21|vue|0|dist|156"
12:56:08 "HMT|AP|BALLE|-1|2|cible|SuppressTarget|ecart|30|vue|0|dist|157"
12:56:12 "HMT|AP|BALLE|-1|0|cible|SuppressTarget|ecart|30|vue|0|dist|173"
12:56:12 "HMT|AP|BALLE|-1|1|cible|O_Soldier_F|ecart|21|vue|0|dist|172"
12:56:12 "HMT|AP|BALLE|-1|2|cible|O_Soldier_F|ecart|30|vue|0|dist|173"
12:56:16 "HMT|AP|BALLE|-1|0|cible|SuppressTarget|ecart|28|vue|0|dist|109"
12:56:16 "HMT|AP|BALLE|-1|1|cible|O_Soldier_F|ecart|21|vue|0|dist|108"
12:56:16 "HMT|AP|BALLE|-1|2|cible|O_Soldier_F|ecart|28|vue|0|dist|109"
12:56:20 "HMT|AP|BALLE|-1|0|cible|O_Soldier_F|ecart|28|vue|0|dist|109"
12:56:20 "HMT|AP|BALLE|-1|1|cible|SuppressTarget|ecart|21|vue|0|dist|108"
12:56:20 "HMT|AP|BALLE|-1|2|cible|nulle|ecart|28|vue|0|dist|109"
12:56:24 "HMT|AP|BALLE|-1|0|cible|O_Soldier_F|ecart|30|vue|0|dist|157"
12:56:24 "HMT|AP|BALLE|-1|1|cible|O_Soldier_F|ecart|21|vue|0|dist|156"
12:56:24 "HMT|AP|BALLE|-1|2|cible|O_Soldier_F|ecart|30|vue|0|dist|157"
12:56:28 "HMT|AP|BALLE|-1|0|cible|O_Soldier_F|ecart|30|vue|0|dist|173"
12:56:28 "HMT|AP|BALLE|-1|1|cible|O_Soldier_F|ecart|21|vue|0|dist|172"
12:56:28 "HMT|AP|BALLE|-1|2|cible|O_Soldier_F|ecart|30|vue|0|dist|173"
12:56:32 "HMT|AP|appui|0|vivant|1|captif|0|etat|HEALTHY|degats|0|position|[1859,5489,0]"
12:56:32 "HMT|AP|appui|1|vivant|1|captif|0|etat|HEALTHY|degats|0|position|[1859,5499,0]"
12:56:32 "HMT|AP|appui|2|vivant|1|captif|0|etat|HEALTHY|degats|0|position|[1859,5509,0]"
12:56:32 "HMT|AP|essai|2|0|terrain|-1|delivre|120|delivre2|863|combat|6|armes|9|cap0|6,6,6,0/3,3,3,0|cap1|6,6,6,0/3,3,3,1/res307|coupsdef|316|coupsapp|243|murs|78|corps|84|angle|-1|refus|0|vise|-1|supp|0.535|vivants|6|4"
12:56:40 "HMT|OK|ap_arrivee|86"
12:56:40 "HMT|AP|AUTOPSIE|essai_A|terrain_0|bras2_x3_contre_bras3_x3"
12:56:40 "HMT|AP|phase|3|terrains|1"
12:56:40 "HMT|AP|plan|6|essais|par|terrain|x|1|terrains|session|1"
12:56:44 "HMT|AP|pose|1734|5391"
12:56:51 "HMT|AP|GROUPE|bras|2|effectif|3|memegroupe|3|chef_est_appui|1|chef_nul|0|chef_vivant|1|prets|0|mode|RED|comport|COMBAT|apn_avant|21"
12:56:51 "HMT|AP|BALLE|0|0|cible|SuppressTarget|ecart|4|vue|0|dist|141"
12:56:51 "HMT|AP|BALLE|0|1|cible|O_Soldier_F|ecart|0|vue|0|dist|141"
12:56:51 "HMT|AP|BALLE|0|2|cible|nulle|ecart|4|vue|0|dist|141"
12:56:55 "HMT|AP|BALLE|0|0|cible|SuppressTarget|ecart|4|vue|0|dist|157"
12:56:55 "HMT|AP|BALLE|0|1|cible|O_Soldier_F|ecart|0|vue|0|dist|157"
12:56:55 "HMT|AP|BALLE|0|2|cible|nulle|ecart|4|vue|0|dist|157"
12:56:59 "HMT|AP|BALLE|0|0|cible|SuppressTarget|ecart|4|vue|0|dist|157"
12:56:59 "HMT|AP|BALLE|0|1|cible|SuppressTarget|ecart|30|vue|0|dist|157"
12:56:59 "HMT|AP|BALLE|0|2|cible|nulle|ecart|4|vue|0|dist|157"
12:57:03 "HMT|AP|BALLE|0|0|cible|SuppressTarget|ecart|4|vue|0|dist|157"
12:57:03 "HMT|AP|BALLE|0|1|cible|O_Soldier_F|ecart|30|vue|0|dist|157"
12:57:03 "HMT|AP|BALLE|0|2|cible|nulle|ecart|4|vue|0|dist|157"
12:57:07 "HMT|AP|BALLE|0|0|cible|SuppressTarget|ecart|3|vue|0|dist|173"
12:57:07 "HMT|AP|BALLE|0|1|cible|SuppressTarget|ecart|30|vue|0|dist|173"
12:57:07 "HMT|AP|BALLE|0|2|cible|nulle|ecart|3|vue|0|dist|173"
12:57:11 "HMT|AP|BALLE|0|0|cible|SuppressTarget|ecart|4|vue|0|dist|141"
12:57:11 "HMT|AP|BALLE|0|1|cible|SuppressTarget|ecart|30|vue|0|dist|141"
12:57:11 "HMT|AP|BALLE|0|2|cible|O_Soldier_F|ecart|4|vue|0|dist|141"
12:57:15 "HMT|AP|BALLE|0|0|cible|SuppressTarget|ecart|4|vue|0|dist|141"
12:57:15 "HMT|AP|BALLE|0|1|cible|O_Soldier_F|ecart|30|vue|0|dist|141"
12:57:15 "HMT|AP|BALLE|0|2|cible|O_Soldier_F|ecart|4|vue|0|dist|141"
12:57:19 "HMT|AP|BALLE|0|0|cible|SuppressTarget|ecart|3|vue|0|dist|173"
12:57:19 "HMT|AP|BALLE|0|1|cible|nulle|ecart|30|vue|0|dist|173"
12:57:19 "HMT|AP|BALLE|0|2|cible|O_Soldier_F|ecart|3|vue|0|dist|173"
12:57:23 "HMT|AP|BALLE|0|0|cible|SuppressTarget|ecart|4|vue|0|dist|141"
12:57:23 "HMT|AP|BALLE|0|1|cible|SuppressTarget|ecart|30|vue|0|dist|141"
12:57:23 "HMT|AP|BALLE|0|2|cible|O_Soldier_F|ecart|4|vue|0|dist|141"
12:57:27 "HMT|AP|BALLE|0|0|cible|SuppressTarget|ecart|5|vue|0|dist|125"
12:57:27 "HMT|AP|BALLE|0|1|cible|O_Soldier_F|ecart|30|vue|0|dist|125"
12:57:27 "HMT|AP|BALLE|0|2|cible|O_Soldier_F|ecart|5|vue|0|dist|125"
12:57:31 "HMT|AP|BALLE|0|0|cible|SuppressTarget|ecart|5|vue|0|dist|109"
12:57:31 "HMT|AP|BALLE|0|1|cible|O_Soldier_F|ecart|30|vue|0|dist|109"
12:57:31 "HMT|AP|BALLE|0|2|cible|O_Soldier_F|ecart|5|vue|0|dist|109"
12:57:35 "HMT|AP|BALLE|0|0|cible|SuppressTarget|ecart|5|vue|0|dist|125"
12:57:35 "HMT|AP|BALLE|0|1|cible|nulle|ecart|30|vue|0|dist|125"
12:57:35 "HMT|AP|BALLE|0|2|cible|O_Soldier_F|ecart|5|vue|0|dist|125"
12:57:39 "HMT|AP|BALLE|0|0|cible|SuppressTarget|ecart|5|vue|0|dist|125"
12:57:39 "HMT|AP|BALLE|0|1|cible|SuppressTarget|ecart|30|vue|0|dist|125"
12:57:39 "HMT|AP|BALLE|0|2|cible|O_Soldier_F|ecart|5|vue|0|dist|125"
12:57:43 "HMT|AP|BALLE|0|0|cible|SuppressTarget|ecart|3|vue|0|dist|173"
12:57:43 "HMT|AP|BALLE|0|1|cible|O_Soldier_F|ecart|30|vue|0|dist|173"
12:57:43 "HMT|AP|BALLE|0|2|cible|O_Soldier_F|ecart|3|vue|0|dist|173"
12:57:47 "HMT|AP|BALLE|0|0|cible|SuppressTarget|ecart|5|vue|0|dist|109"
12:57:47 "HMT|AP|BALLE|0|1|cible|O_Soldier_F|ecart|30|vue|0|dist|109"
12:57:47 "HMT|AP|BALLE|0|2|cible|O_Soldier_F|ecart|5|vue|0|dist|109"
12:57:51 "HMT|AP|BALLE|0|0|cible|SuppressTarget|ecart|4|vue|0|dist|141"
12:57:51 "HMT|AP|BALLE|0|1|cible|nulle|ecart|30|vue|0|dist|141"
12:57:51 "HMT|AP|BALLE|0|2|cible|O_Soldier_F|ecart|4|vue|0|dist|141"
12:57:55 "HMT|AP|BALLE|0|0|cible|SuppressTarget|ecart|5|vue|0|dist|109"
12:57:55 "HMT|AP|BALLE|0|1|cible|nulle|ecart|30|vue|0|dist|109"
12:57:55 "HMT|AP|BALLE|0|2|cible|O_Soldier_F|ecart|5|vue|0|dist|109"
12:57:59 "HMT|AP|BALLE|0|0|cible|SuppressTarget|ecart|5|vue|0|dist|125"
12:57:59 "HMT|AP|BALLE|0|1|cible|O_Soldier_F|ecart|30|vue|0|dist|125"
12:57:59 "HMT|AP|BALLE|0|2|cible|O_Soldier_F|ecart|5|vue|0|dist|125"
12:58:03 "HMT|AP|BALLE|0|0|cible|SuppressTarget|ecart|4|vue|0|dist|141"
12:58:03 "HMT|AP|BALLE|0|1|cible|O_Soldier_F|ecart|30|vue|0|dist|141"
12:58:03 "HMT|AP|BALLE|0|2|cible|O_Soldier_F|ecart|4|vue|0|dist|141"
12:58:07 "HMT|AP|BALLE|0|0|cible|SuppressTarget|ecart|4|vue|0|dist|157"
12:58:07 "HMT|AP|BALLE|0|1|cible|O_Soldier_F|ecart|30|vue|0|dist|157"
12:58:07 "HMT|AP|BALLE|0|2|cible|O_Soldier_F|ecart|4|vue|0|dist|157"
12:58:11 "HMT|AP|BALLE|0|0|cible|SuppressTarget|ecart|5|vue|0|dist|109"
12:58:11 "HMT|AP|BALLE|0|1|cible|nulle|ecart|30|vue|0|dist|109"
12:58:11 "HMT|AP|BALLE|0|2|cible|O_Soldier_F|ecart|5|vue|0|dist|109"
12:58:15 "HMT|AP|BALLE|0|0|cible|SuppressTarget|ecart|5|vue|0|dist|125"
12:58:15 "HMT|AP|BALLE|0|1|cible|SuppressTarget|ecart|30|vue|0|dist|125"
12:58:15 "HMT|AP|BALLE|0|2|cible|O_Soldier_F|ecart|5|vue|0|dist|125"
12:58:19 "HMT|AP|BALLE|0|0|cible|SuppressTarget|ecart|5|vue|0|dist|125"
12:58:19 "HMT|AP|BALLE|0|1|cible|SuppressTarget|ecart|30|vue|0|dist|125"
12:58:19 "HMT|AP|BALLE|0|2|cible|O_Soldier_F|ecart|5|vue|0|dist|125"
12:58:23 "HMT|AP|BALLE|0|0|cible|SuppressTarget|ecart|3|vue|0|dist|173"
12:58:23 "HMT|AP|BALLE|0|1|cible|SuppressTarget|ecart|30|vue|0|dist|173"
12:58:23 "HMT|AP|BALLE|0|2|cible|O_Soldier_F|ecart|3|vue|0|dist|173"
12:58:28 "HMT|AP|BALLE|0|0|cible|SuppressTarget|ecart|4|vue|0|dist|141"
12:58:28 "HMT|AP|BALLE|0|1|cible|nulle|ecart|30|vue|0|dist|141"
12:58:28 "HMT|AP|BALLE|0|2|cible|O_Soldier_F|ecart|4|vue|0|dist|141"
12:58:32 "HMT|AP|BALLE|0|0|cible|SuppressTarget|ecart|3|vue|0|dist|173"
12:58:32 "HMT|AP|BALLE|0|1|cible|nulle|ecart|30|vue|0|dist|173"
12:58:32 "HMT|AP|BALLE|0|2|cible|O_Soldier_F|ecart|3|vue|0|dist|173"
12:58:36 "HMT|AP|BALLE|0|0|cible|SuppressTarget|ecart|4|vue|0|dist|141"
12:58:36 "HMT|AP|BALLE|0|1|cible|O_Soldier_F|ecart|30|vue|0|dist|141"
12:58:36 "HMT|AP|BALLE|0|2|cible|O_Soldier_F|ecart|4|vue|0|dist|141"
12:58:40 "HMT|AP|BALLE|0|0|cible|SuppressTarget|ecart|4|vue|0|dist|141"
12:58:40 "HMT|AP|BALLE|0|1|cible|nulle|ecart|30|vue|0|dist|141"
12:58:40 "HMT|AP|BALLE|0|2|cible|O_Soldier_F|ecart|4|vue|0|dist|141"
12:58:44 "HMT|AP|BALLE|0|0|cible|SuppressTarget|ecart|4|vue|0|dist|141"
12:58:44 "HMT|AP|BALLE|0|1|cible|nulle|ecart|30|vue|0|dist|141"
12:58:44 "HMT|AP|BALLE|0|2|cible|O_Soldier_F|ecart|4|vue|0|dist|141"
12:58:48 "HMT|AP|BALLE|0|0|cible|SuppressTarget|ecart|3|vue|0|dist|173"
12:58:48 "HMT|AP|BALLE|0|1|cible|SuppressTarget|ecart|30|vue|0|dist|173"
12:58:48 "HMT|AP|BALLE|0|2|cible|O_Soldier_F|ecart|3|vue|0|dist|173"
12:58:52 "HMT|AP|appui|0|vivant|1|captif|0|etat|HEALTHY|degats|0|position|[1884,5381,0]"
12:58:52 "HMT|AP|appui|1|vivant|1|captif|0|etat|HEALTHY|degats|0|position|[1884,5391,0]"
12:58:52 "HMT|AP|appui|2|vivant|1|captif|0|etat|HEALTHY|degats|0|position|[1884,5401,0]"
12:58:52 "HMT|AP|essai|2|1|terrain|0|delivre|141|delivre2|1054|combat|6|armes|9|cap0|6,6,6,0/3,3,3,0|cap1|6,6,6,0/3,3,3,0/res307|coupsdef|683|coupsapp|289|murs|118|corps|59|angle|-1|refus|0|vise|-1|supp|0.451|vivants|6|4"
12:59:07 "HMT|AP|GROUPE|bras|3|effectif|3|memegroupe|3|chef_est_appui|1|chef_nul|0|chef_vivant|1|prets|1|mode|RED|comport|COMBAT|apn_avant|16"
13:01:07 "HMT|AP|appui|0|vivant|1|captif|0|etat|HEALTHY|degats|0|position|[1884,5381,0]"
13:01:07 "HMT|AP|appui|1|vivant|1|captif|0|etat|HEALTHY|degats|0|position|[1884,5391,0]"
13:01:07 "HMT|AP|appui|2|vivant|1|captif|0|etat|HEALTHY|degats|0|position|[1884,5401,0]"
13:01:07 "HMT|AP|essai|3|1|terrain|0|delivre|79|delivre2|577|combat|6|armes|9|cap0|6,6,6,0/3,3,3,1|cap1|6,6,6,0/3,3,3,0/res306|coupsdef|496|coupsapp|259|murs|93|corps|141|angle|-1|refus|0|vise|-1|supp|0.761|vivants|6|4"
13:01:22 "HMT|AP|GROUPE|bras|2|effectif|3|memegroupe|3|chef_est_appui|1|chef_nul|0|chef_vivant|1|prets|0|mode|RED|comport|COMBAT|apn_avant|20"
13:01:22 "HMT|AP|BALLE|0|0|cible|SuppressTarget|ecart|3|vue|0|dist|173"
13:01:22 "HMT|AP|BALLE|0|1|cible|O_Soldier_F|ecart|27|vue|0|dist|173"
13:01:22 "HMT|AP|BALLE|0|2|cible|nulle|ecart|3|vue|0|dist|173"
13:01:26 "HMT|AP|BALLE|0|0|cible|SuppressTarget|ecart|5|vue|0|dist|125"
13:01:26 "HMT|AP|BALLE|0|1|cible|O_Soldier_F|ecart|27|vue|0|dist|125"
13:01:26 "HMT|AP|BALLE|0|2|cible|nulle|ecart|5|vue|0|dist|125"
13:01:30 "HMT|AP|BALLE|0|0|cible|SuppressTarget|ecart|4|vue|0|dist|141"
13:01:30 "HMT|AP|BALLE|0|1|cible|nulle|ecart|27|vue|0|dist|141"
13:01:30 "HMT|AP|BALLE|0|2|cible|nulle|ecart|4|vue|0|dist|141"
13:01:34 "HMT|AP|BALLE|0|0|cible|SuppressTarget|ecart|3|vue|0|dist|189"
13:01:34 "HMT|AP|BALLE|0|1|cible|SuppressTarget|ecart|27|vue|0|dist|189"
13:01:34 "HMT|AP|BALLE|0|2|cible|nulle|ecart|3|vue|0|dist|189"
13:01:38 "HMT|AP|BALLE|0|0|cible|SuppressTarget|ecart|3|vue|0|dist|189"
13:01:38 "HMT|AP|BALLE|0|1|cible|SuppressTarget|ecart|27|vue|0|dist|189"
13:01:38 "HMT|AP|BALLE|0|2|cible|nulle|ecart|3|vue|0|dist|189"
13:01:42 "HMT|AP|BALLE|0|0|cible|SuppressTarget|ecart|4|vue|0|dist|141"
13:01:42 "HMT|AP|BALLE|0|1|cible|SuppressTarget|ecart|27|vue|0|dist|141"
13:01:42 "HMT|AP|BALLE|0|2|cible|O_Soldier_F|ecart|4|vue|0|dist|141"
13:01:46 "HMT|AP|BALLE|0|0|cible|SuppressTarget|ecart|3|vue|0|dist|173"
13:01:46 "HMT|AP|BALLE|0|1|cible|nulle|ecart|27|vue|0|dist|173"
13:01:46 "HMT|AP|BALLE|0|2|cible|O_Soldier_F|ecart|3|vue|0|dist|173"
13:01:50 "HMT|AP|BALLE|0|0|cible|SuppressTarget|ecart|5|vue|0|dist|125"
13:01:50 "HMT|AP|BALLE|0|1|cible|nulle|ecart|27|vue|0|dist|125"
13:01:50 "HMT|AP|BALLE|0|2|cible|O_Soldier_F|ecart|5|vue|0|dist|125"
13:01:54 "HMT|AP|BALLE|0|0|cible|SuppressTarget|ecart|5|vue|0|dist|125"
13:01:54 "HMT|AP|BALLE|0|1|cible|O_Soldier_F|ecart|27|vue|0|dist|125"
13:01:54 "HMT|AP|BALLE|0|2|cible|O_Soldier_F|ecart|5|vue|0|dist|125"
13:01:58 "HMT|AP|BALLE|0|0|cible|SuppressTarget|ecart|3|vue|0|dist|173"
13:01:58 "HMT|AP|BALLE|0|1|cible|O_Soldier_F|ecart|27|vue|0|dist|173"
13:01:58 "HMT|AP|BALLE|0|2|cible|O_Soldier_F|ecart|3|vue|0|dist|173"
13:02:02 "HMT|AP|BALLE|0|0|cible|SuppressTarget|ecart|4|vue|0|dist|157"
13:02:02 "HMT|AP|BALLE|0|1|cible|O_Soldier_F|ecart|27|vue|0|dist|157"
13:02:02 "HMT|AP|BALLE|0|2|cible|O_Soldier_F|ecart|4|vue|0|dist|157"
13:02:06 "HMT|AP|BALLE|0|0|cible|SuppressTarget|ecart|18|vue|0|dist|173"
13:02:06 "HMT|AP|BALLE|0|1|cible|O_Soldier_F|ecart|27|vue|0|dist|173"
13:02:06 "HMT|AP|BALLE|0|2|cible|O_Soldier_F|ecart|3|vue|0|dist|173"
13:02:10 "HMT|AP|BALLE|0|0|cible|O_Soldier_F|ecart|30|vue|0|dist|125"
13:02:10 "HMT|AP|BALLE|0|1|cible|O_Soldier_F|ecart|27|vue|0|dist|125"
13:02:10 "HMT|AP|BALLE|0|2|cible|O_Soldier_F|ecart|5|vue|0|dist|125"
13:02:14 "HMT|AP|BALLE|0|0|cible|O_Soldier_F|ecart|30|vue|0|dist|109"
13:02:14 "HMT|AP|BALLE|0|1|cible|nulle|ecart|27|vue|0|dist|109"
13:02:14 "HMT|AP|BALLE|0|2|cible|O_Soldier_F|ecart|5|vue|0|dist|109"
13:02:18 "HMT|AP|BALLE|0|0|cible|SuppressTarget|ecart|28|vue|0|dist|173"
13:02:18 "HMT|AP|BALLE|0|1|cible|SuppressTarget|ecart|27|vue|0|dist|173"
13:02:18 "HMT|AP|BALLE|0|2|cible|O_Soldier_F|ecart|3|vue|0|dist|173"
13:02:22 "HMT|AP|BALLE|0|0|cible|SuppressTarget|ecart|28|vue|0|dist|173"
13:02:22 "HMT|AP|BALLE|0|1|cible|SuppressTarget|ecart|27|vue|0|dist|173"
13:02:22 "HMT|AP|BALLE|0|2|cible|O_Soldier_F|ecart|3|vue|0|dist|173"
13:02:26 "HMT|AP|BALLE|0|0|cible|SuppressTarget|ecart|28|vue|0|dist|173"
13:02:26 "HMT|AP|BALLE|0|1|cible|SuppressTarget|ecart|27|vue|0|dist|173"
13:02:26 "HMT|AP|BALLE|0|2|cible|O_Soldier_F|ecart|3|vue|0|dist|173"
13:02:30 "HMT|AP|BALLE|0|0|cible|SuppressTarget|ecart|30|vue|0|dist|109"
13:02:30 "HMT|AP|BALLE|0|1|cible|nulle|ecart|27|vue|0|dist|109"
13:02:30 "HMT|AP|BALLE|0|2|cible|O_Soldier_F|ecart|5|vue|0|dist|109"
13:02:34 "HMT|AP|BALLE|0|0|cible|SuppressTarget|ecart|28|vue|0|dist|173"
13:02:34 "HMT|AP|BALLE|0|1|cible|SuppressTarget|ecart|27|vue|0|dist|173"
13:02:34 "HMT|AP|BALLE|0|2|cible|O_Soldier_F|ecart|3|vue|0|dist|173"
13:02:38 "HMT|AP|BALLE|0|0|cible|SuppressTarget|ecart|29|vue|0|dist|141"
13:02:38 "HMT|AP|BALLE|0|1|cible|O_Soldier_F|ecart|27|vue|0|dist|141"
13:02:38 "HMT|AP|BALLE|0|2|cible|O_Soldier_F|ecart|4|vue|0|dist|141"
13:02:42 "HMT|AP|BALLE|0|0|cible|SuppressTarget|ecart|28|vue|0|dist|189"
13:02:42 "HMT|AP|BALLE|0|1|cible|O_Soldier_F|ecart|27|vue|0|dist|189"
13:02:42 "HMT|AP|BALLE|0|2|cible|O_Soldier_F|ecart|3|vue|0|dist|189"
13:02:46 "HMT|AP|BALLE|0|0|cible|SuppressTarget|ecart|29|vue|0|dist|125"
13:02:46 "HMT|AP|BALLE|0|1|cible|O_Soldier_F|ecart|27|vue|0|dist|125"
13:02:46 "HMT|AP|BALLE|0|2|cible|O_Soldier_F|ecart|5|vue|0|dist|125"
13:02:50 "HMT|AP|BALLE|0|0|cible|SuppressTarget|ecart|30|vue|0|dist|109"
13:02:50 "HMT|AP|BALLE|0|1|cible|O_Soldier_F|ecart|27|vue|0|dist|109"
13:02:50 "HMT|AP|BALLE|0|2|cible|O_Soldier_F|ecart|5|vue|0|dist|109"
13:02:54 "HMT|AP|BALLE|0|0|cible|SuppressTarget|ecart|29|vue|0|dist|141"
13:02:54 "HMT|AP|BALLE|0|1|cible|O_Soldier_F|ecart|27|vue|0|dist|141"
13:02:54 "HMT|AP|BALLE|0|2|cible|O_Soldier_F|ecart|4|vue|0|dist|141"
13:02:58 "HMT|AP|BALLE|0|0|cible|SuppressTarget|ecart|29|vue|0|dist|125"
13:02:58 "HMT|AP|BALLE|0|1|cible|O_Soldier_F|ecart|27|vue|0|dist|125"
13:02:58 "HMT|AP|BALLE|0|2|cible|O_Soldier_F|ecart|5|vue|0|dist|125"
13:03:02 "HMT|AP|BALLE|0|0|cible|SuppressTarget|ecart|28|vue|0|dist|173"
13:03:02 "HMT|AP|BALLE|0|1|cible|O_Soldier_F|ecart|25|vue|0|dist|173"
13:03:02 "HMT|AP|BALLE|0|2|cible|O_Soldier_F|ecart|3|vue|0|dist|173"
13:03:06 "HMT|AP|BALLE|0|0|cible|SuppressTarget|ecart|28|vue|0|dist|189"
13:03:06 "HMT|AP|BALLE|0|1|cible|O_Soldier_F|ecart|24|vue|0|dist|189"
13:03:06 "HMT|AP|BALLE|0|2|cible|O_Soldier_F|ecart|3|vue|0|dist|189"
13:03:10 "HMT|AP|BALLE|0|0|cible|SuppressTarget|ecart|28|vue|0|dist|157"
13:03:10 "HMT|AP|BALLE|0|1|cible|O_Soldier_F|ecart|24|vue|0|dist|157"
13:03:10 "HMT|AP|BALLE|0|2|cible|O_Soldier_F|ecart|4|vue|0|dist|157"
13:03:14 "HMT|AP|BALLE|0|0|cible|SuppressTarget|ecart|30|vue|0|dist|109"
13:03:14 "HMT|AP|BALLE|0|1|cible|O_Soldier_F|ecart|24|vue|0|dist|109"
13:03:14 "HMT|AP|BALLE|0|2|cible|O_Soldier_F|ecart|5|vue|0|dist|109"
13:03:18 "HMT|AP|BALLE|0|0|cible|SuppressTarget|ecart|31|vue|0|dist|109"
13:03:18 "HMT|AP|BALLE|0|1|cible|O_Soldier_F|ecart|24|vue|0|dist|109"
13:03:18 "HMT|AP|BALLE|0|2|cible|O_Soldier_F|ecart|5|vue|0|dist|109"
13:03:22 "HMT|AP|appui|0|vivant|1|captif|0|etat|HEALTHY|degats|0|position|[1884,5381,0]"
13:03:22 "HMT|AP|appui|1|vivant|1|captif|0|etat|HEALTHY|degats|0|position|[1884,5391,0]"
13:03:22 "HMT|AP|appui|2|vivant|1|captif|0|etat|HEALTHY|degats|0|position|[1884,5401,0]"
13:03:22 "HMT|AP|essai|2|1|terrain|0|delivre|97|delivre2|709|combat|6|armes|9|cap0|6,6,6,0/3,3,3,0|cap1|6,6,6,0/3,3,3,1/res307|coupsdef|543|coupsapp|274|murs|131|corps|55|angle|-1|refus|0|vise|-1|supp|0.586|vivants|6|4"
13:03:37 "HMT|AP|GROUPE|bras|3|effectif|3|memegroupe|3|chef_est_appui|1|chef_nul|0|chef_vivant|1|prets|2|mode|RED|comport|COMBAT|apn_avant|18"
13:05:38 "HMT|AP|appui|0|vivant|1|captif|0|etat|HEALTHY|degats|0|position|[1884,5381,0]"
13:05:38 "HMT|AP|appui|1|vivant|1|captif|0|etat|HEALTHY|degats|0|position|[1884,5391,0]"
13:05:38 "HMT|AP|appui|2|vivant|1|captif|0|etat|HEALTHY|degats|0|position|[1884,5401,0]"
13:05:38 "HMT|AP|essai|3|1|terrain|0|delivre|11|delivre2|78|combat|6|armes|9|cap0|6,6,6,0/3,3,3,1|cap1|6,6,6,0/3,3,3,0/res306|coupsdef|324|coupsapp|262|murs|94|corps|106|angle|-1|refus|0|vise|-1|supp|0.758|vivants|6|4"
13:05:53 "HMT|AP|GROUPE|bras|2|effectif|3|memegroupe|3|chef_est_appui|1|chef_nul|0|chef_vivant|1|prets|0|mode|RED|comport|COMBAT|apn_avant|4"
13:05:53 "HMT|AP|BALLE|0|0|cible|O_Soldier_F|ecart|22|vue|0|dist|125"
13:05:53 "HMT|AP|BALLE|0|1|cible|O_Soldier_F|ecart|24|vue|0|dist|125"
13:05:53 "HMT|AP|BALLE|0|2|cible|nulle|ecart|5|vue|0|dist|125"
13:05:57 "HMT|AP|BALLE|0|0|cible|O_Soldier_F|ecart|21|vue|0|dist|173"
13:05:57 "HMT|AP|BALLE|0|1|cible|SuppressTarget|ecart|24|vue|0|dist|173"
13:05:57 "HMT|AP|BALLE|0|2|cible|nulle|ecart|3|vue|0|dist|173"
13:06:01 "HMT|AP|BALLE|0|0|cible|O_Soldier_F|ecart|21|vue|0|dist|189"
13:06:01 "HMT|AP|BALLE|0|1|cible|O_Soldier_F|ecart|24|vue|0|dist|189"
13:06:01 "HMT|AP|BALLE|0|2|cible|nulle|ecart|3|vue|0|dist|189"
13:06:05 "HMT|AP|BALLE|0|0|cible|O_Soldier_F|ecart|21|vue|0|dist|189"
13:06:05 "HMT|AP|BALLE|0|1|cible|SuppressTarget|ecart|24|vue|0|dist|189"
13:06:05 "HMT|AP|BALLE|0|2|cible|nulle|ecart|3|vue|0|dist|189"
13:06:09 "HMT|AP|BALLE|0|0|cible|O_Soldier_F|ecart|22|vue|0|dist|125"
13:06:09 "HMT|AP|BALLE|0|1|cible|O_Soldier_F|ecart|24|vue|0|dist|125"
13:06:09 "HMT|AP|BALLE|0|2|cible|nulle|ecart|5|vue|0|dist|125"
13:06:13 "HMT|AP|BALLE|0|0|cible|SuppressTarget|ecart|23|vue|0|dist|109"
13:06:13 "HMT|AP|BALLE|0|1|cible|O_Soldier_F|ecart|24|vue|0|dist|109"
13:06:13 "HMT|AP|BALLE|0|2|cible|nulle|ecart|5|vue|0|dist|109"
13:06:17 "HMT|AP|BALLE|0|0|cible|SuppressTarget|ecart|21|vue|0|dist|157"
13:06:17 "HMT|AP|BALLE|0|1|cible|O_Soldier_F|ecart|24|vue|0|dist|157"
13:06:17 "HMT|AP|BALLE|0|2|cible|nulle|ecart|4|vue|0|dist|157"
13:06:21 "HMT|AP|BALLE|0|0|cible|SuppressTarget|ecart|22|vue|0|dist|141"
13:06:21 "HMT|AP|BALLE|0|1|cible|O_Soldier_F|ecart|24|vue|0|dist|141"
13:06:21 "HMT|AP|BALLE|0|2|cible|nulle|ecart|4|vue|0|dist|141"
13:06:25 "HMT|AP|BALLE|0|0|cible|SuppressTarget|ecart|21|vue|0|dist|173"
13:06:25 "HMT|AP|BALLE|0|1|cible|O_Soldier_F|ecart|24|vue|0|dist|173"
13:06:25 "HMT|AP|BALLE|0|2|cible|nulle|ecart|3|vue|0|dist|173"
13:06:29 "HMT|AP|BALLE|0|0|cible|O_Soldier_F|ecart|21|vue|0|dist|189"
13:06:29 "HMT|AP|BALLE|0|1|cible|O_Soldier_F|ecart|24|vue|0|dist|189"
13:06:29 "HMT|AP|BALLE|0|2|cible|nulle|ecart|3|vue|0|dist|189"
13:06:33 "HMT|AP|BALLE|0|0|cible|O_Soldier_F|ecart|21|vue|0|dist|157"
13:06:33 "HMT|AP|BALLE|0|1|cible|O_Soldier_F|ecart|24|vue|0|dist|157"
13:06:33 "HMT|AP|BALLE|0|2|cible|nulle|ecart|4|vue|0|dist|157"
13:06:37 "HMT|AP|BALLE|0|0|cible|SuppressTarget|ecart|23|vue|0|dist|109"
13:06:37 "HMT|AP|BALLE|0|1|cible|O_Soldier_F|ecart|24|vue|0|dist|109"
13:06:37 "HMT|AP|BALLE|0|2|cible|nulle|ecart|5|vue|0|dist|109"
13:06:41 "HMT|AP|BALLE|0|0|cible|SuppressTarget|ecart|22|vue|0|dist|125"
13:06:41 "HMT|AP|BALLE|0|1|cible|O_Soldier_F|ecart|24|vue|0|dist|125"
13:06:41 "HMT|AP|BALLE|0|2|cible|nulle|ecart|5|vue|0|dist|125"
13:06:45 "HMT|AP|BALLE|0|0|cible|O_Soldier_F|ecart|22|vue|0|dist|125"
13:06:45 "HMT|AP|BALLE|0|1|cible|O_Soldier_F|ecart|24|vue|0|dist|125"
13:06:45 "HMT|AP|BALLE|0|2|cible|nulle|ecart|5|vue|0|dist|125"
13:06:49 "HMT|AP|BALLE|0|0|cible|O_Soldier_F|ecart|21|vue|0|dist|189"
13:06:49 "HMT|AP|BALLE|0|1|cible|O_Soldier_F|ecart|24|vue|0|dist|189"
13:06:49 "HMT|AP|BALLE|0|2|cible|nulle|ecart|3|vue|0|dist|189"
13:06:53 "HMT|AP|BALLE|0|0|cible|SuppressTarget|ecart|23|vue|0|dist|109"
13:06:53 "HMT|AP|BALLE|0|1|cible|nulle|ecart|24|vue|0|dist|109"
13:06:53 "HMT|AP|BALLE|0|2|cible|nulle|ecart|5|vue|0|dist|109"
13:06:57 "HMT|AP|BALLE|0|0|cible|SuppressTarget|ecart|21|vue|0|dist|157"
13:06:57 "HMT|AP|BALLE|0|1|cible|O_Soldier_F|ecart|24|vue|0|dist|157"
13:06:57 "HMT|AP|BALLE|0|2|cible|nulle|ecart|4|vue|0|dist|157"
13:07:01 "HMT|AP|BALLE|0|0|cible|SuppressTarget|ecart|23|vue|0|dist|109"
13:07:01 "HMT|AP|BALLE|0|1|cible|SuppressTarget|ecart|24|vue|0|dist|109"
13:07:01 "HMT|AP|BALLE|0|2|cible|nulle|ecart|5|vue|0|dist|109"
13:07:05 "HMT|AP|BALLE|0|0|cible|SuppressTarget|ecart|22|vue|0|dist|125"
13:07:05 "HMT|AP|BALLE|0|1|cible|O_Soldier_F|ecart|24|vue|0|dist|125"
13:07:05 "HMT|AP|BALLE|0|2|cible|nulle|ecart|5|vue|0|dist|125"
13:07:09 "HMT|AP|BALLE|0|0|cible|SuppressTarget|ecart|22|vue|0|dist|125"
13:07:09 "HMT|AP|BALLE|0|1|cible|nulle|ecart|24|vue|0|dist|125"
13:07:09 "HMT|AP|BALLE|0|2|cible|nulle|ecart|5|vue|0|dist|125"
13:07:13 "HMT|AP|BALLE|0|0|cible|SuppressTarget|ecart|21|vue|0|dist|157"
13:07:13 "HMT|AP|BALLE|0|1|cible|SuppressTarget|ecart|24|vue|0|dist|157"
13:07:13 "HMT|AP|BALLE|0|2|cible|nulle|ecart|4|vue|0|dist|157"
13:07:17 "HMT|AP|BALLE|0|0|cible|O_Soldier_F|ecart|21|vue|0|dist|173"
13:07:17 "HMT|AP|BALLE|0|1|cible|O_Soldier_F|ecart|24|vue|0|dist|173"
13:07:17 "HMT|AP|BALLE|0|2|cible|nulle|ecart|3|vue|0|dist|173"
13:07:21 "HMT|AP|BALLE|0|0|cible|O_Soldier_F|ecart|21|vue|0|dist|157"
13:07:21 "HMT|AP|BALLE|0|1|cible|O_Soldier_F|ecart|24|vue|0|dist|157"
13:07:21 "HMT|AP|BALLE|0|2|cible|nulle|ecart|4|vue|0|dist|157"
13:07:25 "HMT|AP|BALLE|0|0|cible|O_Soldier_F|ecart|22|vue|0|dist|141"
13:07:25 "HMT|AP|BALLE|0|1|cible|nulle|ecart|24|vue|0|dist|141"
13:07:25 "HMT|AP|BALLE|0|2|cible|nulle|ecart|4|vue|0|dist|141"
13:07:29 "HMT|AP|BALLE|0|0|cible|O_Soldier_F|ecart|21|vue|0|dist|157"
13:07:29 "HMT|AP|BALLE|0|1|cible|nulle|ecart|24|vue|0|dist|157"
13:07:29 "HMT|AP|BALLE|0|2|cible|nulle|ecart|4|vue|0|dist|157"
13:07:33 "HMT|AP|BALLE|0|0|cible|O_Soldier_F|ecart|23|vue|0|dist|109"
13:07:33 "HMT|AP|BALLE|0|1|cible|SuppressTarget|ecart|24|vue|0|dist|109"
13:07:33 "HMT|AP|BALLE|0|2|cible|nulle|ecart|5|vue|0|dist|109"
13:07:37 "HMT|AP|BALLE|0|0|cible|O_Soldier_F|ecart|23|vue|0|dist|109"
13:07:37 "HMT|AP|BALLE|0|1|cible|O_Soldier_F|ecart|24|vue|0|dist|109"
13:07:37 "HMT|AP|BALLE|0|2|cible|nulle|ecart|5|vue|0|dist|109"
13:07:41 "HMT|AP|BALLE|0|0|cible|O_Soldier_F|ecart|22|vue|0|dist|125"
13:07:41 "HMT|AP|BALLE|0|1|cible|O_Soldier_F|ecart|24|vue|0|dist|125"
13:07:41 "HMT|AP|BALLE|0|2|cible|nulle|ecart|5|vue|0|dist|125"
13:07:45 "HMT|AP|BALLE|0|0|cible|O_Soldier_F|ecart|22|vue|0|dist|125"
13:07:45 "HMT|AP|BALLE|0|1|cible|nulle|ecart|63|vue|0|dist|125"
13:07:45 "HMT|AP|BALLE|0|2|cible|nulle|ecart|5|vue|0|dist|125"
13:07:49 "HMT|AP|BALLE|0|0|cible|SuppressTarget|ecart|23|vue|0|dist|109"
13:07:49 "HMT|AP|BALLE|0|1|cible|SuppressTarget|ecart|30|vue|0|dist|109"
13:07:49 "HMT|AP|BALLE|0|2|cible|nulle|ecart|5|vue|0|dist|109"
13:07:53 "HMT|AP|appui|0|vivant|1|captif|0|etat|HEALTHY|degats|0|position|[1884,5381,0]"
13:07:53 "HMT|AP|appui|1|vivant|1|captif|0|etat|HEALTHY|degats|0|position|[1884,5391,0]"
13:07:53 "HMT|AP|appui|2|vivant|1|captif|0|etat|HEALTHY|degats|0|position|[1884,5401,0]"
13:07:53 "HMT|AP|essai|2|1|terrain|0|delivre|36|delivre2|260|combat|6|armes|9|cap0|6,6,6,0/3,3,3,0|cap1|6,6,6,0/3,3,3,0/res307|coupsdef|433|coupsapp|252|murs|98|corps|61|angle|-1|refus|0|vise|-1|supp|0.526|vivants|6|4"
13:08:08 "HMT|AP|GROUPE|bras|3|effectif|3|memegroupe|3|chef_est_appui|1|chef_nul|0|chef_vivant|1|prets|1|mode|RED|comport|COMBAT|apn_avant|13"
13:10:09 "HMT|AP|appui|0|vivant|1|captif|0|etat|HEALTHY|degats|0|position|[1884,5381,0]"
13:10:09 "HMT|AP|appui|1|vivant|1|captif|0|etat|HEALTHY|degats|0|position|[1884,5391,0]"
13:10:09 "HMT|AP|appui|2|vivant|1|captif|0|etat|HEALTHY|degats|0|position|[1884,5401,0]"
13:10:09 "HMT|AP|essai|3|1|terrain|0|delivre|31|delivre2|230|combat|6|armes|9|cap0|6,6,6,0/3,3,3,0|cap1|6,6,6,0/3,3,3,0/res306|coupsdef|486|coupsapp|244|murs|85|corps|92|angle|-1|refus|0|vise|-1|supp|0.486|vivants|6|4"
13:10:17 "HMT|AP|terrain_fini|0"
13:10:17 "HMT|AP|TERMINE|session|1"
