[S_API] SteamAPI_Init(): Loaded '/home/younes/.steam/debian-installation/linux64/steamclient.so' OK.
Setting breakpad minidump AppID = 107410
SteamInternal_SetMinidumpSteamID:  Caching Steam ID:  76561198116645428 [API loaded no]
18:07:11 Steam beta branch: none
18:07:11 Detected number of DLCs: 24
18:07:11 ---------------------------------------------------------- Game ----------------------------------------------------------
18:07:11                                                                name      appId   owned  installed  available   isDlc
18:07:11                                                              Arma 3     107410     yes        yes        yes      no
18:07:11                                                             Unknown         -1      no         no         no     yes
18:07:11 ---------------------------------------------------------- Dlcs ----------------------------------------------------------
18:07:11  index                                                         name      appId   owned  installed  available   isDlc
18:07:11      0                                                  Arma 3 Maps     249861      no         no         no     yes
18:07:11      1                                        Arma 3 Tactical Guide     249862      no         no         no     yes
18:07:11      2                                                  Arma 3 Zeus     275700     yes        yes        yes     yes
18:07:11      3                                                 Arma 3 Karts     288520      no         no        yes     yes
18:07:11      4                                           Arma 3 Helicopters     304380      no         no        yes     yes
18:07:11      5                                          Arma 3 DLC Bundle 1     304400      no         no         no     yes
18:07:11      6                                              Arma 3 Marksmen     332350      no         no        yes     yes
18:07:11      7                                                  Arma 3 Apex     395180     yes        yes        yes     yes
18:07:11      8                                           Arma 3 Laws of War     571710      no         no        yes     yes
18:07:11      9                                                  Arma 3 Jets     601670      no         no        yes     yes
18:07:11     10                                          Arma 3 DLC Bundle 2     612480      no         no         no     yes
18:07:11     11                                                Arma 3 Malden     639600     yes        yes        yes     yes
18:07:11     12                                  Arma 3 Tac-Ops Mission Pack     744950      no         no        yes     yes
18:07:11     13                                                 Arma 3 Tanks     798390      no         no        yes     yes
18:07:11     14                                               Arma 3 Contact    1021790      no         no        yes     yes
18:07:11     15   Arma 3 Creator DLC: Global Mobilization - Cold War Germany    1042220      no         no        yes     yes
18:07:11     16                           Arma 3 Creator DLC: Spearhead 1944    1175380      no         no        yes     yes
18:07:11     17                      Arma 3 Creator DLC: S.O.G. Prairie Fire    1227700      no         no        yes     yes
18:07:11     18                        Arma 3 Creator DLC: CSLA Iron Curtain    1294440      no         no        yes     yes
18:07:11     19                                            Arma 3 Art of War    1325500     yes        yes        yes     yes
18:07:11     20                           Arma 3 Creator DLC: Western Sahara    1681170      no         no        yes     yes
18:07:11     21                          Arma 3 Creator DLC: Reaction Forces    2647760      no         no        yes     yes
18:07:11     22                     Arma 3 Creator DLC: Expeditionary Forces    2647830      no         no        yes     yes
18:07:11     23                                                  Arma 3 Pass    4198200      no         no        yes     yes
18:07:11 --------------------------------------------------------------------------------------------------------------------------
18:07:11 Entering off-line mode. Callbacks and content list updates will not work.
18:07:12 Initializing stats manager.
18:07:12 Stats config disabled.
18:07:12 sessionID: 941348b69e2827493705bd8320b495b1974625ed
18:07:17 Unsupported language English in stringtable
18:07:17  ➥ Context: rhsafrf\addons\rhs_main\stringtable.xml
18:07:20 Skipped loading of addon 'cba_xeh_csla' as required addon 'CSLA' is not present
18:07:20 Skipped loading of addon 'cba_xeh_contact' as required addon 'A3_Data_F_Contact' is not present
18:07:20 Skipped loading of addon 'cba_jam_rf' as required addon 'RF_Data_Loadorder' is not present
18:07:20 Skipped loading of addon 'cba_jam_csla' as required addon 'CSLA' is not present
18:07:20 Skipped loading of addon 'cba_jam_vn' as required addon 'loadorder_f_vietnam' is not present
18:07:20 Skipped loading of addon 'cba_jam_gm' as required addon 'gm_weapons_launchers_carlgustaf' is not present
18:07:20 Skipped loading of addon 'cba_xeh_ws' as required addon 'data_f_lxWS' is not present
18:07:20 Skipped loading of addon 'cba_jr_gm' as required addon 'gm_weapons_attachments_optics_feroz24' is not present
18:07:20 Skipped loading of addon 'cba_jam_ws' as required addon 'data_f_lxWS_Loadorder' is not present
18:07:20 Skipped loading of addon 'cba_jam_spe' as required addon 'WW2_SPE_Core_c_ZZZ_LastLoaded_c' is not present
18:07:20 Skipped loading of addon 'cba_xeh_sog' as required addon 'loadorder_f_vietnam' is not present
18:07:20 Updating base class RscShortcutButton->RscButton, by a3\editor_f\config.bin/RscDisplayEditObject/Controls/B_OK/ (original bin\config.bin)
18:07:20 Updating base class RscSliderH->RscXSliderH, by a3\editor_f\config.bin/RscDisplayEditObject/Slider/ (original bin\config.bin)
18:07:20 Updating base class RscText->RscPicture, by a3\editor_f\config.bin/RscDisplayEditObject/Preview/ (original bin\config.bin)
18:07:20 Updating base class RscShortcutButton->RscButton, by a3\editor_f\config.bin/RscDisplayMissionLoad/Controls/B_OK/ (original bin\config.bin)
18:07:20 Updating base class RscShortcutButton->RscButton, by a3\editor_f\config.bin/RscDisplayMissionSave/Controls/B_OK/ (original bin\config.bin)
18:07:20 Updating base class ->RscControlsGroup, by a3\ui_f\config.bin/RscControlsGroupNoScrollbars/ (original a3\ui_f\config.bin)
18:07:20 Updating base class ->RscControlsGroup, by a3\ui_f\config.bin/RscControlsGroupNoHScrollbars/ (original a3\ui_f\config.bin)
18:07:20 Updating base class ->RscControlsGroup, by a3\ui_f\config.bin/RscControlsGroupNoVScrollbars/ (original a3\ui_f\config.bin)
18:07:20 Updating base class ->RscText, by a3\ui_f\config.bin/RscLine/ (original a3\ui_f\config.bin)
18:07:20 Updating base class ->RscActiveText, by a3\ui_f\config.bin/RscActivePicture/ (original a3\ui_f\config.bin)
18:07:20 Updating base class ->RscButton, by a3\ui_f\config.bin/RscButtonTextOnly/ (original a3\ui_f\config.bin)
18:07:20 Updating base class ->RscShortcutButton, by a3\ui_f\config.bin/RscShortcutButtonMain/ (original a3\ui_f\config.bin)
18:07:20 Updating base class ->RscShortcutButton, by a3\ui_f\config.bin/RscButtonEditor/ (original a3\ui_f\config.bin)
18:07:20 Updating base class ->RscShortcutButton, by a3\ui_f\config.bin/RscIGUIShortcutButton/ (original a3\ui_f\config.bin)
18:07:20 Updating base class ->RscShortcutButton, by a3\ui_f\config.bin/RscGearShortcutButton/ (original a3\ui_f\config.bin)
18:07:20 Updating base class ->RscShortcutButton, by a3\ui_f\config.bin/RscButtonMenu/ (original a3\ui_f\config.bin)
18:07:20 Updating base class ->RscButtonMenu, by a3\ui_f\config.bin/RscButtonMenuOK/ (original a3\ui_f\config.bin)
18:07:20 Updating base class ->RscButtonMenu, by a3\ui_f\config.bin/RscButtonMenuCancel/ (original a3\ui_f\config.bin)
18:07:20 Updating base class ->RscButtonMenu, by a3\ui_f\config.bin/RscButtonMenuSteam/ (original a3\ui_f\config.bin)
18:07:20 Updating base class ->RscText, by a3\ui_f\config.bin/RscLoadingText/ (original a3\ui_f\config.bin)
18:07:20 Updating base class ->RscListBox, by a3\ui_f\config.bin/RscIGUIListBox/ (original a3\ui_f\config.bin)
18:07:20 Updating base class ->RscListNBox, by a3\ui_f\config.bin/RscIGUIListNBox/ (original a3\ui_f\config.bin)
18:07:20 Updating base class ->RscText, by a3\ui_f\config.bin/RscBackground/ (original a3\ui_f\config.bin)
18:07:20 Updating base class ->RscText, by a3\ui_f\config.bin/RscBackgroundGUI/ (original a3\ui_f\config.bin)
18:07:20 Updating base class ->RscPicture, by a3\ui_f\config.bin/RscBackgroundGUILeft/ (original a3\ui_f\config.bin)
18:07:20 Updating base class ->RscPicture, by a3\ui_f\config.bin/RscBackgroundGUIRight/ (original a3\ui_f\config.bin)
18:07:20 Updating base class ->RscPicture, by a3\ui_f\config.bin/RscBackgroundGUIBottom/ (original a3\ui_f\config.bin)
18:07:20 Updating base class ->RscText, by a3\ui_f\config.bin/RscBackgroundGUITop/ (original a3\ui_f\config.bin)
18:07:20 Updating base class ->RscText, by a3\ui_f\config.bin/RscBackgroundGUIDark/ (original a3\ui_f\config.bin)
18:07:20 Updating base class ->RscPictureKeepAspect, by a3\ui_f\config.bin/RscBackgroundLogo/ (original a3\ui_f\config.bin)
18:07:20 Updating base class ->RscMapControl, by a3\ui_f\config.bin/RscMapControlEmpty/ (original a3\ui_f\config.bin)
18:07:20 Updating base class ->RscPicture, by a3\ui_f\config.bin/CA_Mainback/ (original a3\ui_f\config.bin)
18:07:20 Updating base class ->CA_Mainback, by a3\ui_f\config.bin/CA_Back/ (original a3\ui_f\config.bin)
18:07:20 Updating base class ->CA_Mainback, by a3\ui_f\config.bin/CA_Title_Back/ (original a3\ui_f\config.bin)
18:07:20 Updating base class ->CA_Mainback, by a3\ui_f\config.bin/CA_Black_Back/ (original a3\ui_f\config.bin)
18:07:20 Updating base class ->RscTitle, by a3\ui_f\config.bin/CA_Title/ (original a3\ui_f\config.bin)
18:07:20 Updating base class ->RscPictureKeepAspect, by a3\ui_f\config.bin/CA_Logo/ (original a3\ui_f\config.bin)
18:07:20 Updating base class ->CA_Logo, by a3\ui_f\config.bin/CA_Logo_Small/ (original a3\ui_f\config.bin)
18:07:20 Updating base class ->RscButton, by a3\ui_f\config.bin/CA_RscButton/ (original a3\ui_f\config.bin)
18:07:20 Updating base class ->CA_RscButton, by a3\ui_f\config.bin/CA_RscButton_dialog/ (original a3\ui_f\config.bin)
18:07:20 Updating base class ->RscActiveText, by a3\ui_f\config.bin/CA_Ok/ (original a3\ui_f\config.bin)
18:07:20 Updating base class ->RscText, by a3\ui_f\config.bin/CA_Ok_image/ (original a3\ui_f\config.bin)
18:07:20 Updating base class ->RscText, by a3\ui_f\config.bin/CA_Ok_image2/ (original a3\ui_f\config.bin)
18:07:20 Updating base class ->RscText, by a3\ui_f\config.bin/CA_Ok_text/ (original a3\ui_f\config.bin)
18:07:20 Updating base class ->RscPicture, by a3\ui_f\config.bin/RscVignette/ (original a3\ui_f\config.bin)
18:07:20 Updating base class ->RscControlsGroupNoScrollbars, by a3\ui_f\config.bin/RscMapControlTooltip/ (original a3\ui_f\config.bin)
18:07:20 Updating base class RscUnitInfo->RscUnitInfoAirNoWeapon, by a3\ui_f\config.bin/RscInGameUI/RscUnitInfoAir/ (original a3\ui_f\config.bin)
18:07:20 Updating base class RscControlsGroup->RscControlsGroupNoScrollbars, by a3\ui_f\config.bin/RscInGameUI/RscTaskOverview/controls/TaskOverviewAssigned/ (original bin\config.bin)
18:07:20 Updating base class RscShortcutButton->RscButtonMenu, by a3\ui_f\config.bin/RscDisplayDebug/Controls/B_OK/ (original bin\config.bin)
18:07:20 Updating base class RscShortcutButton->RscButtonMenu, by a3\ui_f\config.bin/RscDisplayDebug/Controls/B_Cancel/ (original bin\config.bin)
18:07:20 Updating base class RscShortcutButton->RscButtonMenu, by a3\ui_f\config.bin/RscDisplayDebug/Controls/B_Clear/ (original bin\config.bin)
18:07:20 Updating base class ->RscText, by a3\ui_f\config.bin/RscDisplayCapture/controls/TimeLines/ (original bin\config.bin)
18:07:20 Updating base class RscShortcutButton->RscButtonMenu, by a3\ui_f\config.bin/RscDisplayCapture/controls/ButtonAverages/ (original bin\config.bin)
18:07:20 Updating base class RscShortcutButton->RscButtonMenu, by a3\ui_f\config.bin/RscDisplayCapture/controls/ButtonSavePreviousData/ (original bin\config.bin)
18:07:20 Updating base class RscShortcutButton->RscButtonMenu, by a3\ui_f\config.bin/RscDisplayCapture/controls/ButtonPreviousData/ (original bin\config.bin)
18:07:20 Updating base class RscPicture->RscPictureKeepAspect, by a3\ui_f\config.bin/RscDisplayMain/IconPicture/ (original bin\config.bin)
18:07:20 Updating base class IconPicture->RscPictureKeepAspect, by a3\ui_f\config.bin/RscDisplayMain/DlcOwnedIconPicture/ (original a3\ui_f\config.bin)
18:07:20 Updating base class IconPicture->RscPictureKeepAspect, by a3\ui_f\config.bin/RscDisplayMain/DlcIconPicture/ (original a3\ui_f\config.bin)
18:07:20 Updating base class RscControlsGroup->RscControlsGroupNoScrollbars, by a3\ui_f\config.bin/RscDisplayCampaignLoad/controls/OverviewGroup/ (original bin\config.bin)
18:07:20 Updating base class RscButton->RscButtonSearch, by a3\ui_f\config.bin/RscDisplayCampaignLoad/controls/SearchButton/ (original bin\config.bin)
18:07:20 Updating base class RscShortcutButton->RscButtonMenuCancel, by a3\ui_f\config.bin/RscDisplayCampaignLoad/controls/ButtonCancel/ (original bin\config.bin)
18:07:20 Updating base class RscShortcutButton->RscButtonMenu, by a3\ui_f\config.bin/RscDisplayCampaignLoad/controls/ButtonGameOptions/ (original bin\config.bin)
18:07:20 Updating base class RscShortcutButton->RscButtonMenuSteam, by a3\ui_f\config.bin/RscDisplayCampaignLoad/controls/ButtonBuyDLC/ (original bin\config.bin)
18:07:20 Updating base class RscShortcutButton->RscButtonMenu, by a3\ui_f\config.bin/RscDisplayCampaignLoad/controls/ButtonRevert/ (original bin\config.bin)
18:07:20 Updating base class RscShortcutButton->RscButtonMenuOK, by a3\ui_f\config.bin/RscDisplayCampaignLoad/controls/ButtonOK/ (original bin\config.bin)
18:07:20 Updating base class RscListBox->RscCombo, by a3\ui_f\config.bin/RscDisplayCustomizeController/Steepness/ (original bin\config.bin)
18:07:20 Updating base class ->RscStandardDisplay, by a3\ui_f\config.bin/RscDisplayControlSchemes/ (original bin\config.bin)
18:07:20 Updating base class ButtonOK->RscButtonMenuCancel, by a3\ui_f\config.bin/RscDisplayControlSchemes/controls/ButtonCancel/ (original bin\config.bin)
18:07:20 Updating base class RscButton->RscButtonMenuOK, by a3\ui_f\config.bin/RscDisplayControlSchemes/controls/ButtonOK/ (original bin\config.bin)
18:07:20 Updating base class RscPicture->RscPictureKeepAspect, by a3\ui_f\config.bin/RscDisplayFileSelectImage/controls/OverviewPicture/ (original bin\config.bin)
18:07:20 Updating base class RscShortcutButton->RscButtonMenuCancel, by a3\ui_f\config.bin/RscDisplayFieldManual/Controls/ButtonCancel/ (original bin\config.bin)
18:07:20 Cannot delete class B_KickOff, it is referenced somewhere (used as a base class probably).
18:07:20 Updating base class RscButton->RscButtonMenuCancel, by a3\ui_f\config.bin/RscDisplayPublishMission/controls/ButtonCancel/ (original bin\config.bin)
18:07:20 Updating base class RscShortcutButton->RscButtonMenuOK, by a3\ui_f\config.bin/RscDisplayPublishMissionSelectTags/controls/ButtonOK/ (original bin\config.bin)
18:07:20 Updating base class ButtonOK->RscButtonMenuCancel, by a3\ui_f\config.bin/RscDisplayPublishMissionSelectTags/controls/ButtonCancel/ (original bin\config.bin)
18:07:20 Updating base class ->RscSubmenu, by a3\ui_f\config.bin/RscMainMenu/ (original bin\config.bin)
18:07:20 Updating base class ->DistanceClose, by a3\ui_f\config.bin/CfgSimpleTasks/Icon3D/DistanceMid/ (original bin\config.bin)
18:07:20 Updating base class ->DistanceClose, by a3\ui_f\config.bin/CfgSimpleTasks/Icon3D/DistanceLong/ (original bin\config.bin)
18:07:20 Updating base class ->ctrlDefaultText, by a3\3den\config.bin/ctrlStatic/ (original a3\3den\config.bin)
18:07:20 Updating base class ->ctrlActiveText, by a3\3den\config.bin/ctrlActivePicture/ (original a3\3den\config.bin)
18:07:20 Updating base class ->ctrlDefaultText, by a3\3den\config.bin/ctrlStructuredText/ (original a3\3den\config.bin)
18:07:20 Updating base class ->ctrlControlsGroup, by a3\3den\config.bin/ctrlControlsGroupNoScrollbars/ (original a3\3den\config.bin)
18:07:20 Updating base class ->ctrlDefault, by a3\3den\config.bin/ctrlCheckbox/ (original a3\3den\config.bin)
18:07:20 Updating base class ->ctrlCheckbox, by a3\3den\config.bin/ctrlCheckboxBaseline/ (original a3\3den\config.bin)
18:07:21 Updating base class RscText->ctrlStaticBackgroundDisable, by a3\3den\config.bin/RscDisplayOptionsAudio/ControlsBackground/BackgroundDisable/ (original a3\3den\config.bin)
18:07:21 Updating base class RscText->ctrlStaticBackgroundDisableTiles, by a3\3den\config.bin/RscDisplayOptionsAudio/ControlsBackground/BackgroundDisableTiles/ (original a3\3den\config.bin)
18:07:21 Updating base class RscText->ctrlStaticBackgroundDisable, by a3\3den\config.bin/RscDisplayConfigure/ControlsBackground/BackgroundDisable/ (original a3\3den\config.bin)
18:07:21 Updating base class RscText->ctrlStaticBackgroundDisableTiles, by a3\3den\config.bin/RscDisplayConfigure/ControlsBackground/BackgroundDisableTiles/ (original a3\3den\config.bin)
18:07:21 Updating base class RscText->ctrlStaticBackgroundDisable, by a3\3den\config.bin/RscDisplayConfigureAction/ControlsBackground/BackgroundDisable/ (original a3\3den\config.bin)
18:07:21 Updating base class RscText->ctrlStaticBackgroundDisableTiles, by a3\3den\config.bin/RscDisplayConfigureAction/ControlsBackground/BackgroundDisableTiles/ (original a3\3den\config.bin)
18:07:21 Updating base class RscText->ctrlStaticBackgroundDisable, by a3\3den\config.bin/RscDisplayConfigureControllers/ControlsBackground/BackgroundDisable/ (original a3\3den\config.bin)
18:07:21 Updating base class RscText->ctrlStaticBackgroundDisableTiles, by a3\3den\config.bin/RscDisplayConfigureControllers/ControlsBackground/BackgroundDisableTiles/ (original a3\3den\config.bin)
18:07:21 Updating base class RscText->ctrlStaticBackgroundDisable, by a3\3den\config.bin/RscDisplayGameOptions/ControlsBackground/BackgroundDisable/ (original a3\3den\config.bin)
18:07:21 Updating base class RscText->ctrlStaticBackgroundDisableTiles, by a3\3den\config.bin/RscDisplayGameOptions/ControlsBackground/BackgroundDisableTiles/ (original a3\3den\config.bin)
18:07:21 Updating base class controls->, by a3\3den\config.bin/RscDisplayArcadeMap_Layout_2/Controls/ (original a3\ui_f\config.bin)
18:07:21 Updating base class controls->, by a3\3den\config.bin/RscDisplayArcadeMap_Layout_6/Controls/ (original a3\ui_f\config.bin)
18:07:21 Updating base class ->ctrlControlsGroupNoScrollbars, by a3\3den\config.bin/Cfg3DEN/Attributes/Default/ (original a3\3den\config.bin)
18:07:21 Updating base class ->ctrlStatic, by a3\3den\config.bin/Cfg3DEN/Attributes/Title/Controls/Title/ (original a3\3den\config.bin)
18:07:21 Updating base class ->ctrlToolbox, by a3\3den\config.bin/Cfg3DEN/Attributes/Toolbox/Controls/Value/ (original a3\3den\config.bin)
18:07:21 Updating base class Mod_Base->, by a3\data_f_destroyer\config.bin/CfgMods/Jets/ (original a3\data_f_jets\config.bin)
18:07:24 Cannot open /mnt/data/harmattan-sandbox/profilesBA\OfficialServersCache\list.json
18:07:24 Canceling the list loading process, the load of the file failed: /mnt/data/harmattan-sandbox/profilesBA\OfficialServersCache\list.json
18:07:24 Initializing Steam Manager
18:07:24 unable to load subscribed content list. list will be updated from steam
18:07:24 unable to load published content list. list will be updated from steam
18:07:24 unable to load cached items meta info. save and update functionality will be broken
18:07:24 Steam Manager initialized.
18:07:24 
18:07:24 ==== Loaded addons ====
18:07:24 
18:07:24 dta/languagecore_f.pbo - 151164
18:07:24 dta/bin.pbo - 152984
18:07:24 dta/core.pbo - 129618
18:07:24 /mnt/data/harmattan-sandbox/arma3server/@PinnedDown_CoverConcealment/addons/pd_cover_concealment.pbo - unknown
18:07:24 /mnt/data/harmattan-sandbox/arma3server/@PinnedDown_BattleLines/addons/pinneddown_battlelines.pbo - unknown
18:07:24 /mnt/data/harmattan-sandbox/arma3server/@LAMBS_Danger/addons/lambs_wp.pbo - 2.6.1.502
18:07:24 /mnt/data/harmattan-sandbox/arma3server/@LAMBS_Danger/addons/lambs_eventhandlers.pbo - 2.6.1.502
18:07:24 /mnt/data/harmattan-sandbox/arma3server/@LAMBS_Danger/addons/lambs_range.pbo - 2.6.1.502
18:07:24 /mnt/data/harmattan-sandbox/arma3server/@LAMBS_Danger/addons/lambs_danger.pbo - 2.6.1.502
18:07:24 /mnt/data/harmattan-sandbox/arma3server/@LAMBS_Danger/addons/lambs_main.pbo - 2.6.1.502
18:07:24 /mnt/data/harmattan-sandbox/arma3server/@LAMBS_Danger/addons/lambs_formations.pbo - 2.6.1.502
18:07:24 /mnt/data/harmattan-sandbox/arma3server/@rhsafrf/addons/rhsusf_heavyweapons.pbo - RedHammerStudios.0.5.5.6697.r4418
18:07:24 /mnt/data/harmattan-sandbox/arma3server/@rhsafrf/addons/rhsusf_fmtv.pbo - RedHammerStudios.0.5.5.6434.r4295
18:07:24 /mnt/data/harmattan-sandbox/arma3server/@rhsafrf/addons/rhsusf_c_stryker.pbo - RedHammerStudios.0.5.6.6813.r4486
18:07:24 /mnt/data/harmattan-sandbox/arma3server/@rhsafrf/addons/rhsusf_m1165.pbo - RedHammerStudios.0.5.6.6784.r4466
18:07:24 /mnt/data/harmattan-sandbox/arma3server/@rhsafrf/addons/rhsusf_m1117.pbo - RedHammerStudios.0.5.1.5730.r3840
18:07:24 /mnt/data/harmattan-sandbox/arma3server/@rhsafrf/addons/rhsusf_c_radio.pbo - RedHammerStudios.0.5.2.5924.r3960
18:07:24 /mnt/data/harmattan-sandbox/arma3server/@rhsafrf/addons/rhsusf_f22.pbo - RedHammerStudios.0.5.1.5659.r3805
18:07:24 /mnt/data/harmattan-sandbox/arma3server/@rhsafrf/addons/rhsusf_socomauv.pbo - RedHammerStudios.0.5.5.6504.r4343
18:07:24 /mnt/data/harmattan-sandbox/arma3server/@rhsafrf/addons/rhsusf_a2port_air2.pbo - RedHammerStudios.0.5.5.6439.r4299
18:07:24 /mnt/data/harmattan-sandbox/arma3server/@rhsafrf/addons/rhsusf_c_melb.pbo - RedHammerStudios.0.5.6.6813.r4486
18:07:24 /mnt/data/harmattan-sandbox/arma3server/@rhsafrf/addons/rhsusf_props.pbo - RedHammerStudios.0.5.3.6377.r4259
18:07:24 /mnt/data/harmattan-sandbox/arma3server/@rhsafrf/addons/rhsusf_c_himars.pbo - RedHammerStudios.0.5.6.6813.r4486
18:07:24 /mnt/data/harmattan-sandbox/arma3server/@rhsafrf/addons/rhsusf_radio.pbo - RedHammerStudios.0.5.1.5659.r3805
18:07:24 /mnt/data/harmattan-sandbox/arma3server/@rhsafrf/addons/rhsusf_infantry.pbo - RedHammerStudios.0.5.5.6588.r4377
18:07:24 /mnt/data/harmattan-sandbox/arma3server/@rhsafrf/addons/rhsusf_c_weapons.pbo - RedHammerStudios.0.5.6.6810.r4484
18:07:24 /mnt/data/harmattan-sandbox/arma3server/@rhsafrf/addons/rhsusf_c_mtvr.pbo - RedHammerStudios.0.5.2.5935.r3969
18:07:24 /mnt/data/harmattan-sandbox/arma3server/@rhsafrf/addons/rhsusf_rg33.pbo - RedHammerStudios.0.5.6.6781.r4465
18:07:24 /mnt/data/harmattan-sandbox/arma3server/@rhsafrf/addons/rhsusf_hmmwv.pbo - RedHammerStudios.0.5.5.6735.r4448
18:07:24 /mnt/data/harmattan-sandbox/arma3server/@rhsafrf/addons/rhsusf_weapons2.pbo - RedHammerStudios.0.5.5.6720.r4437
18:07:24 /mnt/data/harmattan-sandbox/arma3server/@rhsafrf/addons/rhsusf_c_cougar.pbo - RedHammerStudios.0.5.6.6813.r4486
18:07:24 /mnt/data/harmattan-sandbox/arma3server/@rhsafrf/addons/rhsusf_inventoryicons.pbo - RedHammerStudios.0.5.5.6741.r4451
18:07:24 /mnt/data/harmattan-sandbox/arma3server/@rhsafrf/addons/rhsusf_c_vehiclesounds.pbo - RedHammerStudios.0.5.1.5659.r3805
18:07:24 /mnt/data/harmattan-sandbox/arma3server/@rhsafrf/addons/rhsusf_c_m1a2.pbo - RedHammerStudios.0.5.6.6801.r4479
18:07:24 /mnt/data/harmattan-sandbox/arma3server/@rhsafrf/addons/rhsusf_c_ah64.pbo - RedHammerStudios.0.5.1.5659.r3805
18:07:24 /mnt/data/harmattan-sandbox/arma3server/@rhsafrf/addons/rhsusf_m113.pbo - RedHammerStudios.0.5.4.6412.r4280
18:07:24 /mnt/data/harmattan-sandbox/arma3server/@rhsafrf/addons/rhsusf_m109.pbo - RedHammerStudios.0.5.1.5822.r3882
18:07:24 /mnt/data/harmattan-sandbox/arma3server/@rhsafrf/addons/rhsusf_c_m1a1.pbo - RedHammerStudios.0.5.6.6813.r4486
18:07:24 /mnt/data/harmattan-sandbox/arma3server/@rhsafrf/addons/rhsusf_c_f22.pbo - RedHammerStudios.0.5.1.5659.r3805
18:07:24 /mnt/data/harmattan-sandbox/arma3server/@rhsafrf/addons/rhsusf_airweapons.pbo - RedHammerStudios.0.5.5.6469.r4318
18:07:24 /mnt/data/harmattan-sandbox/arma3server/@rhsafrf/addons/rhsusf_caiman.pbo - RedHammerStudios.0.5.6.6781.r4465
18:07:24 /mnt/data/harmattan-sandbox/arma3server/@rhsafrf/addons/rhsusf_c_socomauv.pbo - RedHammerStudios.0.5.6.6813.r4486
18:07:24 /mnt/data/harmattan-sandbox/arma3server/@rhsafrf/addons/rhsusf_ch53.pbo - RedHammerStudios.0.5.5.6439.r4299
18:07:24 /mnt/data/harmattan-sandbox/arma3server/@rhsafrf/addons/rhsusf_a2port_air.pbo - RedHammerStudios.0.5.5.6505.r4344
18:07:24 /mnt/data/harmattan-sandbox/arma3server/@rhsafrf/addons/rhsusf_c_matv.pbo - RedHammerStudios.0.5.6.6813.r4486
18:07:24 /mnt/data/harmattan-sandbox/arma3server/@rhsafrf/addons/rhsusf_himars.pbo - RedHammerStudios.0.5.1.5822.r3882
18:07:24 /mnt/data/harmattan-sandbox/arma3server/@rhsafrf/addons/rhsusf_matv.pbo - RedHammerStudios.0.5.5.6744.r4453
18:07:24 /mnt/data/harmattan-sandbox/arma3server/@rhsafrf/addons/rhsusf_mtvr.pbo - RedHammerStudios.0.5.1.5659.r3805
18:07:24 /mnt/data/harmattan-sandbox/arma3server/@rhsafrf/addons/rhsusf_decals.pbo - RedHammerStudios.0.5.3.6224.r4167
18:07:24 /mnt/data/harmattan-sandbox/arma3server/@rhsafrf/addons/rhsusf_m1a1.pbo - RedHammerStudios.0.5.5.6698.r4419
18:07:24 /mnt/data/harmattan-sandbox/arma3server/@rhsafrf/addons/rhsusf_c_markvsoc.pbo - RedHammerStudios.0.5.5.6666.r4397
18:07:24 /mnt/data/harmattan-sandbox/arma3server/@rhsafrf/addons/rhsusf_c_weaponsounds.pbo - RedHammerStudios.0.5.2.5935.r3969
18:07:24 /mnt/data/harmattan-sandbox/arma3server/@rhsafrf/addons/rhsusf_editorpreviews.pbo - RedHammerStudios.0.5.6.6812.r4485
18:07:24 /mnt/data/harmattan-sandbox/arma3server/@rhsafrf/addons/rhsusf_markvsoc.pbo - RedHammerStudios.0.5.1.5659.r3805
18:07:24 /mnt/data/harmattan-sandbox/arma3server/@rhsafrf/addons/rhsusf_c_rg33l.pbo - RedHammerStudios.0.5.6.6813.r4486
18:07:24 /mnt/data/harmattan-sandbox/arma3server/@rhsafrf/addons/rhsusf_melb.pbo - RedHammerStudios.0.5.5.6444.r4303
18:07:24 /mnt/data/harmattan-sandbox/arma3server/@rhsafrf/addons/rhsusf_scopes.pbo - RedHammerStudios.0.5.5.6662.r4396
18:07:24 /mnt/data/harmattan-sandbox/arma3server/@rhsafrf/addons/rhsusf_c_m11xx.pbo - RedHammerStudios.0.5.6.6813.r4486
18:07:24 /mnt/data/harmattan-sandbox/arma3server/@rhsafrf/addons/rhsusf_commskit.pbo - RedHammerStudios.0.5.5.6531.r4358
18:07:24 /mnt/data/harmattan-sandbox/arma3server/@rhsafrf/addons/rhsusf_s_vehiclesounds.pbo - RedHammerStudios.0.5.1.5659.r3805
18:07:24 /mnt/data/harmattan-sandbox/arma3server/@rhsafrf/addons/rhsusf_hemtt_a2.pbo - RedHammerStudios.0.5.1.5659.r3805
18:07:24 /mnt/data/harmattan-sandbox/arma3server/@rhsafrf/addons/rhsusf_c_identity.pbo - RedHammerStudios.0.5.1.5659.r3805
18:07:24 /mnt/data/harmattan-sandbox/arma3server/@rhsafrf/addons/rhsusf_c_mrzr.pbo - RedHammerStudios.0.5.6.6813.r4486
18:07:24 /mnt/data/harmattan-sandbox/arma3server/@rhsafrf/addons/rhsusf_infantry2.pbo - RedHammerStudios.0.5.5.6678.r4404
18:07:24 /mnt/data/harmattan-sandbox/arma3server/@rhsafrf/addons/rhsusf_mtvr_tx.pbo - RedHammerStudios.0.5.1.5659.r3805
18:07:24 /mnt/data/harmattan-sandbox/arma3server/@rhsafrf/addons/rhsusf_c_fmtv.pbo - RedHammerStudios.0.5.6.6813.r4486
18:07:24 /mnt/data/harmattan-sandbox/arma3server/@rhsafrf/addons/rhsusf_rg33l.pbo - RedHammerStudios.0.5.5.6504.r4343
18:07:24 /mnt/data/harmattan-sandbox/arma3server/@rhsafrf/addons/rhsusf_infantry3.pbo - RedHammerStudios.0.5.1.5874.r3920
18:07:24 /mnt/data/harmattan-sandbox/arma3server/@rhsafrf/addons/rhsusf_weapon_sounds.pbo - RedHammerStudios.0.5.2.5935.r3969
18:07:24 /mnt/data/harmattan-sandbox/arma3server/@rhsafrf/addons/rhsusf_c_m1117.pbo - RedHammerStudios.0.5.6.6813.r4486
18:07:24 /mnt/data/harmattan-sandbox/arma3server/@rhsafrf/addons/rhsusf_hemtt_a4.pbo - RedHammerStudios.0.5.3.6354.r4241
18:07:24 /mnt/data/harmattan-sandbox/arma3server/@rhsafrf/addons/rhsusf_s_radio.pbo - RedHammerStudios.0.5.1.5659.r3805
18:07:24 /mnt/data/harmattan-sandbox/arma3server/@rhsafrf/addons/rhsusf_c_hemtt_a2.pbo - RedHammerStudios.0.5.1.5659.r3805
18:07:24 /mnt/data/harmattan-sandbox/arma3server/@rhsafrf/addons/rhsusf_weapons3.pbo - RedHammerStudios.0.5.6.6798.r4477
18:07:24 /mnt/data/harmattan-sandbox/arma3server/@rhsafrf/addons/rhsusf_uav.pbo - RedHammerStudios.0.5.1.5659.r3805
18:07:24 /mnt/data/harmattan-sandbox/arma3server/@rhsafrf/addons/rhsusf_c_ch53.pbo - RedHammerStudios.0.5.6.6813.r4486
18:07:24 /mnt/data/harmattan-sandbox/arma3server/@rhsafrf/addons/rhsusf_weapons.pbo - RedHammerStudios.0.5.6.6781.r4465
18:07:24 /mnt/data/harmattan-sandbox/arma3server/@rhsafrf/addons/rhsusf_c_commskit.pbo - RedHammerStudios.0.5.5.6531.r4358
18:07:24 /mnt/data/harmattan-sandbox/arma3server/@rhsafrf/addons/rhsusf_c_heavyweapons.pbo - RedHammerStudios.0.5.6.6812.r4485
18:07:24 /mnt/data/harmattan-sandbox/arma3server/@rhsafrf/addons/rhsusf_c_airweapons.pbo - RedHammerStudios.0.5.6.6805.r4481
18:07:24 /mnt/data/harmattan-sandbox/arma3server/@rhsafrf/addons/rhsusf_main.pbo - RedHammerStudios.0.5.6.6813.r4486
18:07:24 /mnt/data/harmattan-sandbox/arma3server/@rhsafrf/addons/rhsusf_a2port_car.pbo - RedHammerStudios.0.5.1.5659.r3805
18:07:24 /mnt/data/harmattan-sandbox/arma3server/@rhsafrf/addons/rhsusf_c_caiman.pbo - RedHammerStudios.0.5.6.6813.r4486
18:07:24 /mnt/data/harmattan-sandbox/arma3server/@rhsafrf/addons/rhsusf_c_a2port_car.pbo - RedHammerStudios.0.5.1.5659.r3805
18:07:24 /mnt/data/harmattan-sandbox/arma3server/@rhsafrf/addons/rhsusf_c_hmmwv.pbo - RedHammerStudios.0.5.6.6813.r4486
18:07:24 /mnt/data/harmattan-sandbox/arma3server/@rhsafrf/addons/rhsusf_dve.pbo - RedHammerStudios.0.5.1.5787.r3863
18:07:24 /mnt/data/harmattan-sandbox/arma3server/@rhsafrf/addons/rhsusf_m1a2.pbo - RedHammerStudios.0.5.6.6806.r4482
18:07:24 /mnt/data/harmattan-sandbox/arma3server/@rhsafrf/addons/rhsusf_c_props.pbo - RedHammerStudios.0.5.3.6302.r4215
18:07:24 /mnt/data/harmattan-sandbox/arma3server/@rhsafrf/addons/rhsusf_c_m113.pbo - RedHammerStudios.0.5.6.6813.r4486
18:07:24 /mnt/data/harmattan-sandbox/arma3server/@rhsafrf/addons/rhsusf_m11xx.pbo - RedHammerStudios.0.5.5.6735.r4448
18:07:24 /mnt/data/harmattan-sandbox/arma3server/@rhsafrf/addons/rhsusf_sounds.pbo - RedHammerStudios.0.5.5.6684.r4407
18:07:24 /mnt/data/harmattan-sandbox/arma3server/@rhsafrf/addons/rhsusf_s_weaponsounds.pbo - RedHammerStudios.0.5.1.5659.r3805
18:07:24 /mnt/data/harmattan-sandbox/arma3server/@rhsafrf/addons/rhsusf_optics.pbo - RedHammerStudios.0.5.6.6781.r4465
18:07:24 /mnt/data/harmattan-sandbox/arma3server/@rhsafrf/addons/rhsusf_mrzr.pbo - RedHammerStudios.0.5.5.6712.r4431
18:07:24 /mnt/data/harmattan-sandbox/arma3server/@rhsafrf/addons/rhsusf_m252.pbo - RedHammerStudios.0.5.1.5659.r3805
18:07:24 /mnt/data/harmattan-sandbox/arma3server/@rhsafrf/addons/rhsusf_c_statics.pbo - RedHammerStudios.0.5.5.6697.r4418
18:07:24 /mnt/data/harmattan-sandbox/arma3server/@rhsafrf/addons/rhsusf_stryker.pbo - RedHammerStudios.0.5.6.6781.r4465
18:07:24 /mnt/data/harmattan-sandbox/arma3server/@rhsafrf/addons/rhsusf_a2port_armor.pbo - RedHammerStudios.0.5.1.5822.r3882
18:07:24 /mnt/data/harmattan-sandbox/arma3server/@rhsafrf/addons/rhsusf_c_a2port_air.pbo - RedHammerStudios.0.5.6.6813.r4486
18:07:24 /mnt/data/harmattan-sandbox/arma3server/@rhsafrf/addons/rhsusf_c_uav.pbo - RedHammerStudios.0.5.2.5937.r3970
18:07:24 /mnt/data/harmattan-sandbox/arma3server/@rhsafrf/addons/rhsusf_ah64.pbo - RedHammerStudios.0.5.1.5659.r3805
18:07:24 /mnt/data/harmattan-sandbox/arma3server/@rhsafrf/addons/rhsusf_xmas.pbo - RedHammerStudios.0.5.1.5659.r3805
18:07:24 /mnt/data/harmattan-sandbox/arma3server/@rhsafrf/addons/rhsusf_c_a2port_armor.pbo - RedHammerStudios.0.5.6.6813.r4486
18:07:24 /mnt/data/harmattan-sandbox/arma3server/@rhsafrf/addons/rhsusf_c_hemtt_a4.pbo - RedHammerStudios.0.5.6.6813.r4486
18:07:24 /mnt/data/harmattan-sandbox/arma3server/@rhsafrf/addons/rhsusf_cougar.pbo - RedHammerStudios.0.5.6.6781.r4465
18:07:24 /mnt/data/harmattan-sandbox/arma3server/@rhsafrf/addons/rhsusf_c_m252.pbo - RedHammerStudios.0.5.2.5935.r3969
18:07:24 /mnt/data/harmattan-sandbox/arma3server/@rhsafrf/addons/rhsusf_c_m109.pbo - RedHammerStudios.0.5.6.6813.r4486
18:07:24 /mnt/data/harmattan-sandbox/arma3server/@rhsafrf/addons/rhsusf_cars.pbo - RedHammerStudios.0.5.1.5659.r3805
18:07:24 /mnt/data/harmattan-sandbox/arma3server/@rhsafrf/addons/rhsusf_muzzleflash.pbo - RedHammerStudios.0.5.5.6613.r4381
18:07:24 /mnt/data/harmattan-sandbox/arma3server/@rhsafrf/addons/rhsusf_c_rg33.pbo - RedHammerStudios.0.5.6.6813.r4486
18:07:24 /mnt/data/harmattan-sandbox/arma3server/@rhsafrf/addons/rhsusf_c_troops.pbo - RedHammerStudios.0.5.6.6785.r4467
18:07:24 /mnt/data/harmattan-sandbox/arma3server/@rhsusaf/addons/rhs_c_a2port_air.pbo - RedHammerStudios.0.5.6.6542.r4618
18:07:24 /mnt/data/harmattan-sandbox/arma3server/@rhsusaf/addons/rhs_a2port_air.pbo - RedHammerStudios.0.5.6.6533.r4609
18:07:24 /mnt/data/harmattan-sandbox/arma3server/@rhsusaf/addons/rhs_missions.pbo - RedHammerStudios.0.5.5.6123.r4369
18:07:24 /mnt/data/harmattan-sandbox/arma3server/@rhsusaf/addons/rhs_pontoon.pbo - RedHammerStudios.0.5.5.6067.r4325
18:07:24 /mnt/data/harmattan-sandbox/arma3server/@rhsusaf/addons/rhs_c_air.pbo - RedHammerStudios.0.5.6.6542.r4618
18:07:24 /mnt/data/harmattan-sandbox/arma3server/@rhsusaf/addons/rhs_pts.pbo - RedHammerStudios.0.5.2.5723.r4159
18:07:24 /mnt/data/harmattan-sandbox/arma3server/@rhsusaf/addons/rhs_inventoryicons.pbo - RedHammerStudios.0.5.6.6548.r4622
18:07:24 /mnt/data/harmattan-sandbox/arma3server/@rhsusaf/addons/rhs_editorpreviews.pbo - RedHammerStudios.0.5.6.6540.r4615
18:07:24 /mnt/data/harmattan-sandbox/arma3server/@rhsusaf/addons/rhs_vehicle_sounds.pbo - RedHammerStudios.0.5.6.6534.r4610
18:07:24 /mnt/data/harmattan-sandbox/arma3server/@rhsusaf/addons/rhs_bmp.pbo - RedHammerStudios.0.5.6.6487.r4577
18:07:24 /mnt/data/harmattan-sandbox/arma3server/@rhsusaf/addons/rhs_t80.pbo - RedHammerStudios.0.5.5.6226.r4433
18:07:24 /mnt/data/harmattan-sandbox/arma3server/@rhsusaf/addons/rhs_airweapons.pbo - RedHammerStudios.0.5.1.5533.r4092
18:07:24 /mnt/data/harmattan-sandbox/arma3server/@rhsusaf/addons/rhs_ss21_camo.pbo - RedHammerStudios.0.5.1.5533.r4092
18:07:24 /mnt/data/harmattan-sandbox/arma3server/@rhsusaf/addons/rhs_vehiclesounds.pbo - RedHammerStudios.0.5.5.6388.r4507
18:07:24 /mnt/data/harmattan-sandbox/arma3server/@rhsusaf/addons/rhs_c_radio.pbo - RedHammerStudios.0.5.5.6451.r4548
18:07:24 /mnt/data/harmattan-sandbox/arma3server/@rhsusaf/addons/rhs_a2port_armor_camo.pbo - RedHammerStudios.0.5.1.5533.r4092
18:07:24 /mnt/data/harmattan-sandbox/arma3server/@rhsusaf/addons/rhs_zil131.pbo - RedHammerStudios.0.5.5.6463.r4559
18:07:24 /mnt/data/harmattan-sandbox/arma3server/@rhsusaf/addons/rhs_main.pbo - RedHammerStudios.0.5.6.6541.r4616
18:07:24 /mnt/data/harmattan-sandbox/arma3server/@rhsusaf/addons/rhs_c_heavyweapons.pbo - RedHammerStudios.0.5.6.6547.r4621
18:07:24 /mnt/data/harmattan-sandbox/arma3server/@rhsusaf/addons/rhs_identity.pbo - RedHammerStudios.0.5.1.5533.r4092
18:07:24 /mnt/data/harmattan-sandbox/arma3server/@rhsusaf/addons/rhs_c_weapons.pbo - RedHammerStudios.0.5.6.6540.r4615
18:07:24 /mnt/data/harmattan-sandbox/arma3server/@rhsusaf/addons/rhs_accessory.pbo - RedHammerStudios.0.5.3.5882.r4217
18:07:24 /mnt/data/harmattan-sandbox/arma3server/@rhsusaf/addons/rhs_c_bmp3.pbo - RedHammerStudios.0.5.6.6542.r4618
18:07:24 /mnt/data/harmattan-sandbox/arma3server/@rhsusaf/addons/rhs_c_bmk_t.pbo - RedHammerStudios.0.5.6.6540.r4615
18:07:24 /mnt/data/harmattan-sandbox/arma3server/@rhsusaf/addons/rhs_radars.pbo - RedHammerStudios.0.5.1.5707.r4148
18:07:24 /mnt/data/harmattan-sandbox/arma3server/@rhsusaf/addons/rhs_aps.pbo - RedHammerStudios.0.5.2.5719.r4156
18:07:24 /mnt/data/harmattan-sandbox/arma3server/@rhsusaf/addons/rhs_c_cars.pbo - RedHammerStudios.0.5.6.6542.r4618
18:07:24 /mnt/data/harmattan-sandbox/arma3server/@rhsusaf/addons/rhs_optics.pbo - RedHammerStudios.0.5.6.6500.r4587
18:07:24 /mnt/data/harmattan-sandbox/arma3server/@rhsusaf/addons/rhs_c_t72.pbo - RedHammerStudios.0.5.6.6542.r4618
18:07:24 /mnt/data/harmattan-sandbox/arma3server/@rhsusaf/addons/rhs_t14.pbo - RedHammerStudios.0.5.1.5533.r4092
18:07:24 /mnt/data/harmattan-sandbox/arma3server/@rhsusaf/addons/rhs_btr80.pbo - RedHammerStudios.0.5.6.6546.r4620
18:07:24 /mnt/data/harmattan-sandbox/arma3server/@rhsusaf/addons/rhs_c_vehiclesounds.pbo - RedHammerStudios.0.5.5.6450.r4547
18:07:24 /mnt/data/harmattan-sandbox/arma3server/@rhsusaf/addons/rhs_btr80_camo.pbo - RedHammerStudios.0.5.3.5944.r4236
18:07:24 /mnt/data/harmattan-sandbox/arma3server/@rhsusaf/addons/rhs_c_btr70_camo.pbo - RedHammerStudios.0.5.1.5533.r4092
18:07:24 /mnt/data/harmattan-sandbox/arma3server/@rhsusaf/addons/rhs_c_pontoon.pbo - RedHammerStudios.0.5.6.6540.r4615
18:07:24 /mnt/data/harmattan-sandbox/arma3server/@rhsusaf/addons/rhs_t15.pbo - RedHammerStudios.0.5.5.6470.r4565
18:07:24 /mnt/data/harmattan-sandbox/arma3server/@rhsusaf/addons/rhs_weapons2.pbo - RedHammerStudios.0.5.5.6099.r4353
18:07:24 /mnt/data/harmattan-sandbox/arma3server/@rhsusaf/addons/rhs_decals.pbo - RedHammerStudios.0.5.1.5533.r4092
18:07:24 /mnt/data/harmattan-sandbox/arma3server/@rhsusaf/addons/rhs_c_btr.pbo - RedHammerStudios.0.5.6.6542.r4618
18:07:24 /mnt/data/harmattan-sandbox/arma3server/@rhsusaf/addons/rhs_a2port_armor.pbo - RedHammerStudios.0.5.5.6370.r4494
18:07:24 /mnt/data/harmattan-sandbox/arma3server/@rhsusaf/addons/rhs_c_bmd_camo.pbo - RedHammerStudios.0.5.1.5533.r4092
18:07:24 /mnt/data/harmattan-sandbox/arma3server/@rhsusaf/addons/rhs_kamaz.pbo - RedHammerStudios.0.5.6.6535.r4611
18:07:24 /mnt/data/harmattan-sandbox/arma3server/@rhsusaf/addons/rhs_t80u_camo.pbo - RedHammerStudios.0.5.1.5533.r4092
18:07:24 /mnt/data/harmattan-sandbox/arma3server/@rhsusaf/addons/rhs_ss21.pbo - RedHammerStudios.0.5.1.5533.r4092
18:07:24 /mnt/data/harmattan-sandbox/arma3server/@rhsusaf/addons/rhs_infantry3.pbo - RedHammerStudios.0.5.6.6537.r4613
18:07:24 /mnt/data/harmattan-sandbox/arma3server/@rhsusaf/addons/rhs_c_rva.pbo - RedHammerStudios.0.5.6.6542.r4618
18:07:24 /mnt/data/harmattan-sandbox/arma3server/@rhsusaf/addons/rhs_c_mi28.pbo - RedHammerStudios.0.5.6.6542.r4618
18:07:24 /mnt/data/harmattan-sandbox/arma3server/@rhsusaf/addons/rhs_bmd_camo.pbo - RedHammerStudios.0.5.1.5533.r4092
18:07:24 /mnt/data/harmattan-sandbox/arma3server/@rhsusaf/addons/rhs_c_2s1.pbo - RedHammerStudios.0.5.6.6542.r4618
18:07:24 /mnt/data/harmattan-sandbox/arma3server/@rhsusaf/addons/rhs_infantry2.pbo - RedHammerStudios.0.5.6.6514.r4597
18:07:24 /mnt/data/harmattan-sandbox/arma3server/@rhsusaf/addons/rhs_infantry.pbo - RedHammerStudios.0.5.6.6490.r4579
18:07:24 /mnt/data/harmattan-sandbox/arma3server/@rhsusaf/addons/rhs_c_bmd.pbo - RedHammerStudios.0.5.6.6542.r4618
18:07:24 /mnt/data/harmattan-sandbox/arma3server/@rhsusaf/addons/rhs_2s1.pbo - RedHammerStudios.0.5.6.6510.r4593
18:07:24 /mnt/data/harmattan-sandbox/arma3server/@rhsusaf/addons/rhs_tigr.pbo - RedHammerStudios.0.5.6.6517.r4599
18:07:24 /mnt/data/harmattan-sandbox/arma3server/@rhsusaf/addons/rhs_c_sprut.pbo - RedHammerStudios.0.5.6.6542.r4618
18:07:24 /mnt/data/harmattan-sandbox/arma3server/@rhsusaf/addons/rhs_bmk_t.pbo - RedHammerStudios.0.5.5.6062.r4320
18:07:24 /mnt/data/harmattan-sandbox/arma3server/@rhsusaf/addons/rhs_c_pts.pbo - RedHammerStudios.0.5.6.6542.r4618
18:07:24 /mnt/data/harmattan-sandbox/arma3server/@rhsusaf/addons/rhs_a3retex.pbo - RedHammerStudios.0.5.1.5533.r4092
18:07:24 /mnt/data/harmattan-sandbox/arma3server/@rhsusaf/addons/rhs_c_zil131.pbo - RedHammerStudios.0.5.6.6542.r4618
18:07:24 /mnt/data/harmattan-sandbox/arma3server/@rhsusaf/addons/rhs_c_2s3.pbo - RedHammerStudios.0.5.6.6542.r4618
18:07:24 /mnt/data/harmattan-sandbox/arma3server/@rhsusaf/addons/rhs_sprut.pbo - RedHammerStudios.0.5.1.5533.r4092
18:07:24 /mnt/data/harmattan-sandbox/arma3server/@rhsusaf/addons/rhs_a2port_car.pbo - RedHammerStudios.0.5.6.6544.r4619
18:07:24 /mnt/data/harmattan-sandbox/arma3server/@rhsusaf/addons/rhs_c_a2port_armor.pbo - RedHammerStudios.0.5.6.6542.r4618
18:07:24 /mnt/data/harmattan-sandbox/arma3server/@rhsusaf/addons/rhs_heavyweapons.pbo - RedHammerStudios.0.5.6.6526.r4606
18:07:24 /mnt/data/harmattan-sandbox/arma3server/@rhsusaf/addons/rhs_t72.pbo - RedHammerStudios.0.5.5.6283.r4450
18:07:24 /mnt/data/harmattan-sandbox/arma3server/@rhsusaf/addons/rhs_c_cti_indep.pbo - RedHammerStudios.0.5.1.5707.r4148
18:07:24 /mnt/data/harmattan-sandbox/arma3server/@rhsusaf/addons/rhs_bmp3_camo.pbo - RedHammerStudios.0.5.1.5533.r4092
18:07:24 /mnt/data/harmattan-sandbox/arma3server/@rhsusaf/addons/rhs_gaz66.pbo - RedHammerStudios.0.5.6.6526.r4606
18:07:24 /mnt/data/harmattan-sandbox/arma3server/@rhsusaf/addons/rhs_c_bmp.pbo - RedHammerStudios.0.5.6.6542.r4618
18:07:24 /mnt/data/harmattan-sandbox/arma3server/@rhsusaf/addons/rhs_air.pbo - RedHammerStudios.0.5.2.5710.r4150
18:07:24 /mnt/data/harmattan-sandbox/arma3server/@rhsusaf/addons/rhs_c_a3retex.pbo - RedHammerStudios.0.5.1.5533.r4092
18:07:24 /mnt/data/harmattan-sandbox/arma3server/@rhsusaf/addons/rhs_btr70.pbo - RedHammerStudios.0.5.5.6370.r4494
18:07:24 /mnt/data/harmattan-sandbox/arma3server/@rhsusaf/addons/rhs_c_airweapons.pbo - RedHammerStudios.0.5.6.6529.r4607
18:07:24 /mnt/data/harmattan-sandbox/arma3server/@rhsusaf/addons/rhs_s_radio.pbo - RedHammerStudios.0.5.1.5533.r4092
18:07:24 /mnt/data/harmattan-sandbox/arma3server/@rhsusaf/addons/rhs_weapon_sounds.pbo - RedHammerStudios.0.5.2.5719.r4156
18:07:24 /mnt/data/harmattan-sandbox/arma3server/@rhsusaf/addons/rhs_mtlb.pbo - RedHammerStudios.0.5.1.5533.r4092
18:07:24 /mnt/data/harmattan-sandbox/arma3server/@rhsusaf/addons/rhs_a2port_car_camo.pbo - RedHammerStudios.0.5.1.5533.r4092
18:07:24 /mnt/data/harmattan-sandbox/arma3server/@rhsusaf/addons/rhs_weapons3.pbo - RedHammerStudios.0.5.6.6513.r4596
18:07:24 /mnt/data/harmattan-sandbox/arma3server/@rhsusaf/addons/rhs_bmd.pbo - RedHammerStudios.0.5.5.6450.r4547
18:07:24 /mnt/data/harmattan-sandbox/arma3server/@rhsusaf/addons/rhs_bmp3.pbo - RedHammerStudios.0.5.2.5722.r4158
18:07:24 /mnt/data/harmattan-sandbox/arma3server/@rhsusaf/addons/rhs_mi28.pbo - RedHammerStudios.0.5.3.5853.r4205
18:07:24 /mnt/data/harmattan-sandbox/arma3server/@rhsusaf/addons/rhs_c_t15.pbo - RedHammerStudios.0.5.6.6542.r4618
18:07:24 /mnt/data/harmattan-sandbox/arma3server/@rhsusaf/addons/rhs_c_kamaz.pbo - RedHammerStudios.0.5.6.6542.r4618
18:07:24 /mnt/data/harmattan-sandbox/arma3server/@rhsusaf/addons/rhs_servicemenu.pbo - RedHammerStudios.0.5.1.5533.r4092
18:07:24 /mnt/data/harmattan-sandbox/arma3server/@rhsusaf/addons/rhs_c_radars.pbo - RedHammerStudios.0.5.3.5759.r4174
18:07:24 /mnt/data/harmattan-sandbox/arma3server/@rhsusaf/addons/rhs_c_kraz255.pbo - RedHammerStudios.0.5.6.6544.r4619
18:07:24 /mnt/data/harmattan-sandbox/arma3server/@rhsusaf/addons/rhs_sounds.pbo - RedHammerStudios.0.5.6.6500.r4587
18:07:24 /mnt/data/harmattan-sandbox/arma3server/@rhsusaf/addons/rhs_props.pbo - RedHammerStudios.0.5.1.5533.r4092
18:07:24 /mnt/data/harmattan-sandbox/arma3server/@rhsusaf/addons/rhs_c_identity.pbo - RedHammerStudios.0.5.5.6002.r4269
18:07:24 /mnt/data/harmattan-sandbox/arma3server/@rhsusaf/addons/rhs_c_weaponsounds.pbo - RedHammerStudios.0.5.5.6344.r4474
18:07:24 /mnt/data/harmattan-sandbox/arma3server/@rhsusaf/addons/rhs_mig29.pbo - RedHammerStudios.0.5.2.5710.r4150
18:07:24 /mnt/data/harmattan-sandbox/arma3server/@rhsusaf/addons/rhs_c_a2port_car.pbo - RedHammerStudios.0.5.6.6544.r4619
18:07:24 /mnt/data/harmattan-sandbox/arma3server/@rhsusaf/addons/rhs_c_t14.pbo - RedHammerStudios.0.5.6.6542.r4618
18:07:24 /mnt/data/harmattan-sandbox/arma3server/@rhsusaf/addons/rhs_c_troops.pbo - RedHammerStudios.0.5.6.6550.r4624
18:07:24 /mnt/data/harmattan-sandbox/arma3server/@rhsusaf/addons/rhs_bmd_34.pbo - RedHammerStudios.0.5.2.5711.r4151
18:07:24 /mnt/data/harmattan-sandbox/arma3server/@rhsusaf/addons/rhs_bmp_camo.pbo - RedHammerStudios.0.5.1.5533.r4092
18:07:24 /mnt/data/harmattan-sandbox/arma3server/@rhsusaf/addons/rhs_t80u.pbo - RedHammerStudios.0.5.5.6226.r4433
18:07:24 /mnt/data/harmattan-sandbox/arma3server/@rhsusaf/addons/rhs_t72_camo.pbo - RedHammerStudios.0.5.1.5533.r4092
18:07:24 /mnt/data/harmattan-sandbox/arma3server/@rhsusaf/addons/rhs_c_mig29.pbo - RedHammerStudios.0.5.6.6542.r4618
18:07:24 /mnt/data/harmattan-sandbox/arma3server/@rhsusaf/addons/rhs_2s3.pbo - RedHammerStudios.0.5.6.6500.r4587
18:07:24 /mnt/data/harmattan-sandbox/arma3server/@rhsusaf/addons/rhs_c_tanks.pbo - RedHammerStudios.0.5.6.6542.r4618
18:07:24 /mnt/data/harmattan-sandbox/arma3server/@rhsusaf/addons/rhs_muzzleflash.pbo - RedHammerStudios.0.5.3.5952.r4239
18:07:24 /mnt/data/harmattan-sandbox/arma3server/@rhsusaf/addons/rhs_kraz255.pbo - RedHammerStudios.0.5.5.6117.r4365
18:07:24 /mnt/data/harmattan-sandbox/arma3server/@rhsusaf/addons/rhs_s_weaponsounds.pbo - RedHammerStudios.0.5.1.5533.r4092
18:07:24 /mnt/data/harmattan-sandbox/arma3server/@rhsusaf/addons/rhs_weapons.pbo - RedHammerStudios.0.5.5.6364.r4489
18:07:24 /mnt/data/harmattan-sandbox/arma3server/@rhsusaf/addons/rhs_btr70_camo.pbo - RedHammerStudios.0.5.1.5533.r4092
18:07:24 /mnt/data/harmattan-sandbox/arma3server/@rhsusaf/addons/rhs_2s3_camo.pbo - RedHammerStudios.0.5.1.5533.r4092
18:07:24 /mnt/data/harmattan-sandbox/arma3server/@rhsusaf/addons/rhs_gaz66_camo.pbo - RedHammerStudios.0.5.1.5533.r4092
18:07:24 /mnt/data/harmattan-sandbox/arma3server/@rhsusaf/addons/rhs_c_trucks.pbo - RedHammerStudios.0.5.6.6542.r4618
18:07:24 /mnt/data/harmattan-sandbox/arma3server/@CBA_A3/addons/cba_diagnostic.pbo - 3.18.6.260327
18:07:24 /mnt/data/harmattan-sandbox/arma3server/@CBA_A3/addons/cba_main.pbo - 3.18.6.260327
18:07:24 /mnt/data/harmattan-sandbox/arma3server/@CBA_A3/addons/cba_main_a3.pbo - 3.18.6.260327
18:07:24 /mnt/data/harmattan-sandbox/arma3server/@CBA_A3/addons/cba_vectors.pbo - 3.18.6.260327
18:07:24 /mnt/data/harmattan-sandbox/arma3server/@CBA_A3/addons/cba_keybinding.pbo - 3.18.6.260327
18:07:24 /mnt/data/harmattan-sandbox/arma3server/@CBA_A3/addons/cba_bitwise.pbo - 3.18.6.260327
18:07:24 /mnt/data/harmattan-sandbox/arma3server/@CBA_A3/addons/cba_arrays.pbo - 3.18.6.260327
18:07:24 /mnt/data/harmattan-sandbox/arma3server/@CBA_A3/addons/cba_disposable.pbo - 3.18.6.260327
18:07:24 /mnt/data/harmattan-sandbox/arma3server/@CBA_A3/addons/cba_music.pbo - 3.18.6.260327
18:07:24 /mnt/data/harmattan-sandbox/arma3server/@CBA_A3/addons/cba_characters.pbo - 3.18.6.260327
18:07:24 /mnt/data/harmattan-sandbox/arma3server/@CBA_A3/addons/cba_network.pbo - 3.18.6.260327
18:07:24 /mnt/data/harmattan-sandbox/arma3server/@CBA_A3/addons/cba_ai.pbo - 3.18.6.260327
18:07:24 /mnt/data/harmattan-sandbox/arma3server/@CBA_A3/addons/cba_ui.pbo - 3.18.6.260327
18:07:24 /mnt/data/harmattan-sandbox/arma3server/@CBA_A3/addons/cba_accessory.pbo - 3.18.6.260327
18:07:24 /mnt/data/harmattan-sandbox/arma3server/@CBA_A3/addons/cba_hashes.pbo - 3.18.6.260327
18:07:24 /mnt/data/harmattan-sandbox/arma3server/@CBA_A3/addons/cba_xeh.pbo - 3.18.6.260327
18:07:24 /mnt/data/harmattan-sandbox/arma3server/@CBA_A3/addons/cba_quicktime.pbo - 3.18.6.260327
18:07:24 /mnt/data/harmattan-sandbox/arma3server/@CBA_A3/addons/cba_optics.pbo - 3.18.6.260327
18:07:24 /mnt/data/harmattan-sandbox/arma3server/@CBA_A3/addons/cba_pid.pbo - 3.18.6.260327
18:07:24 /mnt/data/harmattan-sandbox/arma3server/@CBA_A3/addons/cba_help.pbo - 3.18.6.260327
18:07:24 /mnt/data/harmattan-sandbox/arma3server/@CBA_A3/addons/cba_events.pbo - 3.18.6.260327
18:07:24 /mnt/data/harmattan-sandbox/arma3server/@CBA_A3/addons/cba_modules.pbo - 3.18.6.260327
18:07:24 /mnt/data/harmattan-sandbox/arma3server/@CBA_A3/addons/cba_statemachine.pbo - 3.18.6.260327
18:07:24 /mnt/data/harmattan-sandbox/arma3server/@CBA_A3/addons/cba_pylons.pbo - 3.18.6.260327
18:07:24 /mnt/data/harmattan-sandbox/arma3server/@CBA_A3/addons/cba_jr.pbo - 3.18.6.260327
18:07:24 /mnt/data/harmattan-sandbox/arma3server/@CBA_A3/addons/cba_jam.pbo - 3.18.6.260327
18:07:24 /mnt/data/harmattan-sandbox/arma3server/@CBA_A3/addons/cba_common.pbo - 3.18.6.260327
18:07:24 /mnt/data/harmattan-sandbox/arma3server/@CBA_A3/addons/cba_settings.pbo - 3.18.6.260327
18:07:24 /mnt/data/harmattan-sandbox/arma3server/@CBA_A3/addons/cba_loadout.pbo - 3.18.6.260327
18:07:24 /mnt/data/harmattan-sandbox/arma3server/@CBA_A3/addons/cba_versioning.pbo - 3.18.6.260327
18:07:24 /mnt/data/harmattan-sandbox/arma3server/@CBA_A3/addons/cba_strings.pbo - 3.18.6.260327
18:07:24 /mnt/data/harmattan-sandbox/arma3server/aow/addons/supplies_f_aow.pbo - 150149
18:07:24 /mnt/data/harmattan-sandbox/arma3server/aow/addons/missions_f_aow.pbo - 150974
18:07:24 /mnt/data/harmattan-sandbox/arma3server/aow/addons/languagemissions_f_aow.pbo - 151164
18:07:24 /mnt/data/harmattan-sandbox/arma3server/aow/addons/characters_f_aow.pbo - 150659
18:07:24 /mnt/data/harmattan-sandbox/arma3server/aow/addons/missions_f_aow_data.pbo - 150984
18:07:24 /mnt/data/harmattan-sandbox/arma3server/aow/addons/anims_f_aow.pbo - 149768
18:07:24 /mnt/data/harmattan-sandbox/arma3server/aow/addons/language_f_aow.pbo - 151164
18:07:24 /mnt/data/harmattan-sandbox/arma3server/aow/addons/structures_f_aow.pbo - 149883
18:07:24 /mnt/data/harmattan-sandbox/arma3server/aow/addons/missions_f_aow_video.pbo - 149837
18:07:24 /mnt/data/harmattan-sandbox/arma3server/aow/addons/functions_f_aow.pbo - 149593
18:07:24 /mnt/data/harmattan-sandbox/arma3server/aow/addons/props_f_aow.pbo - 150912
18:07:24 /mnt/data/harmattan-sandbox/arma3server/aow/addons/ui_f_aow.pbo - 149917
18:07:24 /mnt/data/harmattan-sandbox/arma3server/aow/addons/data_f_aow.pbo - 149928
18:07:24 /mnt/data/harmattan-sandbox/arma3server/aow/addons/sounds_f_aow.pbo - 150867
18:07:24 /mnt/data/harmattan-sandbox/arma3server/aow/addons/dubbing_f_aow.pbo - 149901
18:07:24 /mnt/data/harmattan-sandbox/arma3server/aow/addons/editorpreviews_f_aow.pbo - 149909
18:07:24 /mnt/data/harmattan-sandbox/arma3server/enoch/addons/languagemissions_f_enoch.pbo - 151164
18:07:24 /mnt/data/harmattan-sandbox/arma3server/enoch/addons/structures_f_enoch_civilian.pbo - 150926
18:07:24 /mnt/data/harmattan-sandbox/arma3server/enoch/addons/structures_f_enoch_cultural.pbo - 150415
18:07:24 /mnt/data/harmattan-sandbox/arma3server/enoch/addons/dubbing_radio_f_enoch.pbo - 150070
18:07:24 /mnt/data/harmattan-sandbox/arma3server/enoch/addons/language_f_enoch.pbo - 151164
18:07:24 /mnt/data/harmattan-sandbox/arma3server/enoch/addons/map_enoch_data_layers.pbo - 146184
18:07:24 /mnt/data/harmattan-sandbox/arma3server/enoch/addons/missions_f_enoch.pbo - 149487
18:07:24 /mnt/data/harmattan-sandbox/arma3server/enoch/addons/cargoposes_f_enoch.pbo - 142478
18:07:24 /mnt/data/harmattan-sandbox/arma3server/enoch/addons/functions_f_enoch.pbo - 148356
18:07:24 /mnt/data/harmattan-sandbox/arma3server/enoch/addons/supplies_f_enoch.pbo - 151084
18:07:24 /mnt/data/harmattan-sandbox/arma3server/enoch/addons/music_f_enoch.pbo - 147472
18:07:24 /mnt/data/harmattan-sandbox/arma3server/enoch/addons/map_enoch.pbo - 150292
18:07:24 /mnt/data/harmattan-sandbox/arma3server/enoch/addons/map_enoch_data.pbo - 145274
18:07:24 /mnt/data/harmattan-sandbox/arma3server/enoch/addons/props_f_enoch.pbo - 150309
18:07:24 /mnt/data/harmattan-sandbox/arma3server/enoch/addons/anims_f_enoch.pbo - 150341
18:07:24 /mnt/data/harmattan-sandbox/arma3server/enoch/addons/structures_f_enoch_commercial.pbo - 148419
18:07:24 /mnt/data/harmattan-sandbox/arma3server/enoch/addons/sounds_f_enoch.pbo - 150842
18:07:24 /mnt/data/harmattan-sandbox/arma3server/enoch/addons/structures_f_enoch.pbo - 148551
18:07:24 /mnt/data/harmattan-sandbox/arma3server/enoch/addons/ui_f_enoch.pbo - 147095
18:07:24 /mnt/data/harmattan-sandbox/arma3server/enoch/addons/armor_f_enoch.pbo - 145904
18:07:24 /mnt/data/harmattan-sandbox/arma3server/enoch/addons/music_f_enoch_music.pbo - 150867
18:07:24 /mnt/data/harmattan-sandbox/arma3server/enoch/addons/weapons_f_enoch.pbo - 150671
18:07:24 /mnt/data/harmattan-sandbox/arma3server/enoch/addons/rocks_f_enoch.pbo - 148432
18:07:24 /mnt/data/harmattan-sandbox/arma3server/enoch/addons/air_f_enoch.pbo - 145904
18:07:24 /mnt/data/harmattan-sandbox/arma3server/enoch/addons/structures_f_enoch_industrial.pbo - 150920
18:07:24 /mnt/data/harmattan-sandbox/arma3server/enoch/addons/editorpreviews_f_enoch.pbo - 150962
18:07:24 /mnt/data/harmattan-sandbox/arma3server/enoch/addons/structures_f_enoch_data.pbo - 148419
18:07:24 /mnt/data/harmattan-sandbox/arma3server/enoch/addons/vegetation_f_enoch.pbo - 150192
18:07:24 /mnt/data/harmattan-sandbox/arma3server/enoch/addons/static_f_enoch.pbo - 145904
18:07:24 /mnt/data/harmattan-sandbox/arma3server/enoch/addons/dubbing_radio_f_enoch_data.pbo - 150020
18:07:24 /mnt/data/harmattan-sandbox/arma3server/enoch/addons/characters_f_enoch.pbo - 150968
18:07:24 /mnt/data/harmattan-sandbox/arma3server/enoch/addons/structures_f_enoch_infrastructure.pbo - 148551
18:07:24 /mnt/data/harmattan-sandbox/arma3server/enoch/addons/structures_f_enoch_furniture.pbo - 148419
18:07:24 /mnt/data/harmattan-sandbox/arma3server/enoch/addons/soft_f_enoch.pbo - 150885
18:07:24 /mnt/data/harmattan-sandbox/arma3server/enoch/addons/structures_f_enoch_military.pbo - 150174
18:07:24 /mnt/data/harmattan-sandbox/arma3server/enoch/addons/data_f_enoch.pbo - 150070
18:07:24 /mnt/data/harmattan-sandbox/arma3server/enoch/addons/map_enoch_scenes_f.pbo - 143336
18:07:24 /mnt/data/harmattan-sandbox/arma3server/tank/addons/sounds_f_tank.pbo - 150867
18:07:24 /mnt/data/harmattan-sandbox/arma3server/tank/addons/cargoposes_f_tank.pbo - 128283
18:07:24 /mnt/data/harmattan-sandbox/arma3server/tank/addons/dubbing_f_tank.pbo - 127958
18:07:24 /mnt/data/harmattan-sandbox/arma3server/tank/addons/props_f_tank.pbo - 131702
18:07:24 /mnt/data/harmattan-sandbox/arma3server/tank/addons/structures_f_tank.pbo - 150249
18:07:24 /mnt/data/harmattan-sandbox/arma3server/tank/addons/language_f_tank.pbo - 151164
18:07:24 /mnt/data/harmattan-sandbox/arma3server/tank/addons/music_f_tank.pbo - 127912
18:07:24 /mnt/data/harmattan-sandbox/arma3server/tank/addons/editorpreviews_f_tank.pbo - 137875
18:07:24 /mnt/data/harmattan-sandbox/arma3server/tank/addons/armor_f_tank.pbo - 150292
18:07:24 /mnt/data/harmattan-sandbox/arma3server/tank/addons/functions_f_tank.pbo - 125996
18:07:24 /mnt/data/harmattan-sandbox/arma3server/tank/addons/modules_f_tank.pbo - 147857
18:07:24 /mnt/data/harmattan-sandbox/arma3server/tank/addons/languagemissions_f_tank.pbo - 151164
18:07:24 /mnt/data/harmattan-sandbox/arma3server/tank/addons/missions_f_tank_data.pbo - 128937
18:07:24 /mnt/data/harmattan-sandbox/arma3server/tank/addons/weapons_f_tank.pbo - 151040
18:07:24 /mnt/data/harmattan-sandbox/arma3server/tank/addons/ui_f_tank.pbo - 148551
18:07:24 /mnt/data/harmattan-sandbox/arma3server/tank/addons/data_f_tank.pbo - 128203
18:07:24 /mnt/data/harmattan-sandbox/arma3server/tank/addons/missions_f_tank.pbo - 150984
18:07:24 /mnt/data/harmattan-sandbox/arma3server/tank/addons/characters_f_tank.pbo - 150968
18:07:24 /mnt/data/harmattan-sandbox/arma3server/tacops/addons/modules_f_tacops.pbo - 150149
18:07:24 /mnt/data/harmattan-sandbox/arma3server/tacops/addons/language_f_tacops.pbo - 151164
18:07:24 /mnt/data/harmattan-sandbox/arma3server/tacops/addons/sounds_f_tacops.pbo - 150867
18:07:24 /mnt/data/harmattan-sandbox/arma3server/tacops/addons/music_f_tacops.pbo - 124064
18:07:24 /mnt/data/harmattan-sandbox/arma3server/tacops/addons/functions_f_tacops.pbo - 150415
18:07:24 /mnt/data/harmattan-sandbox/arma3server/tacops/addons/ui_f_tacops.pbo - 148551
18:07:24 /mnt/data/harmattan-sandbox/arma3server/tacops/addons/data_f_tacops.pbo - 150102
18:07:24 /mnt/data/harmattan-sandbox/arma3server/tacops/addons/missions_f_tacops.pbo - 144976
18:07:24 /mnt/data/harmattan-sandbox/arma3server/tacops/addons/languagemissions_f_tacops.pbo - 151164
18:07:24 /mnt/data/harmattan-sandbox/arma3server/tacops/addons/characters_f_tacops.pbo - 129739
18:07:24 /mnt/data/harmattan-sandbox/arma3server/tacops/addons/dubbing_f_tacops.pbo - 129340
18:07:24 /mnt/data/harmattan-sandbox/arma3server/orange/addons/air_f_orange.pbo - 150970
18:07:24 /mnt/data/harmattan-sandbox/arma3server/orange/addons/structures_f_orange.pbo - 150867
18:07:24 /mnt/data/harmattan-sandbox/arma3server/orange/addons/soft_f_orange.pbo - 150945
18:07:24 /mnt/data/harmattan-sandbox/arma3server/orange/addons/language_f_orange.pbo - 151164
18:07:24 /mnt/data/harmattan-sandbox/arma3server/orange/addons/props_f_orange.pbo - 148864
18:07:24 /mnt/data/harmattan-sandbox/arma3server/orange/addons/functions_f_orange.pbo - 150945
18:07:24 /mnt/data/harmattan-sandbox/arma3server/orange/addons/music_f_orange.pbo - 120725
18:07:24 /mnt/data/harmattan-sandbox/arma3server/orange/addons/ui_f_orange.pbo - 151010
18:07:24 /mnt/data/harmattan-sandbox/arma3server/orange/addons/dubbing_f_orange.pbo - 121689
18:07:24 /mnt/data/harmattan-sandbox/arma3server/orange/addons/editorpreviews_f_orange.pbo - 123173
18:07:24 /mnt/data/harmattan-sandbox/arma3server/orange/addons/characters_f_orange.pbo - 150968
18:07:24 /mnt/data/harmattan-sandbox/arma3server/orange/addons/sounds_f_orange.pbo - 150867
18:07:24 /mnt/data/harmattan-sandbox/arma3server/orange/addons/weapons_f_orange.pbo - 150671
18:07:24 /mnt/data/harmattan-sandbox/arma3server/orange/addons/data_f_orange.pbo - 144284
18:07:24 /mnt/data/harmattan-sandbox/arma3server/orange/addons/cargoposes_f_orange.pbo - 126225
18:07:24 /mnt/data/harmattan-sandbox/arma3server/orange/addons/supplies_f_orange.pbo - 129371
18:07:24 /mnt/data/harmattan-sandbox/arma3server/orange/addons/modules_f_orange.pbo - 143632
18:07:24 /mnt/data/harmattan-sandbox/arma3server/orange/addons/languagemissions_f_orange.pbo - 151164
18:07:24 /mnt/data/harmattan-sandbox/arma3server/orange/addons/missions_f_orange.pbo - 150364
18:07:24 /mnt/data/harmattan-sandbox/arma3server/argo/addons/map_malden_scenes_f.pbo - 120026
18:07:24 /mnt/data/harmattan-sandbox/arma3server/argo/addons/props_f_argo.pbo - 129371
18:07:24 /mnt/data/harmattan-sandbox/arma3server/argo/addons/map_malden_data.pbo - 135888
18:07:24 /mnt/data/harmattan-sandbox/arma3server/argo/addons/data_f_argo.pbo - 128209
18:07:24 /mnt/data/harmattan-sandbox/arma3server/argo/addons/weapons_f_patrol.pbo - 141307
18:07:24 /mnt/data/harmattan-sandbox/arma3server/argo/addons/data_f_patrol.pbo - 141307
18:07:24 /mnt/data/harmattan-sandbox/arma3server/argo/addons/functions_f_patrol.pbo - 141510
18:07:24 /mnt/data/harmattan-sandbox/arma3server/argo/addons/missions_f_patrol.pbo - 126663
18:07:24 /mnt/data/harmattan-sandbox/arma3server/argo/addons/sounds_f_patrol.pbo - 150867
18:07:24 /mnt/data/harmattan-sandbox/arma3server/argo/addons/armor_f_argo.pbo - 129739
18:07:24 /mnt/data/harmattan-sandbox/arma3server/argo/addons/structures_f_argo.pbo - 150961
18:07:24 /mnt/data/harmattan-sandbox/arma3server/argo/addons/language_f_argo.pbo - 151164
18:07:24 /mnt/data/harmattan-sandbox/arma3server/argo/addons/vegetation_f_argo.pbo - 148432
18:07:24 /mnt/data/harmattan-sandbox/arma3server/argo/addons/map_malden_data_layers.pbo - 135888
18:07:24 /mnt/data/harmattan-sandbox/arma3server/argo/addons/ui_f_patrol.pbo - 141307
18:07:24 /mnt/data/harmattan-sandbox/arma3server/argo/addons/editorpreviews_f_argo.pbo - 150968
18:07:24 /mnt/data/harmattan-sandbox/arma3server/argo/addons/rocks_f_argo.pbo - 148432
18:07:24 /mnt/data/harmattan-sandbox/arma3server/argo/addons/map_malden.pbo - 150292
18:07:24 /mnt/data/harmattan-sandbox/arma3server/argo/addons/modules_f_patrol.pbo - 119459
18:07:24 /mnt/data/harmattan-sandbox/arma3server/argo/addons/characters_f_patrol.pbo - 149127
18:07:24 /mnt/data/harmattan-sandbox/arma3server/argo/addons/languagemissions_f_patrol.pbo - 151164
18:07:24 /mnt/data/harmattan-sandbox/arma3server/argo/addons/language_f_patrol.pbo - 151164
18:07:24 /mnt/data/harmattan-sandbox/arma3server/argo/addons/music_f_argo.pbo - 119459
18:07:24 /mnt/data/harmattan-sandbox/arma3server/jets/addons/anims_f_jets.pbo - 123210
18:07:24 /mnt/data/harmattan-sandbox/arma3server/jets/addons/props_f_jets.pbo - 129371
18:07:24 /mnt/data/harmattan-sandbox/arma3server/jets/addons/functions_f_destroyer.pbo - 150071
18:07:24 /mnt/data/harmattan-sandbox/arma3server/jets/addons/weapons_f_destroyer.pbo - 132268
18:07:24 /mnt/data/harmattan-sandbox/arma3server/jets/addons/modules_f_jets.pbo - 119459
18:07:24 /mnt/data/harmattan-sandbox/arma3server/jets/addons/language_f_destroyer.pbo - 151164
18:07:24 /mnt/data/harmattan-sandbox/arma3server/jets/addons/weapons_f_jets.pbo - 148847
18:07:24 /mnt/data/harmattan-sandbox/arma3server/jets/addons/dubbing_f_jets.pbo - 119457
18:07:24 /mnt/data/harmattan-sandbox/arma3server/jets/addons/ui_f_jets.pbo - 126137
18:07:24 /mnt/data/harmattan-sandbox/arma3server/jets/addons/cargoposes_f_jets.pbo - 126225
18:07:24 /mnt/data/harmattan-sandbox/arma3server/jets/addons/characters_f_jets.pbo - 129739
18:07:24 /mnt/data/harmattan-sandbox/arma3server/jets/addons/props_f_destroyer.pbo - 132141
18:07:24 /mnt/data/harmattan-sandbox/arma3server/jets/addons/missions_f_jets.pbo - 130755
18:07:24 /mnt/data/harmattan-sandbox/arma3server/jets/addons/data_f_destroyer.pbo - 150370
18:07:24 /mnt/data/harmattan-sandbox/arma3server/jets/addons/static_f_destroyer.pbo - 140243
18:07:24 /mnt/data/harmattan-sandbox/arma3server/jets/addons/static_f_jets.pbo - 146744
18:07:24 /mnt/data/harmattan-sandbox/arma3server/jets/addons/boat_f_destroyer.pbo - 143297
18:07:24 /mnt/data/harmattan-sandbox/arma3server/jets/addons/language_f_sams.pbo - 151164
18:07:24 /mnt/data/harmattan-sandbox/arma3server/jets/addons/boat_f_jets.pbo - 150071
18:07:24 /mnt/data/harmattan-sandbox/arma3server/jets/addons/language_f_jets.pbo - 151164
18:07:24 /mnt/data/harmattan-sandbox/arma3server/jets/addons/data_f_sams.pbo - 150370
18:07:24 /mnt/data/harmattan-sandbox/arma3server/jets/addons/languagemissions_f_jets.pbo - 151164
18:07:24 /mnt/data/harmattan-sandbox/arma3server/jets/addons/functions_f_jets.pbo - 151077
18:07:24 /mnt/data/harmattan-sandbox/arma3server/jets/addons/sounds_f_jets.pbo - 150867
18:07:24 /mnt/data/harmattan-sandbox/arma3server/jets/addons/weapons_f_sams.pbo - 149414
18:07:24 /mnt/data/harmattan-sandbox/arma3server/jets/addons/static_f_sams.pbo - 146744
18:07:24 /mnt/data/harmattan-sandbox/arma3server/jets/addons/data_f_jets.pbo - 150370
18:07:24 /mnt/data/harmattan-sandbox/arma3server/jets/addons/editorpreviews_f_sams.pbo - 132141
18:07:24 /mnt/data/harmattan-sandbox/arma3server/jets/addons/music_f_jets.pbo - 119459
18:07:24 /mnt/data/harmattan-sandbox/arma3server/jets/addons/editorpreviews_f_destroyer.pbo - 132141
18:07:24 /mnt/data/harmattan-sandbox/arma3server/jets/addons/editorpreviews_f_jets.pbo - 150968
18:07:24 /mnt/data/harmattan-sandbox/arma3server/jets/addons/air_f_jets.pbo - 150968
18:07:24 /mnt/data/harmattan-sandbox/arma3server/expansion/addons/rocks_f_exp.pbo - 148432
18:07:24 /mnt/data/harmattan-sandbox/arma3server/expansion/addons/missions_f_exp.pbo - 144315
18:07:24 /mnt/data/harmattan-sandbox/arma3server/expansion/addons/supplies_f_oldman.pbo - 148553
18:07:24 /mnt/data/harmattan-sandbox/arma3server/expansion/addons/structures_f_exp.pbo - 150912
18:07:24 /mnt/data/harmattan-sandbox/arma3server/expansion/addons/modules_f_oldman.pbo - 148553
18:07:24 /mnt/data/harmattan-sandbox/arma3server/expansion/addons/dubbing_radio_f_exp.pbo - 119458
18:07:24 /mnt/data/harmattan-sandbox/arma3server/expansion/addons/map_tanoabuka_data_layers.pbo - 121192
18:07:24 /mnt/data/harmattan-sandbox/arma3server/expansion/addons/characters_f_oldman.pbo - 148698
18:07:24 /mnt/data/harmattan-sandbox/arma3server/expansion/addons/music_f_exp.pbo - 119477
18:07:24 /mnt/data/harmattan-sandbox/arma3server/expansion/addons/boat_f_exp.pbo - 150071
18:07:24 /mnt/data/harmattan-sandbox/arma3server/expansion/addons/air_f_exp.pbo - 150885
18:07:24 /mnt/data/harmattan-sandbox/arma3server/expansion/addons/ui_f_exp.pbo - 123398
18:07:24 /mnt/data/harmattan-sandbox/arma3server/expansion/addons/missions_f_oldman.pbo - 151155
18:07:24 /mnt/data/harmattan-sandbox/arma3server/expansion/addons/armor_f_exp.pbo - 141671
18:07:24 /mnt/data/harmattan-sandbox/arma3server/expansion/addons/music_f_exp_music.pbo - 119477
18:07:24 /mnt/data/harmattan-sandbox/arma3server/expansion/addons/weapons_f_exp.pbo - 150671
18:07:24 /mnt/data/harmattan-sandbox/arma3server/expansion/addons/props_f_exp.pbo - 147637
18:07:24 /mnt/data/harmattan-sandbox/arma3server/expansion/addons/structures_f_exp_infrastructure.pbo - 148551
18:07:24 /mnt/data/harmattan-sandbox/arma3server/expansion/addons/missions_f_exp_video.pbo - 119459
18:07:24 /mnt/data/harmattan-sandbox/arma3server/expansion/addons/languagemissions_f_exp.pbo - 151164
18:07:24 /mnt/data/harmattan-sandbox/arma3server/expansion/addons/static_f_oldman.pbo - 148580
18:07:24 /mnt/data/harmattan-sandbox/arma3server/expansion/addons/music_f_oldman_music.pbo - 148679
18:07:24 /mnt/data/harmattan-sandbox/arma3server/expansion/addons/data_f_oldman.pbo - 148580
18:07:24 /mnt/data/harmattan-sandbox/arma3server/expansion/addons/cargoposes_f_exp.pbo - 126224
18:07:24 /mnt/data/harmattan-sandbox/arma3server/expansion/addons/sounds_f_exp.pbo - 150920
18:07:24 /mnt/data/harmattan-sandbox/arma3server/expansion/addons/editorpreviews_f_exp.pbo - 150961
18:07:24 /mnt/data/harmattan-sandbox/arma3server/expansion/addons/structures_f_exp_data.pbo - 148419
18:07:24 /mnt/data/harmattan-sandbox/arma3server/expansion/addons/dubbing_radio_f_exp_data_chi.pbo - 119458
18:07:24 /mnt/data/harmattan-sandbox/arma3server/expansion/addons/supplies_f_exp.pbo - 151084
18:07:24 /mnt/data/harmattan-sandbox/arma3server/expansion/addons/music_f_oldman.pbo - 148553
18:07:24 /mnt/data/harmattan-sandbox/arma3server/expansion/addons/map_data_exp.pbo - 136265
18:07:24 /mnt/data/harmattan-sandbox/arma3server/expansion/addons/dubbing_f_exp.pbo - 119457
18:07:24 /mnt/data/harmattan-sandbox/arma3server/expansion/addons/map_tanoa_scenes_f.pbo - 123527
18:07:24 /mnt/data/harmattan-sandbox/arma3server/expansion/addons/map_tanoabuka.pbo - 150292
18:07:24 /mnt/data/harmattan-sandbox/arma3server/expansion/addons/dubbing_radio_f_exp_data_engfre.pbo - 119457
18:07:24 /mnt/data/harmattan-sandbox/arma3server/expansion/addons/structures_f_exp_civilian.pbo - 148739
18:07:24 /mnt/data/harmattan-sandbox/arma3server/expansion/addons/modules_f_exp.pbo - 119459
18:07:24 /mnt/data/harmattan-sandbox/arma3server/expansion/addons/data_f_exp.pbo - 148936
18:07:24 /mnt/data/harmattan-sandbox/arma3server/expansion/addons/map_tanoabuka_data_layers_00_00.pbo - 121192
18:07:24 /mnt/data/harmattan-sandbox/arma3server/expansion/addons/structures_f_exp_cultural.pbo - 148419
18:07:24 /mnt/data/harmattan-sandbox/arma3server/expansion/addons/missions_f_exp_data.pbo - 119459
18:07:24 /mnt/data/harmattan-sandbox/arma3server/expansion/addons/languagemissions_f_oldman.pbo - 151164
18:07:24 /mnt/data/harmattan-sandbox/arma3server/expansion/addons/soft_f_exp.pbo - 150945
18:07:24 /mnt/data/harmattan-sandbox/arma3server/expansion/addons/language_f_oldman.pbo - 151164
18:07:24 /mnt/data/harmattan-sandbox/arma3server/expansion/addons/vegetation_f_exp.pbo - 148432
18:07:24 /mnt/data/harmattan-sandbox/arma3server/expansion/addons/structures_f_exp_commercial.pbo - 148419
18:07:24 /mnt/data/harmattan-sandbox/arma3server/expansion/addons/soft_f_oldman.pbo - 148580
18:07:24 /mnt/data/harmattan-sandbox/arma3server/expansion/addons/characters_f_exp.pbo - 150968
18:07:24 /mnt/data/harmattan-sandbox/arma3server/expansion/addons/functions_f_exp.pbo - 144006
18:07:24 /mnt/data/harmattan-sandbox/arma3server/expansion/addons/dubbing_radio_f_exp_data_fre.pbo - 119457
18:07:24 /mnt/data/harmattan-sandbox/arma3server/expansion/addons/language_f_exp.pbo - 151164
18:07:24 /mnt/data/harmattan-sandbox/arma3server/expansion/addons/structures_f_oldman.pbo - 150089
18:07:24 /mnt/data/harmattan-sandbox/arma3server/expansion/addons/static_f_exp.pbo - 119478
18:07:24 /mnt/data/harmattan-sandbox/arma3server/expansion/addons/functions_f_oldman.pbo - 148553
18:07:24 /mnt/data/harmattan-sandbox/arma3server/expansion/addons/anims_f_exp.pbo - 126506
18:07:24 /mnt/data/harmattan-sandbox/arma3server/expansion/addons/map_tanoabuka_data.pbo - 135884
18:07:24 /mnt/data/harmattan-sandbox/arma3server/expansion/addons/sounds_f_oldman.pbo - 150867
18:07:24 /mnt/data/harmattan-sandbox/arma3server/expansion/addons/dubbing_f_oldman.pbo - 148756
18:07:24 /mnt/data/harmattan-sandbox/arma3server/expansion/addons/structures_f_exp_industrial.pbo - 148419
18:07:24 /mnt/data/harmattan-sandbox/arma3server/expansion/addons/editorpreviews_f_oldman.pbo - 150961
18:07:24 /mnt/data/harmattan-sandbox/arma3server/expansion/addons/props_f_oldman.pbo - 150968
18:07:24 /mnt/data/harmattan-sandbox/arma3server/expansion/addons/ui_f_oldman.pbo - 149216
18:07:24 /mnt/data/harmattan-sandbox/arma3server/mark/addons/missions_f_mp_mark_data.pbo - 119459
18:07:24 /mnt/data/harmattan-sandbox/arma3server/mark/addons/ui_f_mp_mark.pbo - 119478
18:07:24 /mnt/data/harmattan-sandbox/arma3server/mark/addons/functions_f_mp_mark.pbo - 150802
18:07:24 /mnt/data/harmattan-sandbox/arma3server/mark/addons/modules_f_mp_mark.pbo - 150251
18:07:24 /mnt/data/harmattan-sandbox/arma3server/mark/addons/functions_f_mark.pbo - 150934
18:07:24 /mnt/data/harmattan-sandbox/arma3server/mark/addons/language_f_mark.pbo - 151164
18:07:24 /mnt/data/harmattan-sandbox/arma3server/mark/addons/anims_f_mark.pbo - 119457
18:07:24 /mnt/data/harmattan-sandbox/arma3server/mark/addons/music_f_mark_music.pbo - 119477
18:07:24 /mnt/data/harmattan-sandbox/arma3server/mark/addons/missions_f_mp_mark.pbo - 141704
18:07:24 /mnt/data/harmattan-sandbox/arma3server/mark/addons/data_f_mark.pbo - 129371
18:07:24 /mnt/data/harmattan-sandbox/arma3server/mark/addons/missions_f_mark.pbo - 122301
18:07:24 /mnt/data/harmattan-sandbox/arma3server/mark/addons/modules_f_mark.pbo - 148886
18:07:24 /mnt/data/harmattan-sandbox/arma3server/mark/addons/dubbing_f_mp_mark.pbo - 119457
18:07:24 /mnt/data/harmattan-sandbox/arma3server/mark/addons/languagemissions_f_mark.pbo - 151164
18:07:24 /mnt/data/harmattan-sandbox/arma3server/mark/addons/sounds_f_mark.pbo - 150867
18:07:24 /mnt/data/harmattan-sandbox/arma3server/mark/addons/missions_f_mark_video.pbo - 119459
18:07:24 /mnt/data/harmattan-sandbox/arma3server/mark/addons/missions_f_mark_data.pbo - 119459
18:07:24 /mnt/data/harmattan-sandbox/arma3server/mark/addons/music_f_mark.pbo - 119477
18:07:24 /mnt/data/harmattan-sandbox/arma3server/mark/addons/structures_f_mark.pbo - 149003
18:07:24 /mnt/data/harmattan-sandbox/arma3server/mark/addons/language_f_mp_mark.pbo - 151164
18:07:24 /mnt/data/harmattan-sandbox/arma3server/mark/addons/characters_f_mark.pbo - 150968
18:07:24 /mnt/data/harmattan-sandbox/arma3server/mark/addons/supplies_f_mark.pbo - 140562
18:07:24 /mnt/data/harmattan-sandbox/arma3server/mark/addons/languagemissions_f_mp_mark.pbo - 151164
18:07:24 /mnt/data/harmattan-sandbox/arma3server/mark/addons/dubbing_f_mark.pbo - 119457
18:07:24 /mnt/data/harmattan-sandbox/arma3server/mark/addons/static_f_mark.pbo - 146756
18:07:24 /mnt/data/harmattan-sandbox/arma3server/mark/addons/weapons_f_mark.pbo - 149339
18:07:24 /mnt/data/harmattan-sandbox/arma3server/mark/addons/ui_f_mark.pbo - 119478
18:07:24 /mnt/data/harmattan-sandbox/arma3server/heli/addons/language_f_heli.pbo - 151164
18:07:24 /mnt/data/harmattan-sandbox/arma3server/heli/addons/air_f_heli.pbo - 150885
18:07:24 /mnt/data/harmattan-sandbox/arma3server/heli/addons/modules_f_heli.pbo - 150249
18:07:24 /mnt/data/harmattan-sandbox/arma3server/heli/addons/sounds_f_heli.pbo - 150867
18:07:24 /mnt/data/harmattan-sandbox/arma3server/heli/addons/missions_f_heli.pbo - 151010
18:07:24 /mnt/data/harmattan-sandbox/arma3server/heli/addons/data_f_heli.pbo - 119457
18:07:24 /mnt/data/harmattan-sandbox/arma3server/heli/addons/music_f_heli_music.pbo - 119477
18:07:24 /mnt/data/harmattan-sandbox/arma3server/heli/addons/anims_f_heli.pbo - 123210
18:07:24 /mnt/data/harmattan-sandbox/arma3server/heli/addons/ui_f_heli.pbo - 119478
18:07:24 /mnt/data/harmattan-sandbox/arma3server/heli/addons/dubbing_f_heli.pbo - 119457
18:07:24 /mnt/data/harmattan-sandbox/arma3server/heli/addons/cargoposes_f_heli.pbo - 126231
18:07:24 /mnt/data/harmattan-sandbox/arma3server/heli/addons/languagemissions_f_heli.pbo - 151164
18:07:24 /mnt/data/harmattan-sandbox/arma3server/heli/addons/missions_f_heli_data.pbo - 119459
18:07:24 /mnt/data/harmattan-sandbox/arma3server/heli/addons/structures_f_heli.pbo - 141968
18:07:24 /mnt/data/harmattan-sandbox/arma3server/heli/addons/functions_f_heli.pbo - 123022
18:07:24 /mnt/data/harmattan-sandbox/arma3server/heli/addons/soft_f_heli.pbo - 129742
18:07:24 /mnt/data/harmattan-sandbox/arma3server/heli/addons/missions_f_heli_video.pbo - 119459
18:07:24 /mnt/data/harmattan-sandbox/arma3server/heli/addons/music_f_heli.pbo - 119477
18:07:24 /mnt/data/harmattan-sandbox/arma3server/heli/addons/supplies_f_heli.pbo - 145695
18:07:24 /mnt/data/harmattan-sandbox/arma3server/heli/addons/boat_f_heli.pbo - 119457
18:07:24 /mnt/data/harmattan-sandbox/arma3server/kart/addons/languagemissions_f_kart.pbo - 151164
18:07:24 /mnt/data/harmattan-sandbox/arma3server/kart/addons/missions_f_kart.pbo - 149274
18:07:24 /mnt/data/harmattan-sandbox/arma3server/kart/addons/language_f_kart.pbo - 151164
18:07:24 /mnt/data/harmattan-sandbox/arma3server/kart/addons/modules_f_kart_data.pbo - 149274
18:07:24 /mnt/data/harmattan-sandbox/arma3server/kart/addons/characters_f_kart.pbo - 150968
18:07:24 /mnt/data/harmattan-sandbox/arma3server/kart/addons/modules_f_kart.pbo - 151162
18:07:24 /mnt/data/harmattan-sandbox/arma3server/kart/addons/ui_f_kart.pbo - 119478
18:07:24 /mnt/data/harmattan-sandbox/arma3server/kart/addons/sounds_f_kart.pbo - 150867
18:07:24 /mnt/data/harmattan-sandbox/arma3server/kart/addons/weapons_f_kart.pbo - 138461
18:07:24 /mnt/data/harmattan-sandbox/arma3server/kart/addons/anims_f_kart.pbo - 123210
18:07:24 /mnt/data/harmattan-sandbox/arma3server/kart/addons/structures_f_kart.pbo - 123419
18:07:24 /mnt/data/harmattan-sandbox/arma3server/kart/addons/data_f_kart.pbo - 119457
18:07:24 /mnt/data/harmattan-sandbox/arma3server/kart/addons/soft_f_kart.pbo - 150945
18:07:24 /mnt/data/harmattan-sandbox/arma3server/kart/addons/missions_f_kart_data.pbo - 119459
18:07:24 /mnt/data/harmattan-sandbox/arma3server/curator/addons/ui_f_curator.pbo - 150867
18:07:24 /mnt/data/harmattan-sandbox/arma3server/curator/addons/missions_f_curator.pbo - 121570
18:07:24 /mnt/data/harmattan-sandbox/arma3server/curator/addons/modules_f_curator.pbo - 151084
18:07:24 /mnt/data/harmattan-sandbox/arma3server/curator/addons/functions_f_curator.pbo - 150945
18:07:24 /mnt/data/harmattan-sandbox/arma3server/curator/addons/language_f_curator.pbo - 151164
18:07:24 /mnt/data/harmattan-sandbox/arma3server/curator/addons/data_f_curator_music.pbo - 119457
18:07:24 /mnt/data/harmattan-sandbox/arma3server/curator/addons/data_f_curator.pbo - 150867
18:07:24 addons/structures_f.pbo - 150697
18:07:24 addons/boat_f_epc.pbo - 131911
18:07:24 addons/missions_f_bootcamp_data.pbo - 150867
18:07:24 addons/missions_f_epb.pbo - 119459
18:07:24 addons/map_vr_scenes_f.pbo - 119459
18:07:24 addons/functions_f_epa.pbo - 150249
18:07:24 addons/sounds_f_vehicles.pbo - 150867
18:07:24 addons/missions_f_beta_video.pbo - 119459
18:07:24 addons/static_f.pbo - 151061
18:07:24 addons/data_f_decade.pbo - 150764
18:07:24 addons/sounds_f_epc.pbo - 150867
18:07:24 addons/missions_f_epa_data.pbo - 119459
18:07:24 addons/missions_f_exp_a_data.pbo - 119459
18:07:24 addons/functions_f_epc.pbo - 119458
18:07:24 addons/air_f_beta.pbo - 151175
18:07:24 addons/languagemissions_f_epb.pbo - 151164
18:07:24 addons/armor_f_beta.pbo - 150339
18:07:24 addons/language_f_mod.pbo - 151164
18:07:24 addons/rocks_f.pbo - 149339
18:07:24 addons/misc_f.pbo - 119459
18:07:24 addons/missions_f_gamma_data.pbo - 119459
18:07:24 addons/languagemissions_f_beta.pbo - 151164
18:07:24 addons/anims_f_data.pbo - 148601
18:07:24 addons/dubbing_radio_f_data_engb.pbo - 119458
18:07:24 addons/map_altis_data_layers_00_00.pbo - 0000
18:07:24 addons/missions_f_bootcamp.pbo - 145509
18:07:24 addons/structures_f_households.pbo - 150926
18:07:24 addons/sounds_f_bootcamp.pbo - 150842
18:07:24 addons/characters_f_epc.pbo - 150968
18:07:24 addons/sounds_f_environment.pbo - 150867
18:07:24 addons/missions_f_epc.pbo - 141704
18:07:24 addons/props_f_exp_a.pbo - 147637
18:07:24 addons/armor_f_epc.pbo - 148819
18:07:24 addons/ui_f_exp_a.pbo - 119478
18:07:24 addons/missions_f_bootcamp_video.pbo - 119459
18:07:24 addons/ui_f_bootcamp.pbo - 119478
18:07:24 addons/structures_f_mil.pbo - 150697
18:07:24 addons/functions_f_exp_a.pbo - 150958
18:07:24 addons/map_stratis.pbo - 148442
18:07:24 addons/music_f_music.pbo - 119477
18:07:24 addons/map_altis_data.pbo - 135904
18:07:24 addons/characters_f_epb.pbo - 150968
18:07:24 addons/map_stratis_data.pbo - 135888
18:07:24 addons/anims_f_epc.pbo - 121358
18:07:24 addons/roads_f.pbo - 148432
18:07:24 addons/structures_f_epc.pbo - 148804
18:07:24 addons/weapons_f_bootcamp.pbo - 141713
18:07:24 addons/language_f_beta.pbo - 151164
18:07:24 addons/dubbing_f_warlords.pbo - 136700
18:07:24 addons/weapons_f_epc.pbo - 130416
18:07:24 addons/music_f_epc_music.pbo - 119477
18:07:24 addons/missions_f.pbo - 141704
18:07:24 addons/language_f_epb.pbo - 151164
18:07:24 addons/map_stratis_scenes_f.pbo - 119459
18:07:24 addons/structures_f_data.pbo - 148419
18:07:24 addons/characters_f_bootcamp.pbo - 149274
18:07:24 addons/languagemissions_f_bootcamp.pbo - 151164
18:07:24 addons/structures_f_exp_a.pbo - 150912
18:07:24 addons/language_f_exp_a.pbo - 151164
18:07:24 addons/music_f_epb.pbo - 119459
18:07:24 addons/characters_f.pbo - 151039
18:07:24 addons/missions_f_exp_a.pbo - 141704
18:07:24 addons/modules_f_data.pbo - 122470
18:07:24 addons/sounds_f_arsenal.pbo - 150867
18:07:24 addons/sounds_f_exp_a.pbo - 150867
18:07:24 addons/map_altis_data_layers_00_01.pbo - 0000
18:07:24 addons/editor_f.pbo - 121103
18:07:24 addons/boat_f_beta.pbo - 132036
18:07:24 addons/3den.pbo - 151061
18:07:24 addons/missions_f_epa.pbo - 150459
18:07:24 addons/languagemissions_f_gamma.pbo - 151164
18:07:24 addons/dubbing_f.pbo - 119457
18:07:24 addons/dubbing_radio_f_data_gre.pbo - 119458
18:07:24 addons/signs_f.pbo - 148432
18:07:24 addons/air_f_epb.pbo - 150885
18:07:24 addons/anims_f_bootcamp.pbo - 123209
18:07:24 addons/cargoposes_f.pbo - 149489
18:07:24 addons/dubbing_f_bootcamp.pbo - 119457
18:07:24 addons/anims_f_mod.pbo - 135280
18:07:24 addons/weapons_f_beta.pbo - 150174
18:07:24 addons/anims_f_epa.pbo - 134499
18:07:24 addons/map_altis_data_layers.pbo - 135913
18:07:24 addons/structures_f_ind.pbo - 150048
18:07:24 addons/air_f_epc.pbo - 150048
18:07:24 addons/music_f_epc.pbo - 119459
18:07:24 addons/dubbing_f_epa.pbo - 119457
18:07:24 addons/structures_f_wrecks.pbo - 148419
18:07:24 addons/languagemissions_f.pbo - 151164
18:07:24 addons/weapons_f.pbo - 151176
18:07:24 addons/modules_f_beta_data.pbo - 149274
18:07:24 addons/soft_f_gamma.pbo - 150920
18:07:24 addons/music_f_bootcamp_music.pbo - 119459
18:07:24 addons/language_f_decade.pbo - 151164
18:07:24 addons/language_f.pbo - 151164
18:07:24 addons/map_altis.pbo - 148442
18:07:24 addons/data_f.pbo - 151162
18:07:24 addons/characters_f_gamma.pbo - 150968
18:07:24 addons/static_f_beta.pbo - 132365
18:07:24 addons/functions_f_bootcamp.pbo - 151040
18:07:24 addons/characters_f_beta.pbo - 149965
18:07:24 addons/map_altis_scenes_f.pbo - 119459
18:07:24 addons/data_f_exp_b.pbo - 119457
18:07:24 addons/a3.pbo - unknown
18:07:24 addons/uifonts_f.pbo - 119478
18:07:24 addons/music_f_bootcamp.pbo - 119459
18:07:24 addons/missions_f_data.pbo - 119459
18:07:24 addons/dubbing_f_gamma.pbo - 122449
18:07:24 addons/sounds_f_decade.pbo - 150867
18:07:24 addons/armor_f.pbo - 149414
18:07:24 addons/dubbing_radio_f_data_eng.pbo - 119457
18:07:24 addons/structures_f_bootcamp.pbo - 143436
18:07:24 addons/functions_f_warlords.pbo - 150354
18:07:24 addons/uifonts_f_data.pbo - 150106
18:07:24 addons/data_f_bootcamp.pbo - 129618
18:07:24 addons/modules_f_warlords.pbo - 144205
18:07:24 addons/air_f.pbo - 150885
18:07:24 addons/weapons_f_epa.pbo - 150905
18:07:24 addons/functions_f.pbo - 151080
18:07:24 addons/weapons_f_epb.pbo - 137810
18:07:24 addons/boat_f.pbo - 150265
18:07:24 addons/sounds_f_characters.pbo - 150867
18:07:24 addons/anims_f_exp_a.pbo - 123209
18:07:24 addons/languagemissions_f_epc.pbo - 151164
18:07:24 addons/data_f_mod.pbo - 131534
18:07:24 addons/language_f_warlords.pbo - 151164
18:07:24 addons/missions_f_epa_video.pbo - 119459
18:07:24 addons/modules_f_exp_a.pbo - 119459
18:07:24 addons/structures_f_epa.pbo - 149252
18:07:24 addons/missions_f_beta_data.pbo - 150867
18:07:24 addons/armor_f_decade.pbo - 150805
18:07:24 addons/dubbing_f_epb.pbo - 119457
18:07:24 addons/dubbing_radio_f_data_per.pbo - 150218
18:07:24 addons/animals_f.pbo - 150071
18:07:24 addons/map_stratis_data_layers.pbo - 135888
18:07:24 addons/language_f_gamma.pbo - 151164
18:07:24 addons/dubbing_f_epc.pbo - 119457
18:07:24 addons/missions_f_gamma.pbo - 151061
18:07:24 addons/3den_language.pbo - 151164
18:07:24 addons/languagemissions_f_exp_a.pbo - 151164
18:07:24 addons/soft_f_beta.pbo - 150920
18:07:24 addons/languagemissions_f_epa.pbo - 151164
18:07:24 addons/weapons_f_mod.pbo - 149339
18:07:24 addons/sounds_f_epb.pbo - 150867
18:07:24 addons/modules_f_beta.pbo - 151162
18:07:24 addons/animals_f_beta.pbo - 150071
18:07:24 addons/characters_f_epa.pbo - 148392
18:07:24 addons/drones_f.pbo - 146855
18:07:24 addons/language_f_exp_b.pbo - 151164
18:07:24 addons/map_vr.pbo - 135900
18:07:24 addons/map_altis_data_layers_01_01.pbo - 0000
18:07:24 addons/ui_f_data.pbo - 151023
18:07:24 addons/dubbing_radio_f.pbo - 119457
18:07:24 addons/map_data.pbo - 134124
18:07:24 addons/ui_f_decade.pbo - 150746
18:07:24 addons/music_f_epb_music.pbo - 119459
18:07:24 addons/modules_f_bootcamp.pbo - 119459
18:07:24 addons/baseconfig_f.pbo - 119457
18:07:24 addons/missions_f_video.pbo - 119459
18:07:24 addons/armor_f_gamma.pbo - 150803
18:07:24 addons/characters_f_decade.pbo - 150784
18:07:24 addons/sounds_f_mod.pbo - 150867
18:07:24 addons/music_f.pbo - 119459
18:07:24 addons/missions_f_warlords.pbo - 145437
18:07:24 addons/editorpreviews_f_decade.pbo - 150645
18:07:24 addons/music_f_epa_music.pbo - 119459
18:07:24 addons/modules_f.pbo - 150958
18:07:24 addons/air_f_gamma.pbo - 150048
18:07:24 addons/data_f_warlords.pbo - 150867
18:07:24 addons/missions_f_beta.pbo - 150697
18:07:24 addons/functions_f_decade.pbo - 150807
18:07:24 addons/map_altis_data_layers_01_00.pbo - 0000
18:07:24 addons/data_f_exp_a.pbo - 119457
18:07:24 addons/dubbing_f_beta.pbo - 119457
18:07:24 addons/weapons_f_decade.pbo - 150757
18:07:24 addons/soft_f.pbo - 151061
18:07:24 addons/sounds_f.pbo - 150927
18:07:24 addons/plants_f.pbo - 148432
18:07:24 addons/sounds_f_sfx.pbo - 150867
18:07:24 addons/language_f_epc.pbo - 151164
18:07:24 addons/language_f_epa.pbo - 151164
18:07:24 addons/dubbing_radio_f_data_vr.pbo - 119458
18:07:24 addons/soft_f_epc.pbo - 150070
18:07:24 addons/editorpreviews_f.pbo - 151077
18:07:24 addons/ui_f.pbo - 151173
18:07:24 addons/soft_f_bootcamp.pbo - 150071
18:07:24 addons/weapons_f_gamma.pbo - 148783
18:07:24 addons/modules_f_epb.pbo - 134655
18:07:24 addons/boat_f_gamma.pbo - 127529
18:07:24 addons/armor_f_epb.pbo - 150260
18:07:24 addons/static_f_gamma.pbo - 122615
18:07:24 addons/anims_f.pbo - 150686
18:07:24 addons/structures_f_epb.pbo - 148421
18:07:24 addons/props_f_decade.pbo - 150920
18:07:24 addons/music_f_epa.pbo - 119459
18:07:24 addons/missions_f_gamma_video.pbo - 119459
18:07:24 addons/language_f_bootcamp.pbo - 151164
18:07:24 
18:07:24 =======================
18:07:24 
18:07:24 ============================================================================================= List of mods ===============================================================================================
18:07:24 modsReadOnly = true
18:07:24 safeModsActivated = false
18:07:24 customMods = true
18:07:24 hash = '90BDCFA91BC424BAD38183AEF2610A6703E12178'
18:07:24 hashShort = 'd45fd29e'
18:07:24                                               name |               modDir |    default |   official |               origin |                                     hash | hashShort | fullPath
18:07:24 ----------------------------------------------------------------------------------------------------------------------------------------------------------------------------------------------------------
18:07:24                 Pinned Down: Cover and Concealment | @PinnedDown_CoverConcealment |      false |      false |             GAME DIR | d7033a63c45dc8d505beb19cef1c84360209eb14 |   d3c6115 | /mnt/data/harmattan-sandbox/arma3server/@PinnedDown_CoverConcealment
18:07:24                          Pinned Down: Battle Lines | @PinnedDown_BattleLines |      false |      false |             GAME DIR | e14cd1c9d4536160ca9bcdd9690a344fcf8bcd3f |  5093e886 | /mnt/data/harmattan-sandbox/arma3server/@PinnedDown_BattleLines
18:07:24                             LAMBS Danger.fsm 2.6.1 |        @LAMBS_Danger |      false |      false |             GAME DIR | ca10ae45399b3640cb39fb0b9ca379938fdaa0bb |  92e2a26d | /mnt/data/harmattan-sandbox/arma3server/@LAMBS_Danger
18:07:24                          RHS: United States Forces |             @rhsafrf |      false |      false |             GAME DIR | 22dc683ee7645369b375f5d3a2db51a995658245 |  736ca0ba | /mnt/data/harmattan-sandbox/arma3server/@rhsafrf
18:07:24        RHS: Armed Forces of the Russian Federation |             @rhsusaf |      false |      false |             GAME DIR | c099f9533a1d61a33bef449594ec01c28661aa62 |  9f03db96 | /mnt/data/harmattan-sandbox/arma3server/@rhsusaf
18:07:24                      Community Base Addons v3.18.6 |              @CBA_A3 |      false |      false |             GAME DIR | 3e1466169722aa923029e8a6c1cd7a8542d6c9cd |  c1ea2f12 | /mnt/data/harmattan-sandbox/arma3server/@CBA_A3
18:07:24                                  Arma 3 Art of War |                  aow |       true |       true |             GAME DIR | 7685ba6030e4deb3c55cc1303fe4970086bb1d4e |  45cead90 | /mnt/data/harmattan-sandbox/arma3server/aow
18:07:24                          Arma 3 Contact (Platform) |                enoch |       true |       true |             GAME DIR | 60377b76eed5b3b0aa32b7eac60a47d283fcf0cc |  b428902f | /mnt/data/harmattan-sandbox/arma3server/enoch
18:07:24                                       Arma 3 Tanks |                 tank |       true |       true |             GAME DIR | ce4faa4b481d5beb49a49be538691d35e51771e2 |  6e220316 | /mnt/data/harmattan-sandbox/arma3server/tank
18:07:24                                     Arma 3 Tac-Ops |               tacops |       true |       true |             GAME DIR | ae5caba2339455413681ee7a0d13d6c3506c012c |  5150d064 | /mnt/data/harmattan-sandbox/arma3server/tacops
18:07:24                                 Arma 3 Laws of War |               orange |       true |       true |             GAME DIR | 842d91a189db46f5c940e3fecb475854965c87f7 |  107dffec | /mnt/data/harmattan-sandbox/arma3server/orange
18:07:24                                      Arma 3 Malden |                 argo |       true |       true |             GAME DIR | 6929f5532e7b80136be17f26a959c91eeb40ec0f |  aad6aaf5 | /mnt/data/harmattan-sandbox/arma3server/argo
18:07:24                                        Arma 3 Jets |                 jets |       true |       true |             GAME DIR | e4a48f3a8727e6b56d6082c1dd0b4ab3c42be223 |  7f335115 | /mnt/data/harmattan-sandbox/arma3server/jets
18:07:24                                        Arma 3 Apex |            expansion |       true |       true |             GAME DIR | 8e9eb113e1e92a3ba26280becd3f05e7bdfcd49c |  125ee13c | /mnt/data/harmattan-sandbox/arma3server/expansion
18:07:24                                    Arma 3 Marksmen |                 mark |       true |       true |             GAME DIR | 392d9e3a6fdbc19f01be0200b50a6a09413ecc63 |  140e9f85 | /mnt/data/harmattan-sandbox/arma3server/mark
18:07:24                                 Arma 3 Helicopters |                 heli |       true |       true |             GAME DIR | 0e67ef03a2e786a8e11e01c4b19cd104e120f282 |  61c33e7e | /mnt/data/harmattan-sandbox/arma3server/heli
18:07:24                                       Arma 3 Karts |                 kart |       true |       true |             GAME DIR | 0ab891520b9ac69ff9132ae6de7e2e199b884ca6 |  f6336162 | /mnt/data/harmattan-sandbox/arma3server/kart
18:07:24                                        Arma 3 Zeus |              curator |       true |       true |             GAME DIR | 53c3d7094eaa421dad414709f2834c660b583ad3 |  3b763ef8 | /mnt/data/harmattan-sandbox/arma3server/curator
18:07:24                                             Arma 3 |                   A3 |       true |       true |    NOT FOUND (Empty) |                                          |           | 
18:07:24 ==========================================================================================================================================================================================================
18:07:24 InitSound ...
18:07:24 InitSound - complete
18:07:24 Dedicated host created.
18:07:24 PhysX3 SDK Init started ...
18:07:24 PhysX3 SDK Init ended.
18:07:26 [CBA] (xeh) INFO: [0,15.006,0] PreStart started.
18:07:26 [CBA] (settings) INFO: Userconfig: Ignored.
18:07:26 [CBA] (xeh) INFO: [0,15.072,0] PreStart finished.
18:07:29 Warning Message: You cannot play/edit this mission; it is dependent on downloadable content that has been deleted.\na3_characters_f
18:07:29 Loading movesType CfgGesturesMale
18:07:29 MovesType CfgGesturesMale load time 83.0 ms
18:07:29 Loading movesType CfgMovesMaleSdr
18:07:39 Warning: looped for animation: a3\anims_f_epa\data\anim\sdr\cts\hubcleaned\briefing\hubbriefing_loop.rtm differs (looped now 0)! MoveName: hubbriefing_ext
18:07:42 Warning: looped for animation: a3\anims_f_epa\data\anim\sdr\cts\hubcleaned\spectator\hubspectator_stand.rtm differs (looped now 1)! MoveName: hubspectator_stand_contact
18:07:43 MovesType CfgMovesMaleSdr load time 14123.0 ms
18:07:43 BattlEye Server: Initialized (v1.220, Arma 3 2.20.152984)
[S_API] SteamAPI_Init(): Loaded '/home/younes/.steam/debian-installation/linux64/steamclient.so' OK.
08/04 18:07:43 minidumps folder is set to /tmp/dumps
SteamInternal_SetMinidumpSteamID:  Caching Steam ID:  76561197960265728 [API loaded no]
18:07:43 Game Port: 6002, Steam Query Port: 6003
18:07:43 Initializing Steam server - Game Port: 6002, Steam Query Port: 6003
Arma 3 Console version 2.20.152984 x64 : port 6002
18:07:43 Mission BancArma.Stratis read from directory.
18:07:43 Mission BancArma.Stratis: Number of roles (0) is different from 'description.ext::Header::maxPlayer' (1)
18:07:43 Mission BancArma.Stratis: 'description.ext::Header::minPlayer' (1) is too high - there is 0 roles
18:07:43 Host identity created.
18:07:43 Roles assigned.
18:07:43 Reading mission ...
18:07:43 Starting mission:
18:07:43  Mission file: BancArma
18:07:43  Mission world: Stratis
18:07:43  Mission directory: mpmissions\BancArma.Stratis\
18:07:44 No more slot to add connection at 033057 (3386.8,5735.4)
18:07:45 [CBA] (xeh) INFO: [792,33.292,0] PreInit started. v3.18.6.260327
18:07:45 [CBA] (settings) INFO: Reading settings from settings file.
18:07:45 [CBA] (settings) INFO: Finished reading settings from settings file.
18:07:45 "[BL] Pinned Down: Battle Lines preInit (v0.74.0af transport distance test)"
18:07:45 [CBA] (xeh) INFO: [792,33.465,0] PreInit finished.
18:07:45 Mission read.
18:07:45 Connected to Steam servers
18:07:45 [CBA] (xeh) INFO: [792,33.476,0] PostInit started. MISSIONINIT: missionName=BancArma, missionVersion=54, worldName=Stratis, isMultiplayer=true, isServer=true, isDedicated=true, CBA_isHeadlessClient=false, hasInterface=false, didJIP=false
18:07:45 [CBA] (versioning) INFO: [792,33.483,0] VERSIONING:cba=3.18.6.260327
18:07:45 "[PD COVER AND CONCEALMENT] initialized version=0.1.29 scheduler=CBA_PFH existingUnits=0 debug=false"
18:07:45 [CBA] (xeh) INFO: [792,33.635,0] PostInit finished.
18:07:45 ../lib/Network/networkServer.cpp OnClientStateChanged:NOT IMPLEMENTED - briefing!
18:07:45  Mission id: 1f8ff9d6235257509958c6c0a374fcf22a6cbb37
18:07:45 Game started.
18:07:45 Attempt to override final function - bis_fnc_storeparamsvalues_data
18:07:51 "HMT|SMOKE|debut|1"
18:08:11 Strange convex component145 in a3\plants_f\tree\t_pinuss2s_b_f.p3d:geometryView
18:08:11 Strange convex component149 in a3\plants_f\tree\t_pinuss2s_b_f.p3d:geometryView
18:08:11 "HMT|SMOKE|terrain|1854|5351|denivele|10"
18:08:15 "HMT|SMOKE|phase|A|caps_forces_personne"
18:08:15 "HMT|SMOKE|releve|A|libre|0|regard_cap|15|arme_cap|28|regard_cible|-1|arme_cible|-1"
18:08:16 "HMT|SMOKE|releve|A|libre|0|regard_cap|0|arme_cap|33|regard_cible|-1|arme_cible|-1"
18:08:17 "HMT|SMOKE|releve|A|libre|0|regard_cap|0|arme_cap|33|regard_cible|-1|arme_cible|-1"
18:08:18 "HMT|SMOKE|releve|A|libre|0|regard_cap|0|arme_cap|35|regard_cible|-1|arme_cible|-1"
18:08:19 "HMT|SMOKE|releve|A|libre|0|regard_cap|0|arme_cap|34|regard_cible|-1|arme_cible|-1"
18:08:20 "HMT|SMOKE|releve|A|libre|0|regard_cap|0|arme_cap|35|regard_cible|-1|arme_cible|-1"
18:08:21 "HMT|SMOKE|releve|A|libre|0|regard_cap|0|arme_cap|34|regard_cible|-1|arme_cible|-1"
18:08:22 "HMT|SMOKE|releve|A|libre|0|regard_cap|0|arme_cap|35|regard_cible|-1|arme_cible|-1"
18:08:23 "HMT|SMOKE|releve|A|libre|0|regard_cap|0|arme_cap|33|regard_cible|-1|arme_cible|-1"
18:08:24 "HMT|SMOKE|releve|A|libre|0|regard_cap|0|arme_cap|33|regard_cible|-1|arme_cible|-1"
18:08:25 "HMT|SMOKE|releve|A|libre|0|regard_cap|0|arme_cap|33|regard_cible|-1|arme_cible|-1"
18:08:26 "HMT|SMOKE|releve|A|libre|0|regard_cap|0|arme_cap|33|regard_cible|-1|arme_cible|-1"
18:08:27 "HMT|SMOKE|releve|A|libre|0|regard_cap|0|arme_cap|33|regard_cible|-1|arme_cible|-1"
18:08:28 "HMT|SMOKE|releve|A|libre|0|regard_cap|0|arme_cap|33|regard_cible|-1|arme_cible|-1"
18:08:29 "HMT|SMOKE|releve|A|libre|0|regard_cap|0|arme_cap|33|regard_cible|-1|arme_cible|-1"
18:08:30 "HMT|SMOKE|releve|A|libre|0|regard_cap|0|arme_cap|33|regard_cible|-1|arme_cible|-1"
18:08:31 "HMT|SMOKE|releve|A|libre|0|regard_cap|1|arme_cap|33|regard_cible|-1|arme_cible|-1"
18:08:32 "HMT|SMOKE|releve|A|libre|0|regard_cap|4|arme_cap|34|regard_cible|-1|arme_cible|-1"
18:08:33 "HMT|SMOKE|releve|A|libre|0|regard_cap|6|arme_cap|34|regard_cible|-1|arme_cible|-1"
18:08:34 "HMT|SMOKE|releve|A|libre|0|regard_cap|8|arme_cap|34|regard_cible|-1|arme_cible|-1"
18:08:35 "HMT|SMOKE|releve|A|libre|0|regard_cap|0|arme_cap|35|regard_cible|-1|arme_cible|-1"
18:08:36 "HMT|SMOKE|releve|A|libre|0|regard_cap|4|arme_cap|35|regard_cible|-1|arme_cible|-1"
18:08:37 "HMT|SMOKE|releve|A|libre|0|regard_cap|11|arme_cap|33|regard_cible|-1|arme_cible|-1"
18:08:38 "HMT|SMOKE|releve|A|libre|0|regard_cap|14|arme_cap|33|regard_cible|-1|arme_cible|-1"
18:08:39 "HMT|SMOKE|releve|A|libre|0|regard_cap|16|arme_cap|33|regard_cible|-1|arme_cible|-1"
18:08:40 "HMT|SMOKE|releve|A|libre|0|regard_cap|8|arme_cap|33|regard_cible|-1|arme_cible|-1"
18:08:41 "HMT|SMOKE|releve|A|libre|0|regard_cap|0|arme_cap|33|regard_cible|-1|arme_cible|-1"
18:08:42 "HMT|SMOKE|releve|A|libre|0|regard_cap|0|arme_cap|33|regard_cible|-1|arme_cible|-1"
18:08:43 "HMT|SMOKE|releve|A|libre|0|regard_cap|20|arme_cap|35|regard_cible|-1|arme_cible|-1"
18:08:44 "HMT|SMOKE|releve|A|libre|0|regard_cap|20|arme_cap|33|regard_cible|-1|arme_cible|-1"
18:08:45 "HMT|SMOKE|phase|B|caps_liberes_personne"
18:08:45 "HMT|SMOKE|releve|B|libre|1|regard_cap|28|arme_cap|30|regard_cible|-1|arme_cible|-1"
18:08:46 "HMT|SMOKE|releve|B|libre|1|regard_cap|13|arme_cap|28|regard_cible|-1|arme_cible|-1"
18:08:47 "HMT|SMOKE|releve|B|libre|1|regard_cap|21|arme_cap|27|regard_cible|-1|arme_cible|-1"
18:08:48 "HMT|SMOKE|releve|B|libre|1|regard_cap|23|arme_cap|30|regard_cible|-1|arme_cible|-1"
18:08:49 "HMT|SMOKE|releve|B|libre|1|regard_cap|20|arme_cap|32|regard_cible|-1|arme_cible|-1"
18:08:50 "HMT|SMOKE|releve|B|libre|1|regard_cap|13|arme_cap|32|regard_cible|-1|arme_cible|-1"
18:08:51 "HMT|SMOKE|releve|B|libre|1|regard_cap|13|arme_cap|33|regard_cible|-1|arme_cible|-1"
18:08:52 "HMT|SMOKE|releve|B|libre|1|regard_cap|13|arme_cap|35|regard_cible|-1|arme_cible|-1"
18:08:53 "HMT|SMOKE|releve|B|libre|1|regard_cap|13|arme_cap|37|regard_cible|-1|arme_cible|-1"
18:08:54 "HMT|SMOKE|releve|B|libre|1|regard_cap|13|arme_cap|36|regard_cible|-1|arme_cible|-1"
18:08:55 "HMT|SMOKE|releve|B|libre|1|regard_cap|13|arme_cap|32|regard_cible|-1|arme_cible|-1"
18:08:56 "HMT|SMOKE|releve|B|libre|1|regard_cap|13|arme_cap|29|regard_cible|-1|arme_cible|-1"
18:08:57 "HMT|SMOKE|releve|B|libre|1|regard_cap|13|arme_cap|30|regard_cible|-1|arme_cible|-1"
18:08:58 "HMT|SMOKE|releve|B|libre|1|regard_cap|13|arme_cap|31|regard_cible|-1|arme_cible|-1"
18:08:59 "HMT|SMOKE|releve|B|libre|1|regard_cap|13|arme_cap|31|regard_cible|-1|arme_cible|-1"
18:09:00 "HMT|SMOKE|releve|B|libre|1|regard_cap|20|arme_cap|31|regard_cible|-1|arme_cible|-1"
18:09:01 "HMT|SMOKE|releve|B|libre|1|regard_cap|24|arme_cap|31|regard_cible|-1|arme_cible|-1"
18:09:02 "HMT|SMOKE|releve|B|libre|1|regard_cap|28|arme_cap|31|regard_cible|-1|arme_cible|-1"
18:09:03 "HMT|SMOKE|releve|B|libre|1|regard_cap|27|arme_cap|31|regard_cible|-1|arme_cible|-1"
18:09:04 "HMT|SMOKE|releve|B|libre|1|regard_cap|31|arme_cap|31|regard_cible|-1|arme_cible|-1"
18:09:05 "HMT|SMOKE|releve|B|libre|1|regard_cap|22|arme_cap|31|regard_cible|-1|arme_cible|-1"
18:09:06 "HMT|SMOKE|releve|B|libre|1|regard_cap|13|arme_cap|31|regard_cible|-1|arme_cible|-1"
18:09:07 "HMT|SMOKE|releve|B|libre|1|regard_cap|10|arme_cap|30|regard_cible|-1|arme_cible|-1"
18:09:08 "HMT|SMOKE|releve|B|libre|1|regard_cap|19|arme_cap|30|regard_cible|-1|arme_cible|-1"
18:09:09 "HMT|SMOKE|releve|B|libre|1|regard_cap|24|arme_cap|30|regard_cible|-1|arme_cible|-1"
18:09:10 "HMT|SMOKE|releve|B|libre|1|regard_cap|18|arme_cap|28|regard_cible|-1|arme_cible|-1"
18:09:11 "HMT|SMOKE|releve|B|libre|1|regard_cap|18|arme_cap|30|regard_cible|-1|arme_cible|-1"
18:09:12 "HMT|SMOKE|releve|B|libre|1|regard_cap|13|arme_cap|31|regard_cible|-1|arme_cible|-1"
18:09:13 "HMT|SMOKE|releve|B|libre|1|regard_cap|13|arme_cap|30|regard_cible|-1|arme_cible|-1"
18:09:14 "HMT|SMOKE|releve|B|libre|1|regard_cap|13|arme_cap|27|regard_cible|-1|arme_cible|-1"
18:09:15 "HMT|SMOKE|releve|B|libre|1|regard_cap|13|arme_cap|31|regard_cible|-1|arme_cible|-1"
18:09:16 "HMT|SMOKE|releve|B|libre|1|regard_cap|13|arme_cap|33|regard_cible|-1|arme_cible|-1"
18:09:17 "HMT|SMOKE|releve|B|libre|1|regard_cap|13|arme_cap|38|regard_cible|-1|arme_cible|-1"
18:09:18 "HMT|SMOKE|releve|B|libre|1|regard_cap|13|arme_cap|35|regard_cible|-1|arme_cible|-1"
18:09:19 "HMT|SMOKE|releve|B|libre|1|regard_cap|23|arme_cap|23|regard_cible|-1|arme_cible|-1"
18:09:20 "HMT|SMOKE|releve|B|libre|1|regard_cap|23|arme_cap|22|regard_cible|-1|arme_cible|-1"
18:09:21 "HMT|SMOKE|releve|B|libre|1|regard_cap|23|arme_cap|33|regard_cible|-1|arme_cible|-1"
18:09:22 "HMT|SMOKE|releve|B|libre|1|regard_cap|23|arme_cap|34|regard_cible|-1|arme_cible|-1"
18:09:24 "HMT|SMOKE|releve|B|libre|1|regard_cap|23|arme_cap|37|regard_cible|-1|arme_cible|-1"
18:09:25 "HMT|SMOKE|releve|B|libre|1|regard_cap|13|arme_cap|45|regard_cible|-1|arme_cible|-1"
18:09:26 "HMT|SMOKE|releve|T|libre|0|regard_cap|0|arme_cap|37|regard_cible|-1|arme_cible|-1"
18:09:27 "HMT|SMOKE|releve|T|libre|0|regard_cap|0|arme_cap|32|regard_cible|-1|arme_cible|-1"
18:09:28 "HMT|SMOKE|releve|T|libre|0|regard_cap|0|arme_cap|31|regard_cible|-1|arme_cible|-1"
18:09:29 "HMT|SMOKE|releve|T|libre|0|regard_cap|6|arme_cap|31|regard_cible|-1|arme_cible|-1"
18:09:30 "HMT|SMOKE|releve|T|libre|0|regard_cap|8|arme_cap|30|regard_cible|-1|arme_cible|-1"
18:09:31 "HMT|SMOKE|releve|T|libre|0|regard_cap|9|arme_cap|31|regard_cible|-1|arme_cible|-1"
18:09:32 "HMT|SMOKE|releve|T|libre|0|regard_cap|13|arme_cap|31|regard_cible|-1|arme_cible|-1"
18:09:33 "HMT|SMOKE|releve|T|libre|0|regard_cap|6|arme_cap|32|regard_cible|-1|arme_cible|-1"
18:09:34 "HMT|SMOKE|releve|T|libre|0|regard_cap|12|arme_cap|33|regard_cible|-1|arme_cible|-1"
18:09:35 "HMT|SMOKE|releve|T|libre|0|regard_cap|16|arme_cap|34|regard_cible|-1|arme_cible|-1"
18:09:36 "HMT|SMOKE|releve|T|libre|0|regard_cap|18|arme_cap|33|regard_cible|-1|arme_cible|-1"
18:09:37 "HMT|SMOKE|releve|T|libre|0|regard_cap|10|arme_cap|33|regard_cible|-1|arme_cible|-1"
18:09:38 "HMT|SMOKE|releve|T|libre|0|regard_cap|10|arme_cap|33|regard_cible|-1|arme_cible|-1"
18:09:39 "HMT|SMOKE|releve|T|libre|0|regard_cap|8|arme_cap|33|regard_cible|-1|arme_cible|-1"
18:09:40 "HMT|SMOKE|releve|T|libre|0|regard_cap|0|arme_cap|33|regard_cible|-1|arme_cible|-1"
18:09:41 "HMT|SMOKE|releve|T|libre|0|regard_cap|0|arme_cap|33|regard_cible|-1|arme_cible|-1"
18:09:42 "HMT|SMOKE|releve|T|libre|0|regard_cap|0|arme_cap|33|regard_cible|-1|arme_cible|-1"
18:09:43 "HMT|SMOKE|releve|T|libre|0|regard_cap|0|arme_cap|33|regard_cible|-1|arme_cible|-1"
18:09:44 "HMT|SMOKE|releve|T|libre|0|regard_cap|0|arme_cap|34|regard_cible|-1|arme_cible|-1"
18:09:45 "HMT|SMOKE|releve|C|libre|0|regard_cap|18|arme_cap|36|regard_cible|27|arme_cible|65"
18:09:46 "HMT|SMOKE|releve|C|libre|0|regard_cap|13|arme_cap|39|regard_cible|23|arme_cible|68"
18:09:47 "HMT|SMOKE|releve|C|libre|0|regard_cap|22|arme_cap|32|regard_cible|32|arme_cible|60"
18:09:48 "HMT|SMOKE|releve|C|libre|0|regard_cap|25|arme_cap|28|regard_cible|37|arme_cible|56"
18:09:49 "HMT|SMOKE|releve|C|libre|0|regard_cap|18|arme_cap|9|regard_cible|31|arme_cible|35"
18:09:50 "HMT|SMOKE|phase|C|fixateurs|3|know_avant_tir|4"
18:09:50 "HMT|SMOKE|releve|C|libre|0|regard_cap|27|arme_cap|9|regard_cible|30|arme_cible|20"
18:09:51 "HMT|SMOKE|releve|C|libre|0|regard_cap|4|arme_cap|17|regard_cible|24|arme_cible|11"
18:09:51 "HMT|SMOKE|liberation|au_tir|3"
18:09:52 "HMT|SMOKE|releve|C|libre|1|regard_cap|7|arme_cap|30|regard_cible|22|arme_cible|4"
18:09:53 "HMT|SMOKE|releve|C|libre|1|regard_cap|7|arme_cap|34|regard_cible|22|arme_cible|8"
18:09:54 "HMT|SMOKE|releve|C|libre|1|regard_cap|8|arme_cap|32|regard_cible|21|arme_cible|4"
18:09:55 "HMT|SMOKE|releve|C|libre|1|regard_cap|8|arme_cap|32|regard_cible|21|arme_cible|4"
18:09:56 "HMT|SMOKE|releve|C|libre|1|regard_cap|9|arme_cap|32|regard_cible|20|arme_cible|3"
18:09:57 "HMT|SMOKE|releve|C|libre|1|regard_cap|8|arme_cap|32|regard_cible|20|arme_cible|3"
18:09:58 "HMT|SMOKE|releve|C|libre|1|regard_cap|9|arme_cap|30|regard_cible|19|arme_cible|2"
18:09:59 "HMT|SMOKE|releve|C|libre|1|regard_cap|8|arme_cap|31|regard_cible|20|arme_cible|3"
18:10:00 "HMT|SMOKE|releve|C|libre|1|regard_cap|9|arme_cap|32|regard_cible|20|arme_cible|3"
18:10:01 "HMT|SMOKE|releve|C|libre|1|regard_cap|8|arme_cap|32|regard_cible|20|arme_cible|4"
18:10:02 "HMT|SMOKE|releve|C|libre|1|regard_cap|7|arme_cap|32|regard_cible|21|arme_cible|4"
18:10:03 "HMT|SMOKE|releve|C|libre|1|regard_cap|9|arme_cap|31|regard_cible|19|arme_cible|3"
18:10:04 "HMT|SMOKE|releve|C|libre|1|regard_cap|8|arme_cap|31|regard_cible|20|arme_cible|3"
18:10:05 "HMT|SMOKE|releve|C|libre|1|regard_cap|8|arme_cap|31|regard_cible|20|arme_cible|3"
18:10:06 "HMT|SMOKE|releve|C|libre|1|regard_cap|8|arme_cap|32|regard_cible|21|arme_cible|4"
18:10:07 "HMT|SMOKE|releve|C|libre|1|regard_cap|9|arme_cap|32|regard_cible|20|arme_cible|3"
18:10:08 "HMT|SMOKE|tirs_comptes|58"
18:10:08 "HMT|SMOKE|releve|C|libre|1|regard_cap|8|arme_cap|32|regard_cible|21|arme_cible|4"
18:10:09 "HMT|SMOKE|releve|C|libre|1|regard_cap|8|arme_cap|32|regard_cible|21|arme_cible|3"
18:10:10 "HMT|SMOKE|releve|C|libre|1|regard_cap|8|arme_cap|32|regard_cible|20|arme_cible|3"
18:10:11 "HMT|SMOKE|releve|C|libre|1|regard_cap|10|arme_cap|35|regard_cible|19|arme_cible|6"
18:10:12 "HMT|SMOKE|releve|C|libre|1|regard_cap|9|arme_cap|36|regard_cible|20|arme_cible|7"
18:10:13 "HMT|SMOKE|releve|C|libre|1|regard_cap|8|arme_cap|34|regard_cible|21|arme_cible|6"
18:10:14 "HMT|SMOKE|releve|C|libre|1|regard_cap|9|arme_cap|31|regard_cible|19|arme_cible|3"
18:10:15 "HMT|SMOKE|releve|C|libre|1|regard_cap|8|arme_cap|31|regard_cible|20|arme_cible|3"
18:10:16 "HMT|SMOKE|releve|C|libre|1|regard_cap|9|arme_cap|31|regard_cible|20|arme_cible|3"
18:10:17 "HMT|SMOKE|releve|C|libre|1|regard_cap|8|arme_cap|32|regard_cible|20|arme_cible|4"
18:10:18 "HMT|SMOKE|releve|C|libre|1|regard_cap|10|arme_cap|30|regard_cible|19|arme_cible|2"
18:10:19 "HMT|SMOKE|releve|C|libre|1|regard_cap|8|arme_cap|32|regard_cible|20|arme_cible|4"
18:10:20 "HMT|SMOKE|releve|C|libre|1|regard_cap|8|arme_cap|32|regard_cible|20|arme_cible|3"
18:10:21 "HMT|SMOKE|releve|C|libre|1|regard_cap|8|arme_cap|31|regard_cible|20|arme_cible|3"
18:10:22 "HMT|SMOKE|releve|C|libre|1|regard_cap|9|arme_cap|31|regard_cible|20|arme_cible|3"
18:10:23 "HMT|SMOKE|releve|C|libre|1|regard_cap|9|arme_cap|31|regard_cible|20|arme_cible|3"
18:10:24 "HMT|SMOKE|releve|C|libre|1|regard_cap|9|arme_cap|31|regard_cible|19|arme_cible|2"
18:10:25 "HMT|SMOKE|releve|C|libre|1|regard_cap|9|arme_cap|31|regard_cible|19|arme_cible|2"
18:10:26 "HMT|SMOKE|releve|C|libre|1|regard_cap|8|arme_cap|31|regard_cible|20|arme_cible|3"
18:10:27 "HMT|SMOKE|releve|C|libre|1|regard_cap|9|arme_cap|31|regard_cible|20|arme_cible|3"
18:10:28 "HMT|SMOKE|releve|C|libre|1|regard_cap|9|arme_cap|30|regard_cible|19|arme_cible|2"
18:10:29 "HMT|SMOKE|releve|C|libre|1|regard_cap|8|arme_cap|31|regard_cible|20|arme_cible|3"
18:10:30 "HMT|SMOKE|releve|C|libre|1|regard_cap|9|arme_cap|31|regard_cible|19|arme_cible|2"
18:10:31 "HMT|SMOKE|releve|C|libre|1|regard_cap|8|arme_cap|33|regard_cible|20|arme_cible|5"
18:10:32 "HMT|SMOKE|releve|C|libre|1|regard_cap|8|arme_cap|34|regard_cible|20|arme_cible|6"
18:10:33 "HMT|SMOKE|releve|C|libre|1|regard_cap|8|arme_cap|33|regard_cible|20|arme_cible|5"
18:10:34 "HMT|SMOKE|releve|C|libre|1|regard_cap|8|arme_cap|32|regard_cible|20|arme_cible|4"
18:10:35 "HMT|SMOKE|releve|C|libre|1|regard_cap|7|arme_cap|32|regard_cible|21|arme_cible|4"
18:10:36 "HMT|SMOKE|releve|C|libre|1|regard_cap|7|arme_cap|32|regard_cible|21|arme_cible|4"
18:10:37 "HMT|SMOKE|releve|C|libre|1|regard_cap|8|arme_cap|32|regard_cible|20|arme_cible|3"
18:10:39 "HMT|SMOKE|releve|C|libre|1|regard_cap|9|arme_cap|31|regard_cible|20|arme_cible|3"
18:10:40 "HMT|SMOKE|releve|C|libre|1|regard_cap|7|arme_cap|32|regard_cible|21|arme_cible|4"
18:10:41 "HMT|SMOKE|releve|C|libre|1|regard_cap|9|arme_cap|31|regard_cible|19|arme_cible|3"
18:10:42 "HMT|SMOKE|releve|C|libre|1|regard_cap|9|arme_cap|31|regard_cible|20|arme_cible|3"
18:10:43 "HMT|SMOKE|releve|C|libre|1|regard_cap|9|arme_cap|30|regard_cible|19|arme_cible|3"
18:10:44 "HMT|SMOKE|releve|C|libre|1|regard_cap|9|arme_cap|31|regard_cible|20|arme_cible|2"
18:10:45 "HMT|SMOKE|releve|C|libre|1|regard_cap|9|arme_cap|32|regard_cible|20|arme_cible|3"
18:10:46 "HMT|SMOKE|releve|C|libre|1|regard_cap|10|arme_cap|30|regard_cible|18|arme_cible|2"
18:10:47 "HMT|SMOKE|releve|C|libre|1|regard_cap|8|arme_cap|32|regard_cible|21|arme_cible|4"
18:10:48 "HMT|SMOKE|releve|C|libre|1|regard_cap|8|arme_cap|31|regard_cible|20|arme_cible|3"
18:10:49 "HMT|SMOKE|releve|C|libre|1|regard_cap|10|arme_cap|30|regard_cible|19|arme_cible|2"
18:10:50 "HMT|SMOKE|releve|C|libre|1|regard_cap|8|arme_cap|31|regard_cible|20|arme_cible|3"
18:10:51 "HMT|SMOKE|releve|C|libre|1|regard_cap|8|arme_cap|32|regard_cible|21|arme_cible|4"
18:10:52 "HMT|SMOKE|releve|C|libre|1|regard_cap|8|arme_cap|32|regard_cible|20|arme_cible|3"
18:10:53 "HMT|SMOKE|releve|C|libre|1|regard_cap|9|arme_cap|35|regard_cible|19|arme_cible|7"
18:10:53 "HMT|SMOKE|phase|C|know_apres_tir|4"
18:10:53 "HMT|SMOKE|TERMINE|1"
