 4:05:35 SteamAPI initialization failed. Steam features won't be accessible!
 4:05:35 Initializing stats manager.
sh: 1: /sbin/ifconfig: not found
 4:05:35 Stats config disabled.
 4:05:35 sessionID: ee4ebc732e5d9ca83425c3046f76a2487e067042
 4:05:41 Unsupported language English in stringtable
 4:05:41  ➥ Context: rhsafrf\addons\rhs_main\stringtable.xml
 4:05:43 Skipped loading of addon 'cba_xeh_csla' as required addon 'CSLA' is not present
 4:05:43 Skipped loading of addon 'cba_xeh_contact' as required addon 'A3_Data_F_Contact' is not present
 4:05:43 Skipped loading of addon 'cba_jam_rf' as required addon 'RF_Data_Loadorder' is not present
 4:05:43 Skipped loading of addon 'cba_jam_csla' as required addon 'CSLA' is not present
 4:05:43 Skipped loading of addon 'cba_jam_vn' as required addon 'loadorder_f_vietnam' is not present
 4:05:43 Skipped loading of addon 'cba_jam_gm' as required addon 'gm_weapons_launchers_carlgustaf' is not present
 4:05:43 Skipped loading of addon 'cba_xeh_ws' as required addon 'data_f_lxWS' is not present
 4:05:43 Skipped loading of addon 'cba_jr_gm' as required addon 'gm_weapons_attachments_optics_feroz24' is not present
 4:05:43 Skipped loading of addon 'cba_jam_ws' as required addon 'data_f_lxWS_Loadorder' is not present
 4:05:43 Skipped loading of addon 'cba_jam_spe' as required addon 'WW2_SPE_Core_c_ZZZ_LastLoaded_c' is not present
 4:05:43 Skipped loading of addon 'cba_xeh_sog' as required addon 'loadorder_f_vietnam' is not present
 4:05:43 Updating base class RscShortcutButton->RscButton, by a3\editor_f\config.bin/RscDisplayEditObject/Controls/B_OK/ (original bin\config.bin)
 4:05:43 Updating base class RscSliderH->RscXSliderH, by a3\editor_f\config.bin/RscDisplayEditObject/Slider/ (original bin\config.bin)
 4:05:43 Updating base class RscText->RscPicture, by a3\editor_f\config.bin/RscDisplayEditObject/Preview/ (original bin\config.bin)
 4:05:43 Updating base class RscShortcutButton->RscButton, by a3\editor_f\config.bin/RscDisplayMissionLoad/Controls/B_OK/ (original bin\config.bin)
 4:05:43 Updating base class RscShortcutButton->RscButton, by a3\editor_f\config.bin/RscDisplayMissionSave/Controls/B_OK/ (original bin\config.bin)
 4:05:44 Updating base class ->RscControlsGroup, by a3\ui_f\config.bin/RscControlsGroupNoScrollbars/ (original a3\ui_f\config.bin)
 4:05:44 Updating base class ->RscControlsGroup, by a3\ui_f\config.bin/RscControlsGroupNoHScrollbars/ (original a3\ui_f\config.bin)
 4:05:44 Updating base class ->RscControlsGroup, by a3\ui_f\config.bin/RscControlsGroupNoVScrollbars/ (original a3\ui_f\config.bin)
 4:05:44 Updating base class ->RscText, by a3\ui_f\config.bin/RscLine/ (original a3\ui_f\config.bin)
 4:05:44 Updating base class ->RscActiveText, by a3\ui_f\config.bin/RscActivePicture/ (original a3\ui_f\config.bin)
 4:05:44 Updating base class ->RscButton, by a3\ui_f\config.bin/RscButtonTextOnly/ (original a3\ui_f\config.bin)
 4:05:44 Updating base class ->RscShortcutButton, by a3\ui_f\config.bin/RscShortcutButtonMain/ (original a3\ui_f\config.bin)
 4:05:44 Updating base class ->RscShortcutButton, by a3\ui_f\config.bin/RscButtonEditor/ (original a3\ui_f\config.bin)
 4:05:44 Updating base class ->RscShortcutButton, by a3\ui_f\config.bin/RscIGUIShortcutButton/ (original a3\ui_f\config.bin)
 4:05:44 Updating base class ->RscShortcutButton, by a3\ui_f\config.bin/RscGearShortcutButton/ (original a3\ui_f\config.bin)
 4:05:44 Updating base class ->RscShortcutButton, by a3\ui_f\config.bin/RscButtonMenu/ (original a3\ui_f\config.bin)
 4:05:44 Updating base class ->RscButtonMenu, by a3\ui_f\config.bin/RscButtonMenuOK/ (original a3\ui_f\config.bin)
 4:05:44 Updating base class ->RscButtonMenu, by a3\ui_f\config.bin/RscButtonMenuCancel/ (original a3\ui_f\config.bin)
 4:05:44 Updating base class ->RscButtonMenu, by a3\ui_f\config.bin/RscButtonMenuSteam/ (original a3\ui_f\config.bin)
 4:05:44 Updating base class ->RscText, by a3\ui_f\config.bin/RscLoadingText/ (original a3\ui_f\config.bin)
 4:05:44 Updating base class ->RscListBox, by a3\ui_f\config.bin/RscIGUIListBox/ (original a3\ui_f\config.bin)
 4:05:44 Updating base class ->RscListNBox, by a3\ui_f\config.bin/RscIGUIListNBox/ (original a3\ui_f\config.bin)
 4:05:44 Updating base class ->RscText, by a3\ui_f\config.bin/RscBackground/ (original a3\ui_f\config.bin)
 4:05:44 Updating base class ->RscText, by a3\ui_f\config.bin/RscBackgroundGUI/ (original a3\ui_f\config.bin)
 4:05:44 Updating base class ->RscPicture, by a3\ui_f\config.bin/RscBackgroundGUILeft/ (original a3\ui_f\config.bin)
 4:05:44 Updating base class ->RscPicture, by a3\ui_f\config.bin/RscBackgroundGUIRight/ (original a3\ui_f\config.bin)
 4:05:44 Updating base class ->RscPicture, by a3\ui_f\config.bin/RscBackgroundGUIBottom/ (original a3\ui_f\config.bin)
 4:05:44 Updating base class ->RscText, by a3\ui_f\config.bin/RscBackgroundGUITop/ (original a3\ui_f\config.bin)
 4:05:44 Updating base class ->RscText, by a3\ui_f\config.bin/RscBackgroundGUIDark/ (original a3\ui_f\config.bin)
 4:05:44 Updating base class ->RscPictureKeepAspect, by a3\ui_f\config.bin/RscBackgroundLogo/ (original a3\ui_f\config.bin)
 4:05:44 Updating base class ->RscMapControl, by a3\ui_f\config.bin/RscMapControlEmpty/ (original a3\ui_f\config.bin)
 4:05:44 Updating base class ->RscPicture, by a3\ui_f\config.bin/CA_Mainback/ (original a3\ui_f\config.bin)
 4:05:44 Updating base class ->CA_Mainback, by a3\ui_f\config.bin/CA_Back/ (original a3\ui_f\config.bin)
 4:05:44 Updating base class ->CA_Mainback, by a3\ui_f\config.bin/CA_Title_Back/ (original a3\ui_f\config.bin)
 4:05:44 Updating base class ->CA_Mainback, by a3\ui_f\config.bin/CA_Black_Back/ (original a3\ui_f\config.bin)
 4:05:44 Updating base class ->RscTitle, by a3\ui_f\config.bin/CA_Title/ (original a3\ui_f\config.bin)
 4:05:44 Updating base class ->RscPictureKeepAspect, by a3\ui_f\config.bin/CA_Logo/ (original a3\ui_f\config.bin)
 4:05:44 Updating base class ->CA_Logo, by a3\ui_f\config.bin/CA_Logo_Small/ (original a3\ui_f\config.bin)
 4:05:44 Updating base class ->RscButton, by a3\ui_f\config.bin/CA_RscButton/ (original a3\ui_f\config.bin)
 4:05:44 Updating base class ->CA_RscButton, by a3\ui_f\config.bin/CA_RscButton_dialog/ (original a3\ui_f\config.bin)
 4:05:44 Updating base class ->RscActiveText, by a3\ui_f\config.bin/CA_Ok/ (original a3\ui_f\config.bin)
 4:05:44 Updating base class ->RscText, by a3\ui_f\config.bin/CA_Ok_image/ (original a3\ui_f\config.bin)
 4:05:44 Updating base class ->RscText, by a3\ui_f\config.bin/CA_Ok_image2/ (original a3\ui_f\config.bin)
 4:05:44 Updating base class ->RscText, by a3\ui_f\config.bin/CA_Ok_text/ (original a3\ui_f\config.bin)
 4:05:44 Updating base class ->RscPicture, by a3\ui_f\config.bin/RscVignette/ (original a3\ui_f\config.bin)
 4:05:44 Updating base class ->RscControlsGroupNoScrollbars, by a3\ui_f\config.bin/RscMapControlTooltip/ (original a3\ui_f\config.bin)
 4:05:44 Updating base class RscUnitInfo->RscUnitInfoAirNoWeapon, by a3\ui_f\config.bin/RscInGameUI/RscUnitInfoAir/ (original a3\ui_f\config.bin)
 4:05:44 Updating base class RscControlsGroup->RscControlsGroupNoScrollbars, by a3\ui_f\config.bin/RscInGameUI/RscTaskOverview/controls/TaskOverviewAssigned/ (original bin\config.bin)
 4:05:44 Updating base class RscShortcutButton->RscButtonMenu, by a3\ui_f\config.bin/RscDisplayDebug/Controls/B_OK/ (original bin\config.bin)
 4:05:44 Updating base class RscShortcutButton->RscButtonMenu, by a3\ui_f\config.bin/RscDisplayDebug/Controls/B_Cancel/ (original bin\config.bin)
 4:05:44 Updating base class RscShortcutButton->RscButtonMenu, by a3\ui_f\config.bin/RscDisplayDebug/Controls/B_Clear/ (original bin\config.bin)
 4:05:44 Updating base class ->RscText, by a3\ui_f\config.bin/RscDisplayCapture/controls/TimeLines/ (original bin\config.bin)
 4:05:44 Updating base class RscShortcutButton->RscButtonMenu, by a3\ui_f\config.bin/RscDisplayCapture/controls/ButtonAverages/ (original bin\config.bin)
 4:05:44 Updating base class RscShortcutButton->RscButtonMenu, by a3\ui_f\config.bin/RscDisplayCapture/controls/ButtonSavePreviousData/ (original bin\config.bin)
 4:05:44 Updating base class RscShortcutButton->RscButtonMenu, by a3\ui_f\config.bin/RscDisplayCapture/controls/ButtonPreviousData/ (original bin\config.bin)
 4:05:44 Updating base class RscPicture->RscPictureKeepAspect, by a3\ui_f\config.bin/RscDisplayMain/IconPicture/ (original bin\config.bin)
 4:05:44 Updating base class IconPicture->RscPictureKeepAspect, by a3\ui_f\config.bin/RscDisplayMain/DlcOwnedIconPicture/ (original a3\ui_f\config.bin)
 4:05:44 Updating base class IconPicture->RscPictureKeepAspect, by a3\ui_f\config.bin/RscDisplayMain/DlcIconPicture/ (original a3\ui_f\config.bin)
 4:05:44 Updating base class RscControlsGroup->RscControlsGroupNoScrollbars, by a3\ui_f\config.bin/RscDisplayCampaignLoad/controls/OverviewGroup/ (original bin\config.bin)
 4:05:44 Updating base class RscButton->RscButtonSearch, by a3\ui_f\config.bin/RscDisplayCampaignLoad/controls/SearchButton/ (original bin\config.bin)
 4:05:44 Updating base class RscShortcutButton->RscButtonMenuCancel, by a3\ui_f\config.bin/RscDisplayCampaignLoad/controls/ButtonCancel/ (original bin\config.bin)
 4:05:44 Updating base class RscShortcutButton->RscButtonMenu, by a3\ui_f\config.bin/RscDisplayCampaignLoad/controls/ButtonGameOptions/ (original bin\config.bin)
 4:05:44 Updating base class RscShortcutButton->RscButtonMenuSteam, by a3\ui_f\config.bin/RscDisplayCampaignLoad/controls/ButtonBuyDLC/ (original bin\config.bin)
 4:05:44 Updating base class RscShortcutButton->RscButtonMenu, by a3\ui_f\config.bin/RscDisplayCampaignLoad/controls/ButtonRevert/ (original bin\config.bin)
 4:05:44 Updating base class RscShortcutButton->RscButtonMenuOK, by a3\ui_f\config.bin/RscDisplayCampaignLoad/controls/ButtonOK/ (original bin\config.bin)
 4:05:44 Updating base class RscListBox->RscCombo, by a3\ui_f\config.bin/RscDisplayCustomizeController/Steepness/ (original bin\config.bin)
 4:05:44 Updating base class ->RscStandardDisplay, by a3\ui_f\config.bin/RscDisplayControlSchemes/ (original bin\config.bin)
 4:05:44 Updating base class ButtonOK->RscButtonMenuCancel, by a3\ui_f\config.bin/RscDisplayControlSchemes/controls/ButtonCancel/ (original bin\config.bin)
 4:05:44 Updating base class RscButton->RscButtonMenuOK, by a3\ui_f\config.bin/RscDisplayControlSchemes/controls/ButtonOK/ (original bin\config.bin)
 4:05:44 Updating base class RscPicture->RscPictureKeepAspect, by a3\ui_f\config.bin/RscDisplayFileSelectImage/controls/OverviewPicture/ (original bin\config.bin)
 4:05:44 Updating base class RscShortcutButton->RscButtonMenuCancel, by a3\ui_f\config.bin/RscDisplayFieldManual/Controls/ButtonCancel/ (original bin\config.bin)
 4:05:44 Cannot delete class B_KickOff, it is referenced somewhere (used as a base class probably).
 4:05:44 Updating base class RscButton->RscButtonMenuCancel, by a3\ui_f\config.bin/RscDisplayPublishMission/controls/ButtonCancel/ (original bin\config.bin)
 4:05:44 Updating base class RscShortcutButton->RscButtonMenuOK, by a3\ui_f\config.bin/RscDisplayPublishMissionSelectTags/controls/ButtonOK/ (original bin\config.bin)
 4:05:44 Updating base class ButtonOK->RscButtonMenuCancel, by a3\ui_f\config.bin/RscDisplayPublishMissionSelectTags/controls/ButtonCancel/ (original bin\config.bin)
 4:05:44 Updating base class ->RscSubmenu, by a3\ui_f\config.bin/RscMainMenu/ (original bin\config.bin)
 4:05:44 Updating base class ->DistanceClose, by a3\ui_f\config.bin/CfgSimpleTasks/Icon3D/DistanceMid/ (original bin\config.bin)
 4:05:44 Updating base class ->DistanceClose, by a3\ui_f\config.bin/CfgSimpleTasks/Icon3D/DistanceLong/ (original bin\config.bin)
 4:05:44 Updating base class ->ctrlDefaultText, by a3\3den\config.bin/ctrlStatic/ (original a3\3den\config.bin)
 4:05:44 Updating base class ->ctrlActiveText, by a3\3den\config.bin/ctrlActivePicture/ (original a3\3den\config.bin)
 4:05:44 Updating base class ->ctrlDefaultText, by a3\3den\config.bin/ctrlStructuredText/ (original a3\3den\config.bin)
 4:05:44 Updating base class ->ctrlControlsGroup, by a3\3den\config.bin/ctrlControlsGroupNoScrollbars/ (original a3\3den\config.bin)
 4:05:44 Updating base class ->ctrlDefault, by a3\3den\config.bin/ctrlCheckbox/ (original a3\3den\config.bin)
 4:05:44 Updating base class ->ctrlCheckbox, by a3\3den\config.bin/ctrlCheckboxBaseline/ (original a3\3den\config.bin)
 4:05:44 Updating base class RscText->ctrlStaticBackgroundDisable, by a3\3den\config.bin/RscDisplayOptionsAudio/ControlsBackground/BackgroundDisable/ (original a3\3den\config.bin)
 4:05:44 Updating base class RscText->ctrlStaticBackgroundDisableTiles, by a3\3den\config.bin/RscDisplayOptionsAudio/ControlsBackground/BackgroundDisableTiles/ (original a3\3den\config.bin)
 4:05:44 Updating base class RscText->ctrlStaticBackgroundDisable, by a3\3den\config.bin/RscDisplayConfigure/ControlsBackground/BackgroundDisable/ (original a3\3den\config.bin)
 4:05:44 Updating base class RscText->ctrlStaticBackgroundDisableTiles, by a3\3den\config.bin/RscDisplayConfigure/ControlsBackground/BackgroundDisableTiles/ (original a3\3den\config.bin)
 4:05:44 Updating base class RscText->ctrlStaticBackgroundDisable, by a3\3den\config.bin/RscDisplayConfigureAction/ControlsBackground/BackgroundDisable/ (original a3\3den\config.bin)
 4:05:44 Updating base class RscText->ctrlStaticBackgroundDisableTiles, by a3\3den\config.bin/RscDisplayConfigureAction/ControlsBackground/BackgroundDisableTiles/ (original a3\3den\config.bin)
 4:05:44 Updating base class RscText->ctrlStaticBackgroundDisable, by a3\3den\config.bin/RscDisplayConfigureControllers/ControlsBackground/BackgroundDisable/ (original a3\3den\config.bin)
 4:05:44 Updating base class RscText->ctrlStaticBackgroundDisableTiles, by a3\3den\config.bin/RscDisplayConfigureControllers/ControlsBackground/BackgroundDisableTiles/ (original a3\3den\config.bin)
 4:05:44 Updating base class RscText->ctrlStaticBackgroundDisable, by a3\3den\config.bin/RscDisplayGameOptions/ControlsBackground/BackgroundDisable/ (original a3\3den\config.bin)
 4:05:44 Updating base class RscText->ctrlStaticBackgroundDisableTiles, by a3\3den\config.bin/RscDisplayGameOptions/ControlsBackground/BackgroundDisableTiles/ (original a3\3den\config.bin)
 4:05:44 Updating base class controls->, by a3\3den\config.bin/RscDisplayArcadeMap_Layout_2/Controls/ (original a3\ui_f\config.bin)
 4:05:44 Updating base class controls->, by a3\3den\config.bin/RscDisplayArcadeMap_Layout_6/Controls/ (original a3\ui_f\config.bin)
 4:05:44 Updating base class ->ctrlControlsGroupNoScrollbars, by a3\3den\config.bin/Cfg3DEN/Attributes/Default/ (original a3\3den\config.bin)
 4:05:44 Updating base class ->ctrlStatic, by a3\3den\config.bin/Cfg3DEN/Attributes/Title/Controls/Title/ (original a3\3den\config.bin)
 4:05:44 Updating base class ->ctrlToolbox, by a3\3den\config.bin/Cfg3DEN/Attributes/Toolbox/Controls/Value/ (original a3\3den\config.bin)
 4:05:45 Updating base class Mod_Base->, by a3\data_f_destroyer\config.bin/CfgMods/Jets/ (original a3\data_f_jets\config.bin)
 4:05:47 Cannot open /mnt/data/harmattan-sandbox/profilesBA\OfficialServersCache\list.json
 4:05:47 Canceling the list loading process, the load of the file failed: /mnt/data/harmattan-sandbox/profilesBA\OfficialServersCache\list.json
 4:05:47 Initializing Steam Manager
 4:05:47 unable to load subscribed content list. list will be updated from steam
 4:05:47 unable to load published content list. list will be updated from steam
 4:05:47 unable to load cached items meta info. save and update functionality will be broken
 4:05:47 Steam Manager initialized.
 4:05:47 
 4:05:47 ==== Loaded addons ====
 4:05:47 
 4:05:47 dta/languagecore_f.pbo - 151164
 4:05:47 dta/bin.pbo - 152984
 4:05:47 dta/core.pbo - 129618
 4:05:47 /mnt/data/harmattan-sandbox/arma3server/@PinnedDown_CoverConcealment/addons/pd_cover_concealment.pbo - unknown
 4:05:47 /mnt/data/harmattan-sandbox/arma3server/@PinnedDown_BattleLines/addons/pinneddown_battlelines.pbo - unknown
 4:05:47 /mnt/data/harmattan-sandbox/arma3server/@LAMBS_Danger/addons/lambs_wp.pbo - 2.6.1.502
 4:05:47 /mnt/data/harmattan-sandbox/arma3server/@LAMBS_Danger/addons/lambs_eventhandlers.pbo - 2.6.1.502
 4:05:47 /mnt/data/harmattan-sandbox/arma3server/@LAMBS_Danger/addons/lambs_range.pbo - 2.6.1.502
 4:05:47 /mnt/data/harmattan-sandbox/arma3server/@LAMBS_Danger/addons/lambs_danger.pbo - 2.6.1.502
 4:05:47 /mnt/data/harmattan-sandbox/arma3server/@LAMBS_Danger/addons/lambs_main.pbo - 2.6.1.502
 4:05:47 /mnt/data/harmattan-sandbox/arma3server/@LAMBS_Danger/addons/lambs_formations.pbo - 2.6.1.502
 4:05:47 /mnt/data/harmattan-sandbox/arma3server/@rhsafrf/addons/rhsusf_heavyweapons.pbo - RedHammerStudios.0.5.5.6697.r4418
 4:05:47 /mnt/data/harmattan-sandbox/arma3server/@rhsafrf/addons/rhsusf_fmtv.pbo - RedHammerStudios.0.5.5.6434.r4295
 4:05:47 /mnt/data/harmattan-sandbox/arma3server/@rhsafrf/addons/rhsusf_c_stryker.pbo - RedHammerStudios.0.5.6.6813.r4486
 4:05:47 /mnt/data/harmattan-sandbox/arma3server/@rhsafrf/addons/rhsusf_m1165.pbo - RedHammerStudios.0.5.6.6784.r4466
 4:05:47 /mnt/data/harmattan-sandbox/arma3server/@rhsafrf/addons/rhsusf_m1117.pbo - RedHammerStudios.0.5.1.5730.r3840
 4:05:47 /mnt/data/harmattan-sandbox/arma3server/@rhsafrf/addons/rhsusf_c_radio.pbo - RedHammerStudios.0.5.2.5924.r3960
 4:05:47 /mnt/data/harmattan-sandbox/arma3server/@rhsafrf/addons/rhsusf_f22.pbo - RedHammerStudios.0.5.1.5659.r3805
 4:05:47 /mnt/data/harmattan-sandbox/arma3server/@rhsafrf/addons/rhsusf_socomauv.pbo - RedHammerStudios.0.5.5.6504.r4343
 4:05:47 /mnt/data/harmattan-sandbox/arma3server/@rhsafrf/addons/rhsusf_a2port_air2.pbo - RedHammerStudios.0.5.5.6439.r4299
 4:05:47 /mnt/data/harmattan-sandbox/arma3server/@rhsafrf/addons/rhsusf_c_melb.pbo - RedHammerStudios.0.5.6.6813.r4486
 4:05:47 /mnt/data/harmattan-sandbox/arma3server/@rhsafrf/addons/rhsusf_props.pbo - RedHammerStudios.0.5.3.6377.r4259
 4:05:47 /mnt/data/harmattan-sandbox/arma3server/@rhsafrf/addons/rhsusf_c_himars.pbo - RedHammerStudios.0.5.6.6813.r4486
 4:05:47 /mnt/data/harmattan-sandbox/arma3server/@rhsafrf/addons/rhsusf_radio.pbo - RedHammerStudios.0.5.1.5659.r3805
 4:05:47 /mnt/data/harmattan-sandbox/arma3server/@rhsafrf/addons/rhsusf_infantry.pbo - RedHammerStudios.0.5.5.6588.r4377
 4:05:47 /mnt/data/harmattan-sandbox/arma3server/@rhsafrf/addons/rhsusf_c_weapons.pbo - RedHammerStudios.0.5.6.6810.r4484
 4:05:47 /mnt/data/harmattan-sandbox/arma3server/@rhsafrf/addons/rhsusf_c_mtvr.pbo - RedHammerStudios.0.5.2.5935.r3969
 4:05:47 /mnt/data/harmattan-sandbox/arma3server/@rhsafrf/addons/rhsusf_rg33.pbo - RedHammerStudios.0.5.6.6781.r4465
 4:05:47 /mnt/data/harmattan-sandbox/arma3server/@rhsafrf/addons/rhsusf_hmmwv.pbo - RedHammerStudios.0.5.5.6735.r4448
 4:05:47 /mnt/data/harmattan-sandbox/arma3server/@rhsafrf/addons/rhsusf_weapons2.pbo - RedHammerStudios.0.5.5.6720.r4437
 4:05:47 /mnt/data/harmattan-sandbox/arma3server/@rhsafrf/addons/rhsusf_c_cougar.pbo - RedHammerStudios.0.5.6.6813.r4486
 4:05:47 /mnt/data/harmattan-sandbox/arma3server/@rhsafrf/addons/rhsusf_inventoryicons.pbo - RedHammerStudios.0.5.5.6741.r4451
 4:05:47 /mnt/data/harmattan-sandbox/arma3server/@rhsafrf/addons/rhsusf_c_vehiclesounds.pbo - RedHammerStudios.0.5.1.5659.r3805
 4:05:47 /mnt/data/harmattan-sandbox/arma3server/@rhsafrf/addons/rhsusf_c_m1a2.pbo - RedHammerStudios.0.5.6.6801.r4479
 4:05:47 /mnt/data/harmattan-sandbox/arma3server/@rhsafrf/addons/rhsusf_c_ah64.pbo - RedHammerStudios.0.5.1.5659.r3805
 4:05:47 /mnt/data/harmattan-sandbox/arma3server/@rhsafrf/addons/rhsusf_m113.pbo - RedHammerStudios.0.5.4.6412.r4280
 4:05:47 /mnt/data/harmattan-sandbox/arma3server/@rhsafrf/addons/rhsusf_m109.pbo - RedHammerStudios.0.5.1.5822.r3882
 4:05:47 /mnt/data/harmattan-sandbox/arma3server/@rhsafrf/addons/rhsusf_c_m1a1.pbo - RedHammerStudios.0.5.6.6813.r4486
 4:05:47 /mnt/data/harmattan-sandbox/arma3server/@rhsafrf/addons/rhsusf_c_f22.pbo - RedHammerStudios.0.5.1.5659.r3805
 4:05:47 /mnt/data/harmattan-sandbox/arma3server/@rhsafrf/addons/rhsusf_airweapons.pbo - RedHammerStudios.0.5.5.6469.r4318
 4:05:47 /mnt/data/harmattan-sandbox/arma3server/@rhsafrf/addons/rhsusf_caiman.pbo - RedHammerStudios.0.5.6.6781.r4465
 4:05:47 /mnt/data/harmattan-sandbox/arma3server/@rhsafrf/addons/rhsusf_c_socomauv.pbo - RedHammerStudios.0.5.6.6813.r4486
 4:05:47 /mnt/data/harmattan-sandbox/arma3server/@rhsafrf/addons/rhsusf_ch53.pbo - RedHammerStudios.0.5.5.6439.r4299
 4:05:47 /mnt/data/harmattan-sandbox/arma3server/@rhsafrf/addons/rhsusf_a2port_air.pbo - RedHammerStudios.0.5.5.6505.r4344
 4:05:47 /mnt/data/harmattan-sandbox/arma3server/@rhsafrf/addons/rhsusf_c_matv.pbo - RedHammerStudios.0.5.6.6813.r4486
 4:05:47 /mnt/data/harmattan-sandbox/arma3server/@rhsafrf/addons/rhsusf_himars.pbo - RedHammerStudios.0.5.1.5822.r3882
 4:05:47 /mnt/data/harmattan-sandbox/arma3server/@rhsafrf/addons/rhsusf_matv.pbo - RedHammerStudios.0.5.5.6744.r4453
 4:05:47 /mnt/data/harmattan-sandbox/arma3server/@rhsafrf/addons/rhsusf_mtvr.pbo - RedHammerStudios.0.5.1.5659.r3805
 4:05:47 /mnt/data/harmattan-sandbox/arma3server/@rhsafrf/addons/rhsusf_decals.pbo - RedHammerStudios.0.5.3.6224.r4167
 4:05:47 /mnt/data/harmattan-sandbox/arma3server/@rhsafrf/addons/rhsusf_m1a1.pbo - RedHammerStudios.0.5.5.6698.r4419
 4:05:47 /mnt/data/harmattan-sandbox/arma3server/@rhsafrf/addons/rhsusf_c_markvsoc.pbo - RedHammerStudios.0.5.5.6666.r4397
 4:05:47 /mnt/data/harmattan-sandbox/arma3server/@rhsafrf/addons/rhsusf_c_weaponsounds.pbo - RedHammerStudios.0.5.2.5935.r3969
 4:05:47 /mnt/data/harmattan-sandbox/arma3server/@rhsafrf/addons/rhsusf_editorpreviews.pbo - RedHammerStudios.0.5.6.6812.r4485
 4:05:47 /mnt/data/harmattan-sandbox/arma3server/@rhsafrf/addons/rhsusf_markvsoc.pbo - RedHammerStudios.0.5.1.5659.r3805
 4:05:47 /mnt/data/harmattan-sandbox/arma3server/@rhsafrf/addons/rhsusf_c_rg33l.pbo - RedHammerStudios.0.5.6.6813.r4486
 4:05:47 /mnt/data/harmattan-sandbox/arma3server/@rhsafrf/addons/rhsusf_melb.pbo - RedHammerStudios.0.5.5.6444.r4303
 4:05:47 /mnt/data/harmattan-sandbox/arma3server/@rhsafrf/addons/rhsusf_scopes.pbo - RedHammerStudios.0.5.5.6662.r4396
 4:05:47 /mnt/data/harmattan-sandbox/arma3server/@rhsafrf/addons/rhsusf_c_m11xx.pbo - RedHammerStudios.0.5.6.6813.r4486
 4:05:47 /mnt/data/harmattan-sandbox/arma3server/@rhsafrf/addons/rhsusf_commskit.pbo - RedHammerStudios.0.5.5.6531.r4358
 4:05:47 /mnt/data/harmattan-sandbox/arma3server/@rhsafrf/addons/rhsusf_s_vehiclesounds.pbo - RedHammerStudios.0.5.1.5659.r3805
 4:05:47 /mnt/data/harmattan-sandbox/arma3server/@rhsafrf/addons/rhsusf_hemtt_a2.pbo - RedHammerStudios.0.5.1.5659.r3805
 4:05:47 /mnt/data/harmattan-sandbox/arma3server/@rhsafrf/addons/rhsusf_c_identity.pbo - RedHammerStudios.0.5.1.5659.r3805
 4:05:47 /mnt/data/harmattan-sandbox/arma3server/@rhsafrf/addons/rhsusf_c_mrzr.pbo - RedHammerStudios.0.5.6.6813.r4486
 4:05:47 /mnt/data/harmattan-sandbox/arma3server/@rhsafrf/addons/rhsusf_infantry2.pbo - RedHammerStudios.0.5.5.6678.r4404
 4:05:47 /mnt/data/harmattan-sandbox/arma3server/@rhsafrf/addons/rhsusf_mtvr_tx.pbo - RedHammerStudios.0.5.1.5659.r3805
 4:05:47 /mnt/data/harmattan-sandbox/arma3server/@rhsafrf/addons/rhsusf_c_fmtv.pbo - RedHammerStudios.0.5.6.6813.r4486
 4:05:47 /mnt/data/harmattan-sandbox/arma3server/@rhsafrf/addons/rhsusf_rg33l.pbo - RedHammerStudios.0.5.5.6504.r4343
 4:05:47 /mnt/data/harmattan-sandbox/arma3server/@rhsafrf/addons/rhsusf_infantry3.pbo - RedHammerStudios.0.5.1.5874.r3920
 4:05:47 /mnt/data/harmattan-sandbox/arma3server/@rhsafrf/addons/rhsusf_weapon_sounds.pbo - RedHammerStudios.0.5.2.5935.r3969
 4:05:47 /mnt/data/harmattan-sandbox/arma3server/@rhsafrf/addons/rhsusf_c_m1117.pbo - RedHammerStudios.0.5.6.6813.r4486
 4:05:47 /mnt/data/harmattan-sandbox/arma3server/@rhsafrf/addons/rhsusf_hemtt_a4.pbo - RedHammerStudios.0.5.3.6354.r4241
 4:05:47 /mnt/data/harmattan-sandbox/arma3server/@rhsafrf/addons/rhsusf_s_radio.pbo - RedHammerStudios.0.5.1.5659.r3805
 4:05:47 /mnt/data/harmattan-sandbox/arma3server/@rhsafrf/addons/rhsusf_c_hemtt_a2.pbo - RedHammerStudios.0.5.1.5659.r3805
 4:05:47 /mnt/data/harmattan-sandbox/arma3server/@rhsafrf/addons/rhsusf_weapons3.pbo - RedHammerStudios.0.5.6.6798.r4477
 4:05:47 /mnt/data/harmattan-sandbox/arma3server/@rhsafrf/addons/rhsusf_uav.pbo - RedHammerStudios.0.5.1.5659.r3805
 4:05:47 /mnt/data/harmattan-sandbox/arma3server/@rhsafrf/addons/rhsusf_c_ch53.pbo - RedHammerStudios.0.5.6.6813.r4486
 4:05:47 /mnt/data/harmattan-sandbox/arma3server/@rhsafrf/addons/rhsusf_weapons.pbo - RedHammerStudios.0.5.6.6781.r4465
 4:05:47 /mnt/data/harmattan-sandbox/arma3server/@rhsafrf/addons/rhsusf_c_commskit.pbo - RedHammerStudios.0.5.5.6531.r4358
 4:05:47 /mnt/data/harmattan-sandbox/arma3server/@rhsafrf/addons/rhsusf_c_heavyweapons.pbo - RedHammerStudios.0.5.6.6812.r4485
 4:05:47 /mnt/data/harmattan-sandbox/arma3server/@rhsafrf/addons/rhsusf_c_airweapons.pbo - RedHammerStudios.0.5.6.6805.r4481
 4:05:47 /mnt/data/harmattan-sandbox/arma3server/@rhsafrf/addons/rhsusf_main.pbo - RedHammerStudios.0.5.6.6813.r4486
 4:05:47 /mnt/data/harmattan-sandbox/arma3server/@rhsafrf/addons/rhsusf_a2port_car.pbo - RedHammerStudios.0.5.1.5659.r3805
 4:05:47 /mnt/data/harmattan-sandbox/arma3server/@rhsafrf/addons/rhsusf_c_caiman.pbo - RedHammerStudios.0.5.6.6813.r4486
 4:05:47 /mnt/data/harmattan-sandbox/arma3server/@rhsafrf/addons/rhsusf_c_a2port_car.pbo - RedHammerStudios.0.5.1.5659.r3805
 4:05:47 /mnt/data/harmattan-sandbox/arma3server/@rhsafrf/addons/rhsusf_c_hmmwv.pbo - RedHammerStudios.0.5.6.6813.r4486
 4:05:47 /mnt/data/harmattan-sandbox/arma3server/@rhsafrf/addons/rhsusf_dve.pbo - RedHammerStudios.0.5.1.5787.r3863
 4:05:47 /mnt/data/harmattan-sandbox/arma3server/@rhsafrf/addons/rhsusf_m1a2.pbo - RedHammerStudios.0.5.6.6806.r4482
 4:05:47 /mnt/data/harmattan-sandbox/arma3server/@rhsafrf/addons/rhsusf_c_props.pbo - RedHammerStudios.0.5.3.6302.r4215
 4:05:47 /mnt/data/harmattan-sandbox/arma3server/@rhsafrf/addons/rhsusf_c_m113.pbo - RedHammerStudios.0.5.6.6813.r4486
 4:05:47 /mnt/data/harmattan-sandbox/arma3server/@rhsafrf/addons/rhsusf_m11xx.pbo - RedHammerStudios.0.5.5.6735.r4448
 4:05:47 /mnt/data/harmattan-sandbox/arma3server/@rhsafrf/addons/rhsusf_sounds.pbo - RedHammerStudios.0.5.5.6684.r4407
 4:05:47 /mnt/data/harmattan-sandbox/arma3server/@rhsafrf/addons/rhsusf_s_weaponsounds.pbo - RedHammerStudios.0.5.1.5659.r3805
 4:05:47 /mnt/data/harmattan-sandbox/arma3server/@rhsafrf/addons/rhsusf_optics.pbo - RedHammerStudios.0.5.6.6781.r4465
 4:05:47 /mnt/data/harmattan-sandbox/arma3server/@rhsafrf/addons/rhsusf_mrzr.pbo - RedHammerStudios.0.5.5.6712.r4431
 4:05:47 /mnt/data/harmattan-sandbox/arma3server/@rhsafrf/addons/rhsusf_m252.pbo - RedHammerStudios.0.5.1.5659.r3805
 4:05:47 /mnt/data/harmattan-sandbox/arma3server/@rhsafrf/addons/rhsusf_c_statics.pbo - RedHammerStudios.0.5.5.6697.r4418
 4:05:47 /mnt/data/harmattan-sandbox/arma3server/@rhsafrf/addons/rhsusf_stryker.pbo - RedHammerStudios.0.5.6.6781.r4465
 4:05:47 /mnt/data/harmattan-sandbox/arma3server/@rhsafrf/addons/rhsusf_a2port_armor.pbo - RedHammerStudios.0.5.1.5822.r3882
 4:05:47 /mnt/data/harmattan-sandbox/arma3server/@rhsafrf/addons/rhsusf_c_a2port_air.pbo - RedHammerStudios.0.5.6.6813.r4486
 4:05:47 /mnt/data/harmattan-sandbox/arma3server/@rhsafrf/addons/rhsusf_c_uav.pbo - RedHammerStudios.0.5.2.5937.r3970
 4:05:47 /mnt/data/harmattan-sandbox/arma3server/@rhsafrf/addons/rhsusf_ah64.pbo - RedHammerStudios.0.5.1.5659.r3805
 4:05:47 /mnt/data/harmattan-sandbox/arma3server/@rhsafrf/addons/rhsusf_xmas.pbo - RedHammerStudios.0.5.1.5659.r3805
 4:05:47 /mnt/data/harmattan-sandbox/arma3server/@rhsafrf/addons/rhsusf_c_a2port_armor.pbo - RedHammerStudios.0.5.6.6813.r4486
 4:05:47 /mnt/data/harmattan-sandbox/arma3server/@rhsafrf/addons/rhsusf_c_hemtt_a4.pbo - RedHammerStudios.0.5.6.6813.r4486
 4:05:47 /mnt/data/harmattan-sandbox/arma3server/@rhsafrf/addons/rhsusf_cougar.pbo - RedHammerStudios.0.5.6.6781.r4465
 4:05:47 /mnt/data/harmattan-sandbox/arma3server/@rhsafrf/addons/rhsusf_c_m252.pbo - RedHammerStudios.0.5.2.5935.r3969
 4:05:47 /mnt/data/harmattan-sandbox/arma3server/@rhsafrf/addons/rhsusf_c_m109.pbo - RedHammerStudios.0.5.6.6813.r4486
 4:05:47 /mnt/data/harmattan-sandbox/arma3server/@rhsafrf/addons/rhsusf_cars.pbo - RedHammerStudios.0.5.1.5659.r3805
 4:05:47 /mnt/data/harmattan-sandbox/arma3server/@rhsafrf/addons/rhsusf_muzzleflash.pbo - RedHammerStudios.0.5.5.6613.r4381
 4:05:47 /mnt/data/harmattan-sandbox/arma3server/@rhsafrf/addons/rhsusf_c_rg33.pbo - RedHammerStudios.0.5.6.6813.r4486
 4:05:47 /mnt/data/harmattan-sandbox/arma3server/@rhsafrf/addons/rhsusf_c_troops.pbo - RedHammerStudios.0.5.6.6785.r4467
 4:05:47 /mnt/data/harmattan-sandbox/arma3server/@rhsusaf/addons/rhs_c_a2port_air.pbo - RedHammerStudios.0.5.6.6542.r4618
 4:05:47 /mnt/data/harmattan-sandbox/arma3server/@rhsusaf/addons/rhs_a2port_air.pbo - RedHammerStudios.0.5.6.6533.r4609
 4:05:47 /mnt/data/harmattan-sandbox/arma3server/@rhsusaf/addons/rhs_missions.pbo - RedHammerStudios.0.5.5.6123.r4369
 4:05:47 /mnt/data/harmattan-sandbox/arma3server/@rhsusaf/addons/rhs_pontoon.pbo - RedHammerStudios.0.5.5.6067.r4325
 4:05:47 /mnt/data/harmattan-sandbox/arma3server/@rhsusaf/addons/rhs_c_air.pbo - RedHammerStudios.0.5.6.6542.r4618
 4:05:47 /mnt/data/harmattan-sandbox/arma3server/@rhsusaf/addons/rhs_pts.pbo - RedHammerStudios.0.5.2.5723.r4159
 4:05:47 /mnt/data/harmattan-sandbox/arma3server/@rhsusaf/addons/rhs_inventoryicons.pbo - RedHammerStudios.0.5.6.6548.r4622
 4:05:47 /mnt/data/harmattan-sandbox/arma3server/@rhsusaf/addons/rhs_editorpreviews.pbo - RedHammerStudios.0.5.6.6540.r4615
 4:05:47 /mnt/data/harmattan-sandbox/arma3server/@rhsusaf/addons/rhs_vehicle_sounds.pbo - RedHammerStudios.0.5.6.6534.r4610
 4:05:47 /mnt/data/harmattan-sandbox/arma3server/@rhsusaf/addons/rhs_bmp.pbo - RedHammerStudios.0.5.6.6487.r4577
 4:05:47 /mnt/data/harmattan-sandbox/arma3server/@rhsusaf/addons/rhs_t80.pbo - RedHammerStudios.0.5.5.6226.r4433
 4:05:47 /mnt/data/harmattan-sandbox/arma3server/@rhsusaf/addons/rhs_airweapons.pbo - RedHammerStudios.0.5.1.5533.r4092
 4:05:47 /mnt/data/harmattan-sandbox/arma3server/@rhsusaf/addons/rhs_ss21_camo.pbo - RedHammerStudios.0.5.1.5533.r4092
 4:05:47 /mnt/data/harmattan-sandbox/arma3server/@rhsusaf/addons/rhs_vehiclesounds.pbo - RedHammerStudios.0.5.5.6388.r4507
 4:05:47 /mnt/data/harmattan-sandbox/arma3server/@rhsusaf/addons/rhs_c_radio.pbo - RedHammerStudios.0.5.5.6451.r4548
 4:05:47 /mnt/data/harmattan-sandbox/arma3server/@rhsusaf/addons/rhs_a2port_armor_camo.pbo - RedHammerStudios.0.5.1.5533.r4092
 4:05:47 /mnt/data/harmattan-sandbox/arma3server/@rhsusaf/addons/rhs_zil131.pbo - RedHammerStudios.0.5.5.6463.r4559
 4:05:47 /mnt/data/harmattan-sandbox/arma3server/@rhsusaf/addons/rhs_main.pbo - RedHammerStudios.0.5.6.6541.r4616
 4:05:47 /mnt/data/harmattan-sandbox/arma3server/@rhsusaf/addons/rhs_c_heavyweapons.pbo - RedHammerStudios.0.5.6.6547.r4621
 4:05:47 /mnt/data/harmattan-sandbox/arma3server/@rhsusaf/addons/rhs_identity.pbo - RedHammerStudios.0.5.1.5533.r4092
 4:05:47 /mnt/data/harmattan-sandbox/arma3server/@rhsusaf/addons/rhs_c_weapons.pbo - RedHammerStudios.0.5.6.6540.r4615
 4:05:47 /mnt/data/harmattan-sandbox/arma3server/@rhsusaf/addons/rhs_accessory.pbo - RedHammerStudios.0.5.3.5882.r4217
 4:05:47 /mnt/data/harmattan-sandbox/arma3server/@rhsusaf/addons/rhs_c_bmp3.pbo - RedHammerStudios.0.5.6.6542.r4618
 4:05:47 /mnt/data/harmattan-sandbox/arma3server/@rhsusaf/addons/rhs_c_bmk_t.pbo - RedHammerStudios.0.5.6.6540.r4615
 4:05:47 /mnt/data/harmattan-sandbox/arma3server/@rhsusaf/addons/rhs_radars.pbo - RedHammerStudios.0.5.1.5707.r4148
 4:05:47 /mnt/data/harmattan-sandbox/arma3server/@rhsusaf/addons/rhs_aps.pbo - RedHammerStudios.0.5.2.5719.r4156
 4:05:47 /mnt/data/harmattan-sandbox/arma3server/@rhsusaf/addons/rhs_c_cars.pbo - RedHammerStudios.0.5.6.6542.r4618
 4:05:47 /mnt/data/harmattan-sandbox/arma3server/@rhsusaf/addons/rhs_optics.pbo - RedHammerStudios.0.5.6.6500.r4587
 4:05:47 /mnt/data/harmattan-sandbox/arma3server/@rhsusaf/addons/rhs_c_t72.pbo - RedHammerStudios.0.5.6.6542.r4618
 4:05:47 /mnt/data/harmattan-sandbox/arma3server/@rhsusaf/addons/rhs_t14.pbo - RedHammerStudios.0.5.1.5533.r4092
 4:05:47 /mnt/data/harmattan-sandbox/arma3server/@rhsusaf/addons/rhs_btr80.pbo - RedHammerStudios.0.5.6.6546.r4620
 4:05:47 /mnt/data/harmattan-sandbox/arma3server/@rhsusaf/addons/rhs_c_vehiclesounds.pbo - RedHammerStudios.0.5.5.6450.r4547
 4:05:47 /mnt/data/harmattan-sandbox/arma3server/@rhsusaf/addons/rhs_btr80_camo.pbo - RedHammerStudios.0.5.3.5944.r4236
 4:05:47 /mnt/data/harmattan-sandbox/arma3server/@rhsusaf/addons/rhs_c_btr70_camo.pbo - RedHammerStudios.0.5.1.5533.r4092
 4:05:47 /mnt/data/harmattan-sandbox/arma3server/@rhsusaf/addons/rhs_c_pontoon.pbo - RedHammerStudios.0.5.6.6540.r4615
 4:05:47 /mnt/data/harmattan-sandbox/arma3server/@rhsusaf/addons/rhs_t15.pbo - RedHammerStudios.0.5.5.6470.r4565
 4:05:47 /mnt/data/harmattan-sandbox/arma3server/@rhsusaf/addons/rhs_weapons2.pbo - RedHammerStudios.0.5.5.6099.r4353
 4:05:47 /mnt/data/harmattan-sandbox/arma3server/@rhsusaf/addons/rhs_decals.pbo - RedHammerStudios.0.5.1.5533.r4092
 4:05:47 /mnt/data/harmattan-sandbox/arma3server/@rhsusaf/addons/rhs_c_btr.pbo - RedHammerStudios.0.5.6.6542.r4618
 4:05:47 /mnt/data/harmattan-sandbox/arma3server/@rhsusaf/addons/rhs_a2port_armor.pbo - RedHammerStudios.0.5.5.6370.r4494
 4:05:47 /mnt/data/harmattan-sandbox/arma3server/@rhsusaf/addons/rhs_c_bmd_camo.pbo - RedHammerStudios.0.5.1.5533.r4092
 4:05:47 /mnt/data/harmattan-sandbox/arma3server/@rhsusaf/addons/rhs_kamaz.pbo - RedHammerStudios.0.5.6.6535.r4611
 4:05:47 /mnt/data/harmattan-sandbox/arma3server/@rhsusaf/addons/rhs_t80u_camo.pbo - RedHammerStudios.0.5.1.5533.r4092
 4:05:47 /mnt/data/harmattan-sandbox/arma3server/@rhsusaf/addons/rhs_ss21.pbo - RedHammerStudios.0.5.1.5533.r4092
 4:05:47 /mnt/data/harmattan-sandbox/arma3server/@rhsusaf/addons/rhs_infantry3.pbo - RedHammerStudios.0.5.6.6537.r4613
 4:05:47 /mnt/data/harmattan-sandbox/arma3server/@rhsusaf/addons/rhs_c_rva.pbo - RedHammerStudios.0.5.6.6542.r4618
 4:05:47 /mnt/data/harmattan-sandbox/arma3server/@rhsusaf/addons/rhs_c_mi28.pbo - RedHammerStudios.0.5.6.6542.r4618
 4:05:47 /mnt/data/harmattan-sandbox/arma3server/@rhsusaf/addons/rhs_bmd_camo.pbo - RedHammerStudios.0.5.1.5533.r4092
 4:05:47 /mnt/data/harmattan-sandbox/arma3server/@rhsusaf/addons/rhs_c_2s1.pbo - RedHammerStudios.0.5.6.6542.r4618
 4:05:47 /mnt/data/harmattan-sandbox/arma3server/@rhsusaf/addons/rhs_infantry2.pbo - RedHammerStudios.0.5.6.6514.r4597
 4:05:47 /mnt/data/harmattan-sandbox/arma3server/@rhsusaf/addons/rhs_infantry.pbo - RedHammerStudios.0.5.6.6490.r4579
 4:05:47 /mnt/data/harmattan-sandbox/arma3server/@rhsusaf/addons/rhs_c_bmd.pbo - RedHammerStudios.0.5.6.6542.r4618
 4:05:47 /mnt/data/harmattan-sandbox/arma3server/@rhsusaf/addons/rhs_2s1.pbo - RedHammerStudios.0.5.6.6510.r4593
 4:05:47 /mnt/data/harmattan-sandbox/arma3server/@rhsusaf/addons/rhs_tigr.pbo - RedHammerStudios.0.5.6.6517.r4599
 4:05:47 /mnt/data/harmattan-sandbox/arma3server/@rhsusaf/addons/rhs_c_sprut.pbo - RedHammerStudios.0.5.6.6542.r4618
 4:05:47 /mnt/data/harmattan-sandbox/arma3server/@rhsusaf/addons/rhs_bmk_t.pbo - RedHammerStudios.0.5.5.6062.r4320
 4:05:47 /mnt/data/harmattan-sandbox/arma3server/@rhsusaf/addons/rhs_c_pts.pbo - RedHammerStudios.0.5.6.6542.r4618
 4:05:47 /mnt/data/harmattan-sandbox/arma3server/@rhsusaf/addons/rhs_a3retex.pbo - RedHammerStudios.0.5.1.5533.r4092
 4:05:47 /mnt/data/harmattan-sandbox/arma3server/@rhsusaf/addons/rhs_c_zil131.pbo - RedHammerStudios.0.5.6.6542.r4618
 4:05:47 /mnt/data/harmattan-sandbox/arma3server/@rhsusaf/addons/rhs_c_2s3.pbo - RedHammerStudios.0.5.6.6542.r4618
 4:05:47 /mnt/data/harmattan-sandbox/arma3server/@rhsusaf/addons/rhs_sprut.pbo - RedHammerStudios.0.5.1.5533.r4092
 4:05:47 /mnt/data/harmattan-sandbox/arma3server/@rhsusaf/addons/rhs_a2port_car.pbo - RedHammerStudios.0.5.6.6544.r4619
 4:05:47 /mnt/data/harmattan-sandbox/arma3server/@rhsusaf/addons/rhs_c_a2port_armor.pbo - RedHammerStudios.0.5.6.6542.r4618
 4:05:47 /mnt/data/harmattan-sandbox/arma3server/@rhsusaf/addons/rhs_heavyweapons.pbo - RedHammerStudios.0.5.6.6526.r4606
 4:05:47 /mnt/data/harmattan-sandbox/arma3server/@rhsusaf/addons/rhs_t72.pbo - RedHammerStudios.0.5.5.6283.r4450
 4:05:47 /mnt/data/harmattan-sandbox/arma3server/@rhsusaf/addons/rhs_c_cti_indep.pbo - RedHammerStudios.0.5.1.5707.r4148
 4:05:47 /mnt/data/harmattan-sandbox/arma3server/@rhsusaf/addons/rhs_bmp3_camo.pbo - RedHammerStudios.0.5.1.5533.r4092
 4:05:47 /mnt/data/harmattan-sandbox/arma3server/@rhsusaf/addons/rhs_gaz66.pbo - RedHammerStudios.0.5.6.6526.r4606
 4:05:47 /mnt/data/harmattan-sandbox/arma3server/@rhsusaf/addons/rhs_c_bmp.pbo - RedHammerStudios.0.5.6.6542.r4618
 4:05:47 /mnt/data/harmattan-sandbox/arma3server/@rhsusaf/addons/rhs_air.pbo - RedHammerStudios.0.5.2.5710.r4150
 4:05:47 /mnt/data/harmattan-sandbox/arma3server/@rhsusaf/addons/rhs_c_a3retex.pbo - RedHammerStudios.0.5.1.5533.r4092
 4:05:47 /mnt/data/harmattan-sandbox/arma3server/@rhsusaf/addons/rhs_btr70.pbo - RedHammerStudios.0.5.5.6370.r4494
 4:05:47 /mnt/data/harmattan-sandbox/arma3server/@rhsusaf/addons/rhs_c_airweapons.pbo - RedHammerStudios.0.5.6.6529.r4607
 4:05:47 /mnt/data/harmattan-sandbox/arma3server/@rhsusaf/addons/rhs_s_radio.pbo - RedHammerStudios.0.5.1.5533.r4092
 4:05:47 /mnt/data/harmattan-sandbox/arma3server/@rhsusaf/addons/rhs_weapon_sounds.pbo - RedHammerStudios.0.5.2.5719.r4156
 4:05:47 /mnt/data/harmattan-sandbox/arma3server/@rhsusaf/addons/rhs_mtlb.pbo - RedHammerStudios.0.5.1.5533.r4092
 4:05:47 /mnt/data/harmattan-sandbox/arma3server/@rhsusaf/addons/rhs_a2port_car_camo.pbo - RedHammerStudios.0.5.1.5533.r4092
 4:05:47 /mnt/data/harmattan-sandbox/arma3server/@rhsusaf/addons/rhs_weapons3.pbo - RedHammerStudios.0.5.6.6513.r4596
 4:05:47 /mnt/data/harmattan-sandbox/arma3server/@rhsusaf/addons/rhs_bmd.pbo - RedHammerStudios.0.5.5.6450.r4547
 4:05:47 /mnt/data/harmattan-sandbox/arma3server/@rhsusaf/addons/rhs_bmp3.pbo - RedHammerStudios.0.5.2.5722.r4158
 4:05:47 /mnt/data/harmattan-sandbox/arma3server/@rhsusaf/addons/rhs_mi28.pbo - RedHammerStudios.0.5.3.5853.r4205
 4:05:47 /mnt/data/harmattan-sandbox/arma3server/@rhsusaf/addons/rhs_c_t15.pbo - RedHammerStudios.0.5.6.6542.r4618
 4:05:47 /mnt/data/harmattan-sandbox/arma3server/@rhsusaf/addons/rhs_c_kamaz.pbo - RedHammerStudios.0.5.6.6542.r4618
 4:05:47 /mnt/data/harmattan-sandbox/arma3server/@rhsusaf/addons/rhs_servicemenu.pbo - RedHammerStudios.0.5.1.5533.r4092
 4:05:47 /mnt/data/harmattan-sandbox/arma3server/@rhsusaf/addons/rhs_c_radars.pbo - RedHammerStudios.0.5.3.5759.r4174
 4:05:47 /mnt/data/harmattan-sandbox/arma3server/@rhsusaf/addons/rhs_c_kraz255.pbo - RedHammerStudios.0.5.6.6544.r4619
 4:05:47 /mnt/data/harmattan-sandbox/arma3server/@rhsusaf/addons/rhs_sounds.pbo - RedHammerStudios.0.5.6.6500.r4587
 4:05:47 /mnt/data/harmattan-sandbox/arma3server/@rhsusaf/addons/rhs_props.pbo - RedHammerStudios.0.5.1.5533.r4092
 4:05:47 /mnt/data/harmattan-sandbox/arma3server/@rhsusaf/addons/rhs_c_identity.pbo - RedHammerStudios.0.5.5.6002.r4269
 4:05:47 /mnt/data/harmattan-sandbox/arma3server/@rhsusaf/addons/rhs_c_weaponsounds.pbo - RedHammerStudios.0.5.5.6344.r4474
 4:05:47 /mnt/data/harmattan-sandbox/arma3server/@rhsusaf/addons/rhs_mig29.pbo - RedHammerStudios.0.5.2.5710.r4150
 4:05:47 /mnt/data/harmattan-sandbox/arma3server/@rhsusaf/addons/rhs_c_a2port_car.pbo - RedHammerStudios.0.5.6.6544.r4619
 4:05:47 /mnt/data/harmattan-sandbox/arma3server/@rhsusaf/addons/rhs_c_t14.pbo - RedHammerStudios.0.5.6.6542.r4618
 4:05:47 /mnt/data/harmattan-sandbox/arma3server/@rhsusaf/addons/rhs_c_troops.pbo - RedHammerStudios.0.5.6.6550.r4624
 4:05:47 /mnt/data/harmattan-sandbox/arma3server/@rhsusaf/addons/rhs_bmd_34.pbo - RedHammerStudios.0.5.2.5711.r4151
 4:05:47 /mnt/data/harmattan-sandbox/arma3server/@rhsusaf/addons/rhs_bmp_camo.pbo - RedHammerStudios.0.5.1.5533.r4092
 4:05:47 /mnt/data/harmattan-sandbox/arma3server/@rhsusaf/addons/rhs_t80u.pbo - RedHammerStudios.0.5.5.6226.r4433
 4:05:47 /mnt/data/harmattan-sandbox/arma3server/@rhsusaf/addons/rhs_t72_camo.pbo - RedHammerStudios.0.5.1.5533.r4092
 4:05:47 /mnt/data/harmattan-sandbox/arma3server/@rhsusaf/addons/rhs_c_mig29.pbo - RedHammerStudios.0.5.6.6542.r4618
 4:05:47 /mnt/data/harmattan-sandbox/arma3server/@rhsusaf/addons/rhs_2s3.pbo - RedHammerStudios.0.5.6.6500.r4587
 4:05:47 /mnt/data/harmattan-sandbox/arma3server/@rhsusaf/addons/rhs_c_tanks.pbo - RedHammerStudios.0.5.6.6542.r4618
 4:05:47 /mnt/data/harmattan-sandbox/arma3server/@rhsusaf/addons/rhs_muzzleflash.pbo - RedHammerStudios.0.5.3.5952.r4239
 4:05:47 /mnt/data/harmattan-sandbox/arma3server/@rhsusaf/addons/rhs_kraz255.pbo - RedHammerStudios.0.5.5.6117.r4365
 4:05:47 /mnt/data/harmattan-sandbox/arma3server/@rhsusaf/addons/rhs_s_weaponsounds.pbo - RedHammerStudios.0.5.1.5533.r4092
 4:05:47 /mnt/data/harmattan-sandbox/arma3server/@rhsusaf/addons/rhs_weapons.pbo - RedHammerStudios.0.5.5.6364.r4489
 4:05:47 /mnt/data/harmattan-sandbox/arma3server/@rhsusaf/addons/rhs_btr70_camo.pbo - RedHammerStudios.0.5.1.5533.r4092
 4:05:47 /mnt/data/harmattan-sandbox/arma3server/@rhsusaf/addons/rhs_2s3_camo.pbo - RedHammerStudios.0.5.1.5533.r4092
 4:05:47 /mnt/data/harmattan-sandbox/arma3server/@rhsusaf/addons/rhs_gaz66_camo.pbo - RedHammerStudios.0.5.1.5533.r4092
 4:05:47 /mnt/data/harmattan-sandbox/arma3server/@rhsusaf/addons/rhs_c_trucks.pbo - RedHammerStudios.0.5.6.6542.r4618
 4:05:47 /mnt/data/harmattan-sandbox/arma3server/@CBA_A3/addons/cba_diagnostic.pbo - 3.18.6.260327
 4:05:47 /mnt/data/harmattan-sandbox/arma3server/@CBA_A3/addons/cba_main.pbo - 3.18.6.260327
 4:05:47 /mnt/data/harmattan-sandbox/arma3server/@CBA_A3/addons/cba_main_a3.pbo - 3.18.6.260327
 4:05:47 /mnt/data/harmattan-sandbox/arma3server/@CBA_A3/addons/cba_vectors.pbo - 3.18.6.260327
 4:05:47 /mnt/data/harmattan-sandbox/arma3server/@CBA_A3/addons/cba_keybinding.pbo - 3.18.6.260327
 4:05:47 /mnt/data/harmattan-sandbox/arma3server/@CBA_A3/addons/cba_bitwise.pbo - 3.18.6.260327
 4:05:47 /mnt/data/harmattan-sandbox/arma3server/@CBA_A3/addons/cba_arrays.pbo - 3.18.6.260327
 4:05:47 /mnt/data/harmattan-sandbox/arma3server/@CBA_A3/addons/cba_disposable.pbo - 3.18.6.260327
 4:05:47 /mnt/data/harmattan-sandbox/arma3server/@CBA_A3/addons/cba_music.pbo - 3.18.6.260327
 4:05:47 /mnt/data/harmattan-sandbox/arma3server/@CBA_A3/addons/cba_characters.pbo - 3.18.6.260327
 4:05:47 /mnt/data/harmattan-sandbox/arma3server/@CBA_A3/addons/cba_network.pbo - 3.18.6.260327
 4:05:47 /mnt/data/harmattan-sandbox/arma3server/@CBA_A3/addons/cba_ai.pbo - 3.18.6.260327
 4:05:47 /mnt/data/harmattan-sandbox/arma3server/@CBA_A3/addons/cba_ui.pbo - 3.18.6.260327
 4:05:47 /mnt/data/harmattan-sandbox/arma3server/@CBA_A3/addons/cba_accessory.pbo - 3.18.6.260327
 4:05:47 /mnt/data/harmattan-sandbox/arma3server/@CBA_A3/addons/cba_hashes.pbo - 3.18.6.260327
 4:05:47 /mnt/data/harmattan-sandbox/arma3server/@CBA_A3/addons/cba_xeh.pbo - 3.18.6.260327
 4:05:47 /mnt/data/harmattan-sandbox/arma3server/@CBA_A3/addons/cba_quicktime.pbo - 3.18.6.260327
 4:05:47 /mnt/data/harmattan-sandbox/arma3server/@CBA_A3/addons/cba_optics.pbo - 3.18.6.260327
 4:05:47 /mnt/data/harmattan-sandbox/arma3server/@CBA_A3/addons/cba_pid.pbo - 3.18.6.260327
 4:05:47 /mnt/data/harmattan-sandbox/arma3server/@CBA_A3/addons/cba_help.pbo - 3.18.6.260327
 4:05:47 /mnt/data/harmattan-sandbox/arma3server/@CBA_A3/addons/cba_events.pbo - 3.18.6.260327
 4:05:47 /mnt/data/harmattan-sandbox/arma3server/@CBA_A3/addons/cba_modules.pbo - 3.18.6.260327
 4:05:47 /mnt/data/harmattan-sandbox/arma3server/@CBA_A3/addons/cba_statemachine.pbo - 3.18.6.260327
 4:05:47 /mnt/data/harmattan-sandbox/arma3server/@CBA_A3/addons/cba_pylons.pbo - 3.18.6.260327
 4:05:47 /mnt/data/harmattan-sandbox/arma3server/@CBA_A3/addons/cba_jr.pbo - 3.18.6.260327
 4:05:47 /mnt/data/harmattan-sandbox/arma3server/@CBA_A3/addons/cba_jam.pbo - 3.18.6.260327
 4:05:47 /mnt/data/harmattan-sandbox/arma3server/@CBA_A3/addons/cba_common.pbo - 3.18.6.260327
 4:05:47 /mnt/data/harmattan-sandbox/arma3server/@CBA_A3/addons/cba_settings.pbo - 3.18.6.260327
 4:05:47 /mnt/data/harmattan-sandbox/arma3server/@CBA_A3/addons/cba_loadout.pbo - 3.18.6.260327
 4:05:47 /mnt/data/harmattan-sandbox/arma3server/@CBA_A3/addons/cba_versioning.pbo - 3.18.6.260327
 4:05:47 /mnt/data/harmattan-sandbox/arma3server/@CBA_A3/addons/cba_strings.pbo - 3.18.6.260327
 4:05:47 /mnt/data/harmattan-sandbox/arma3server/aow/addons/supplies_f_aow.pbo - 150149
 4:05:47 /mnt/data/harmattan-sandbox/arma3server/aow/addons/missions_f_aow.pbo - 150974
 4:05:47 /mnt/data/harmattan-sandbox/arma3server/aow/addons/languagemissions_f_aow.pbo - 151164
 4:05:47 /mnt/data/harmattan-sandbox/arma3server/aow/addons/characters_f_aow.pbo - 150659
 4:05:47 /mnt/data/harmattan-sandbox/arma3server/aow/addons/missions_f_aow_data.pbo - 150984
 4:05:47 /mnt/data/harmattan-sandbox/arma3server/aow/addons/anims_f_aow.pbo - 149768
 4:05:47 /mnt/data/harmattan-sandbox/arma3server/aow/addons/language_f_aow.pbo - 151164
 4:05:47 /mnt/data/harmattan-sandbox/arma3server/aow/addons/structures_f_aow.pbo - 149883
 4:05:47 /mnt/data/harmattan-sandbox/arma3server/aow/addons/missions_f_aow_video.pbo - 149837
 4:05:47 /mnt/data/harmattan-sandbox/arma3server/aow/addons/functions_f_aow.pbo - 149593
 4:05:47 /mnt/data/harmattan-sandbox/arma3server/aow/addons/props_f_aow.pbo - 150912
 4:05:47 /mnt/data/harmattan-sandbox/arma3server/aow/addons/ui_f_aow.pbo - 149917
 4:05:47 /mnt/data/harmattan-sandbox/arma3server/aow/addons/data_f_aow.pbo - 149928
 4:05:47 /mnt/data/harmattan-sandbox/arma3server/aow/addons/sounds_f_aow.pbo - 150867
 4:05:47 /mnt/data/harmattan-sandbox/arma3server/aow/addons/dubbing_f_aow.pbo - 149901
 4:05:47 /mnt/data/harmattan-sandbox/arma3server/aow/addons/editorpreviews_f_aow.pbo - 149909
 4:05:47 /mnt/data/harmattan-sandbox/arma3server/enoch/addons/languagemissions_f_enoch.pbo - 151164
 4:05:47 /mnt/data/harmattan-sandbox/arma3server/enoch/addons/structures_f_enoch_civilian.pbo - 150926
 4:05:47 /mnt/data/harmattan-sandbox/arma3server/enoch/addons/structures_f_enoch_cultural.pbo - 150415
 4:05:47 /mnt/data/harmattan-sandbox/arma3server/enoch/addons/dubbing_radio_f_enoch.pbo - 150070
 4:05:47 /mnt/data/harmattan-sandbox/arma3server/enoch/addons/language_f_enoch.pbo - 151164
 4:05:47 /mnt/data/harmattan-sandbox/arma3server/enoch/addons/map_enoch_data_layers.pbo - 146184
 4:05:47 /mnt/data/harmattan-sandbox/arma3server/enoch/addons/missions_f_enoch.pbo - 149487
 4:05:47 /mnt/data/harmattan-sandbox/arma3server/enoch/addons/cargoposes_f_enoch.pbo - 142478
 4:05:47 /mnt/data/harmattan-sandbox/arma3server/enoch/addons/functions_f_enoch.pbo - 148356
 4:05:47 /mnt/data/harmattan-sandbox/arma3server/enoch/addons/supplies_f_enoch.pbo - 151084
 4:05:47 /mnt/data/harmattan-sandbox/arma3server/enoch/addons/music_f_enoch.pbo - 147472
 4:05:47 /mnt/data/harmattan-sandbox/arma3server/enoch/addons/map_enoch.pbo - 150292
 4:05:47 /mnt/data/harmattan-sandbox/arma3server/enoch/addons/map_enoch_data.pbo - 145274
 4:05:47 /mnt/data/harmattan-sandbox/arma3server/enoch/addons/props_f_enoch.pbo - 150309
 4:05:47 /mnt/data/harmattan-sandbox/arma3server/enoch/addons/anims_f_enoch.pbo - 150341
 4:05:47 /mnt/data/harmattan-sandbox/arma3server/enoch/addons/structures_f_enoch_commercial.pbo - 148419
 4:05:47 /mnt/data/harmattan-sandbox/arma3server/enoch/addons/sounds_f_enoch.pbo - 150842
 4:05:47 /mnt/data/harmattan-sandbox/arma3server/enoch/addons/structures_f_enoch.pbo - 148551
 4:05:47 /mnt/data/harmattan-sandbox/arma3server/enoch/addons/ui_f_enoch.pbo - 147095
 4:05:47 /mnt/data/harmattan-sandbox/arma3server/enoch/addons/armor_f_enoch.pbo - 145904
 4:05:47 /mnt/data/harmattan-sandbox/arma3server/enoch/addons/music_f_enoch_music.pbo - 150867
 4:05:47 /mnt/data/harmattan-sandbox/arma3server/enoch/addons/weapons_f_enoch.pbo - 150671
 4:05:47 /mnt/data/harmattan-sandbox/arma3server/enoch/addons/rocks_f_enoch.pbo - 148432
 4:05:47 /mnt/data/harmattan-sandbox/arma3server/enoch/addons/air_f_enoch.pbo - 145904
 4:05:47 /mnt/data/harmattan-sandbox/arma3server/enoch/addons/structures_f_enoch_industrial.pbo - 150920
 4:05:47 /mnt/data/harmattan-sandbox/arma3server/enoch/addons/editorpreviews_f_enoch.pbo - 150962
 4:05:47 /mnt/data/harmattan-sandbox/arma3server/enoch/addons/structures_f_enoch_data.pbo - 148419
 4:05:47 /mnt/data/harmattan-sandbox/arma3server/enoch/addons/vegetation_f_enoch.pbo - 150192
 4:05:47 /mnt/data/harmattan-sandbox/arma3server/enoch/addons/static_f_enoch.pbo - 145904
 4:05:47 /mnt/data/harmattan-sandbox/arma3server/enoch/addons/dubbing_radio_f_enoch_data.pbo - 150020
 4:05:47 /mnt/data/harmattan-sandbox/arma3server/enoch/addons/characters_f_enoch.pbo - 150968
 4:05:47 /mnt/data/harmattan-sandbox/arma3server/enoch/addons/structures_f_enoch_infrastructure.pbo - 148551
 4:05:47 /mnt/data/harmattan-sandbox/arma3server/enoch/addons/structures_f_enoch_furniture.pbo - 148419
 4:05:47 /mnt/data/harmattan-sandbox/arma3server/enoch/addons/soft_f_enoch.pbo - 150885
 4:05:47 /mnt/data/harmattan-sandbox/arma3server/enoch/addons/structures_f_enoch_military.pbo - 150174
 4:05:47 /mnt/data/harmattan-sandbox/arma3server/enoch/addons/data_f_enoch.pbo - 150070
 4:05:47 /mnt/data/harmattan-sandbox/arma3server/enoch/addons/map_enoch_scenes_f.pbo - 143336
 4:05:47 /mnt/data/harmattan-sandbox/arma3server/tank/addons/sounds_f_tank.pbo - 150867
 4:05:47 /mnt/data/harmattan-sandbox/arma3server/tank/addons/cargoposes_f_tank.pbo - 128283
 4:05:47 /mnt/data/harmattan-sandbox/arma3server/tank/addons/dubbing_f_tank.pbo - 127958
 4:05:47 /mnt/data/harmattan-sandbox/arma3server/tank/addons/props_f_tank.pbo - 131702
 4:05:47 /mnt/data/harmattan-sandbox/arma3server/tank/addons/structures_f_tank.pbo - 150249
 4:05:47 /mnt/data/harmattan-sandbox/arma3server/tank/addons/language_f_tank.pbo - 151164
 4:05:47 /mnt/data/harmattan-sandbox/arma3server/tank/addons/music_f_tank.pbo - 127912
 4:05:47 /mnt/data/harmattan-sandbox/arma3server/tank/addons/editorpreviews_f_tank.pbo - 137875
 4:05:47 /mnt/data/harmattan-sandbox/arma3server/tank/addons/armor_f_tank.pbo - 150292
 4:05:47 /mnt/data/harmattan-sandbox/arma3server/tank/addons/functions_f_tank.pbo - 125996
 4:05:47 /mnt/data/harmattan-sandbox/arma3server/tank/addons/modules_f_tank.pbo - 147857
 4:05:47 /mnt/data/harmattan-sandbox/arma3server/tank/addons/languagemissions_f_tank.pbo - 151164
 4:05:47 /mnt/data/harmattan-sandbox/arma3server/tank/addons/missions_f_tank_data.pbo - 128937
 4:05:47 /mnt/data/harmattan-sandbox/arma3server/tank/addons/weapons_f_tank.pbo - 151040
 4:05:47 /mnt/data/harmattan-sandbox/arma3server/tank/addons/ui_f_tank.pbo - 148551
 4:05:47 /mnt/data/harmattan-sandbox/arma3server/tank/addons/data_f_tank.pbo - 128203
 4:05:47 /mnt/data/harmattan-sandbox/arma3server/tank/addons/missions_f_tank.pbo - 150984
 4:05:47 /mnt/data/harmattan-sandbox/arma3server/tank/addons/characters_f_tank.pbo - 150968
 4:05:47 /mnt/data/harmattan-sandbox/arma3server/tacops/addons/modules_f_tacops.pbo - 150149
 4:05:47 /mnt/data/harmattan-sandbox/arma3server/tacops/addons/language_f_tacops.pbo - 151164
 4:05:47 /mnt/data/harmattan-sandbox/arma3server/tacops/addons/sounds_f_tacops.pbo - 150867
 4:05:47 /mnt/data/harmattan-sandbox/arma3server/tacops/addons/music_f_tacops.pbo - 124064
 4:05:47 /mnt/data/harmattan-sandbox/arma3server/tacops/addons/functions_f_tacops.pbo - 150415
 4:05:47 /mnt/data/harmattan-sandbox/arma3server/tacops/addons/ui_f_tacops.pbo - 148551
 4:05:47 /mnt/data/harmattan-sandbox/arma3server/tacops/addons/data_f_tacops.pbo - 150102
 4:05:47 /mnt/data/harmattan-sandbox/arma3server/tacops/addons/missions_f_tacops.pbo - 144976
 4:05:47 /mnt/data/harmattan-sandbox/arma3server/tacops/addons/languagemissions_f_tacops.pbo - 151164
 4:05:47 /mnt/data/harmattan-sandbox/arma3server/tacops/addons/characters_f_tacops.pbo - 129739
 4:05:47 /mnt/data/harmattan-sandbox/arma3server/tacops/addons/dubbing_f_tacops.pbo - 129340
 4:05:47 /mnt/data/harmattan-sandbox/arma3server/orange/addons/air_f_orange.pbo - 150970
 4:05:47 /mnt/data/harmattan-sandbox/arma3server/orange/addons/structures_f_orange.pbo - 150867
 4:05:47 /mnt/data/harmattan-sandbox/arma3server/orange/addons/soft_f_orange.pbo - 150945
 4:05:47 /mnt/data/harmattan-sandbox/arma3server/orange/addons/language_f_orange.pbo - 151164
 4:05:47 /mnt/data/harmattan-sandbox/arma3server/orange/addons/props_f_orange.pbo - 148864
 4:05:47 /mnt/data/harmattan-sandbox/arma3server/orange/addons/functions_f_orange.pbo - 150945
 4:05:47 /mnt/data/harmattan-sandbox/arma3server/orange/addons/music_f_orange.pbo - 120725
 4:05:47 /mnt/data/harmattan-sandbox/arma3server/orange/addons/ui_f_orange.pbo - 151010
 4:05:47 /mnt/data/harmattan-sandbox/arma3server/orange/addons/dubbing_f_orange.pbo - 121689
 4:05:47 /mnt/data/harmattan-sandbox/arma3server/orange/addons/editorpreviews_f_orange.pbo - 123173
 4:05:47 /mnt/data/harmattan-sandbox/arma3server/orange/addons/characters_f_orange.pbo - 150968
 4:05:47 /mnt/data/harmattan-sandbox/arma3server/orange/addons/sounds_f_orange.pbo - 150867
 4:05:47 /mnt/data/harmattan-sandbox/arma3server/orange/addons/weapons_f_orange.pbo - 150671
 4:05:47 /mnt/data/harmattan-sandbox/arma3server/orange/addons/data_f_orange.pbo - 144284
 4:05:47 /mnt/data/harmattan-sandbox/arma3server/orange/addons/cargoposes_f_orange.pbo - 126225
 4:05:47 /mnt/data/harmattan-sandbox/arma3server/orange/addons/supplies_f_orange.pbo - 129371
 4:05:47 /mnt/data/harmattan-sandbox/arma3server/orange/addons/modules_f_orange.pbo - 143632
 4:05:47 /mnt/data/harmattan-sandbox/arma3server/orange/addons/languagemissions_f_orange.pbo - 151164
 4:05:47 /mnt/data/harmattan-sandbox/arma3server/orange/addons/missions_f_orange.pbo - 150364
 4:05:47 /mnt/data/harmattan-sandbox/arma3server/argo/addons/map_malden_scenes_f.pbo - 120026
 4:05:47 /mnt/data/harmattan-sandbox/arma3server/argo/addons/props_f_argo.pbo - 129371
 4:05:47 /mnt/data/harmattan-sandbox/arma3server/argo/addons/map_malden_data.pbo - 135888
 4:05:47 /mnt/data/harmattan-sandbox/arma3server/argo/addons/data_f_argo.pbo - 128209
 4:05:47 /mnt/data/harmattan-sandbox/arma3server/argo/addons/weapons_f_patrol.pbo - 141307
 4:05:47 /mnt/data/harmattan-sandbox/arma3server/argo/addons/data_f_patrol.pbo - 141307
 4:05:47 /mnt/data/harmattan-sandbox/arma3server/argo/addons/functions_f_patrol.pbo - 141510
 4:05:47 /mnt/data/harmattan-sandbox/arma3server/argo/addons/missions_f_patrol.pbo - 126663
 4:05:47 /mnt/data/harmattan-sandbox/arma3server/argo/addons/sounds_f_patrol.pbo - 150867
 4:05:47 /mnt/data/harmattan-sandbox/arma3server/argo/addons/armor_f_argo.pbo - 129739
 4:05:47 /mnt/data/harmattan-sandbox/arma3server/argo/addons/structures_f_argo.pbo - 150961
 4:05:47 /mnt/data/harmattan-sandbox/arma3server/argo/addons/language_f_argo.pbo - 151164
 4:05:47 /mnt/data/harmattan-sandbox/arma3server/argo/addons/vegetation_f_argo.pbo - 148432
 4:05:47 /mnt/data/harmattan-sandbox/arma3server/argo/addons/map_malden_data_layers.pbo - 135888
 4:05:47 /mnt/data/harmattan-sandbox/arma3server/argo/addons/ui_f_patrol.pbo - 141307
 4:05:47 /mnt/data/harmattan-sandbox/arma3server/argo/addons/editorpreviews_f_argo.pbo - 150968
 4:05:47 /mnt/data/harmattan-sandbox/arma3server/argo/addons/rocks_f_argo.pbo - 148432
 4:05:47 /mnt/data/harmattan-sandbox/arma3server/argo/addons/map_malden.pbo - 150292
 4:05:47 /mnt/data/harmattan-sandbox/arma3server/argo/addons/modules_f_patrol.pbo - 119459
 4:05:47 /mnt/data/harmattan-sandbox/arma3server/argo/addons/characters_f_patrol.pbo - 149127
 4:05:47 /mnt/data/harmattan-sandbox/arma3server/argo/addons/languagemissions_f_patrol.pbo - 151164
 4:05:47 /mnt/data/harmattan-sandbox/arma3server/argo/addons/language_f_patrol.pbo - 151164
 4:05:47 /mnt/data/harmattan-sandbox/arma3server/argo/addons/music_f_argo.pbo - 119459
 4:05:47 /mnt/data/harmattan-sandbox/arma3server/jets/addons/anims_f_jets.pbo - 123210
 4:05:47 /mnt/data/harmattan-sandbox/arma3server/jets/addons/props_f_jets.pbo - 129371
 4:05:47 /mnt/data/harmattan-sandbox/arma3server/jets/addons/functions_f_destroyer.pbo - 150071
 4:05:47 /mnt/data/harmattan-sandbox/arma3server/jets/addons/weapons_f_destroyer.pbo - 132268
 4:05:47 /mnt/data/harmattan-sandbox/arma3server/jets/addons/modules_f_jets.pbo - 119459
 4:05:47 /mnt/data/harmattan-sandbox/arma3server/jets/addons/language_f_destroyer.pbo - 151164
 4:05:47 /mnt/data/harmattan-sandbox/arma3server/jets/addons/weapons_f_jets.pbo - 148847
 4:05:47 /mnt/data/harmattan-sandbox/arma3server/jets/addons/dubbing_f_jets.pbo - 119457
 4:05:47 /mnt/data/harmattan-sandbox/arma3server/jets/addons/ui_f_jets.pbo - 126137
 4:05:47 /mnt/data/harmattan-sandbox/arma3server/jets/addons/cargoposes_f_jets.pbo - 126225
 4:05:47 /mnt/data/harmattan-sandbox/arma3server/jets/addons/characters_f_jets.pbo - 129739
 4:05:47 /mnt/data/harmattan-sandbox/arma3server/jets/addons/props_f_destroyer.pbo - 132141
 4:05:47 /mnt/data/harmattan-sandbox/arma3server/jets/addons/missions_f_jets.pbo - 130755
 4:05:47 /mnt/data/harmattan-sandbox/arma3server/jets/addons/data_f_destroyer.pbo - 150370
 4:05:47 /mnt/data/harmattan-sandbox/arma3server/jets/addons/static_f_destroyer.pbo - 140243
 4:05:47 /mnt/data/harmattan-sandbox/arma3server/jets/addons/static_f_jets.pbo - 146744
 4:05:47 /mnt/data/harmattan-sandbox/arma3server/jets/addons/boat_f_destroyer.pbo - 143297
 4:05:47 /mnt/data/harmattan-sandbox/arma3server/jets/addons/language_f_sams.pbo - 151164
 4:05:47 /mnt/data/harmattan-sandbox/arma3server/jets/addons/boat_f_jets.pbo - 150071
 4:05:47 /mnt/data/harmattan-sandbox/arma3server/jets/addons/language_f_jets.pbo - 151164
 4:05:47 /mnt/data/harmattan-sandbox/arma3server/jets/addons/data_f_sams.pbo - 150370
 4:05:47 /mnt/data/harmattan-sandbox/arma3server/jets/addons/languagemissions_f_jets.pbo - 151164
 4:05:47 /mnt/data/harmattan-sandbox/arma3server/jets/addons/functions_f_jets.pbo - 151077
 4:05:47 /mnt/data/harmattan-sandbox/arma3server/jets/addons/sounds_f_jets.pbo - 150867
 4:05:47 /mnt/data/harmattan-sandbox/arma3server/jets/addons/weapons_f_sams.pbo - 149414
 4:05:47 /mnt/data/harmattan-sandbox/arma3server/jets/addons/static_f_sams.pbo - 146744
 4:05:47 /mnt/data/harmattan-sandbox/arma3server/jets/addons/data_f_jets.pbo - 150370
 4:05:47 /mnt/data/harmattan-sandbox/arma3server/jets/addons/editorpreviews_f_sams.pbo - 132141
 4:05:47 /mnt/data/harmattan-sandbox/arma3server/jets/addons/music_f_jets.pbo - 119459
 4:05:47 /mnt/data/harmattan-sandbox/arma3server/jets/addons/editorpreviews_f_destroyer.pbo - 132141
 4:05:47 /mnt/data/harmattan-sandbox/arma3server/jets/addons/editorpreviews_f_jets.pbo - 150968
 4:05:47 /mnt/data/harmattan-sandbox/arma3server/jets/addons/air_f_jets.pbo - 150968
 4:05:47 /mnt/data/harmattan-sandbox/arma3server/expansion/addons/rocks_f_exp.pbo - 148432
 4:05:47 /mnt/data/harmattan-sandbox/arma3server/expansion/addons/missions_f_exp.pbo - 144315
 4:05:47 /mnt/data/harmattan-sandbox/arma3server/expansion/addons/supplies_f_oldman.pbo - 148553
 4:05:47 /mnt/data/harmattan-sandbox/arma3server/expansion/addons/structures_f_exp.pbo - 150912
 4:05:47 /mnt/data/harmattan-sandbox/arma3server/expansion/addons/modules_f_oldman.pbo - 148553
 4:05:47 /mnt/data/harmattan-sandbox/arma3server/expansion/addons/dubbing_radio_f_exp.pbo - 119458
 4:05:47 /mnt/data/harmattan-sandbox/arma3server/expansion/addons/map_tanoabuka_data_layers.pbo - 121192
 4:05:47 /mnt/data/harmattan-sandbox/arma3server/expansion/addons/characters_f_oldman.pbo - 148698
 4:05:47 /mnt/data/harmattan-sandbox/arma3server/expansion/addons/music_f_exp.pbo - 119477
 4:05:47 /mnt/data/harmattan-sandbox/arma3server/expansion/addons/boat_f_exp.pbo - 150071
 4:05:47 /mnt/data/harmattan-sandbox/arma3server/expansion/addons/air_f_exp.pbo - 150885
 4:05:47 /mnt/data/harmattan-sandbox/arma3server/expansion/addons/ui_f_exp.pbo - 123398
 4:05:47 /mnt/data/harmattan-sandbox/arma3server/expansion/addons/missions_f_oldman.pbo - 151155
 4:05:47 /mnt/data/harmattan-sandbox/arma3server/expansion/addons/armor_f_exp.pbo - 141671
 4:05:47 /mnt/data/harmattan-sandbox/arma3server/expansion/addons/music_f_exp_music.pbo - 119477
 4:05:47 /mnt/data/harmattan-sandbox/arma3server/expansion/addons/weapons_f_exp.pbo - 150671
 4:05:47 /mnt/data/harmattan-sandbox/arma3server/expansion/addons/props_f_exp.pbo - 147637
 4:05:47 /mnt/data/harmattan-sandbox/arma3server/expansion/addons/structures_f_exp_infrastructure.pbo - 148551
 4:05:47 /mnt/data/harmattan-sandbox/arma3server/expansion/addons/missions_f_exp_video.pbo - 119459
 4:05:47 /mnt/data/harmattan-sandbox/arma3server/expansion/addons/languagemissions_f_exp.pbo - 151164
 4:05:47 /mnt/data/harmattan-sandbox/arma3server/expansion/addons/static_f_oldman.pbo - 148580
 4:05:47 /mnt/data/harmattan-sandbox/arma3server/expansion/addons/music_f_oldman_music.pbo - 148679
 4:05:47 /mnt/data/harmattan-sandbox/arma3server/expansion/addons/data_f_oldman.pbo - 148580
 4:05:47 /mnt/data/harmattan-sandbox/arma3server/expansion/addons/cargoposes_f_exp.pbo - 126224
 4:05:47 /mnt/data/harmattan-sandbox/arma3server/expansion/addons/sounds_f_exp.pbo - 150920
 4:05:47 /mnt/data/harmattan-sandbox/arma3server/expansion/addons/editorpreviews_f_exp.pbo - 150961
 4:05:47 /mnt/data/harmattan-sandbox/arma3server/expansion/addons/structures_f_exp_data.pbo - 148419
 4:05:47 /mnt/data/harmattan-sandbox/arma3server/expansion/addons/dubbing_radio_f_exp_data_chi.pbo - 119458
 4:05:47 /mnt/data/harmattan-sandbox/arma3server/expansion/addons/supplies_f_exp.pbo - 151084
 4:05:47 /mnt/data/harmattan-sandbox/arma3server/expansion/addons/music_f_oldman.pbo - 148553
 4:05:47 /mnt/data/harmattan-sandbox/arma3server/expansion/addons/map_data_exp.pbo - 136265
 4:05:47 /mnt/data/harmattan-sandbox/arma3server/expansion/addons/dubbing_f_exp.pbo - 119457
 4:05:47 /mnt/data/harmattan-sandbox/arma3server/expansion/addons/map_tanoa_scenes_f.pbo - 123527
 4:05:47 /mnt/data/harmattan-sandbox/arma3server/expansion/addons/map_tanoabuka.pbo - 150292
 4:05:47 /mnt/data/harmattan-sandbox/arma3server/expansion/addons/dubbing_radio_f_exp_data_engfre.pbo - 119457
 4:05:47 /mnt/data/harmattan-sandbox/arma3server/expansion/addons/structures_f_exp_civilian.pbo - 148739
 4:05:47 /mnt/data/harmattan-sandbox/arma3server/expansion/addons/modules_f_exp.pbo - 119459
 4:05:47 /mnt/data/harmattan-sandbox/arma3server/expansion/addons/data_f_exp.pbo - 148936
 4:05:47 /mnt/data/harmattan-sandbox/arma3server/expansion/addons/map_tanoabuka_data_layers_00_00.pbo - 121192
 4:05:47 /mnt/data/harmattan-sandbox/arma3server/expansion/addons/structures_f_exp_cultural.pbo - 148419
 4:05:47 /mnt/data/harmattan-sandbox/arma3server/expansion/addons/missions_f_exp_data.pbo - 119459
 4:05:47 /mnt/data/harmattan-sandbox/arma3server/expansion/addons/languagemissions_f_oldman.pbo - 151164
 4:05:47 /mnt/data/harmattan-sandbox/arma3server/expansion/addons/soft_f_exp.pbo - 150945
 4:05:47 /mnt/data/harmattan-sandbox/arma3server/expansion/addons/language_f_oldman.pbo - 151164
 4:05:47 /mnt/data/harmattan-sandbox/arma3server/expansion/addons/vegetation_f_exp.pbo - 148432
 4:05:47 /mnt/data/harmattan-sandbox/arma3server/expansion/addons/structures_f_exp_commercial.pbo - 148419
 4:05:47 /mnt/data/harmattan-sandbox/arma3server/expansion/addons/soft_f_oldman.pbo - 148580
 4:05:47 /mnt/data/harmattan-sandbox/arma3server/expansion/addons/characters_f_exp.pbo - 150968
 4:05:47 /mnt/data/harmattan-sandbox/arma3server/expansion/addons/functions_f_exp.pbo - 144006
 4:05:47 /mnt/data/harmattan-sandbox/arma3server/expansion/addons/dubbing_radio_f_exp_data_fre.pbo - 119457
 4:05:47 /mnt/data/harmattan-sandbox/arma3server/expansion/addons/language_f_exp.pbo - 151164
 4:05:47 /mnt/data/harmattan-sandbox/arma3server/expansion/addons/structures_f_oldman.pbo - 150089
 4:05:47 /mnt/data/harmattan-sandbox/arma3server/expansion/addons/static_f_exp.pbo - 119478
 4:05:47 /mnt/data/harmattan-sandbox/arma3server/expansion/addons/functions_f_oldman.pbo - 148553
 4:05:47 /mnt/data/harmattan-sandbox/arma3server/expansion/addons/anims_f_exp.pbo - 126506
 4:05:47 /mnt/data/harmattan-sandbox/arma3server/expansion/addons/map_tanoabuka_data.pbo - 135884
 4:05:47 /mnt/data/harmattan-sandbox/arma3server/expansion/addons/sounds_f_oldman.pbo - 150867
 4:05:47 /mnt/data/harmattan-sandbox/arma3server/expansion/addons/dubbing_f_oldman.pbo - 148756
 4:05:47 /mnt/data/harmattan-sandbox/arma3server/expansion/addons/structures_f_exp_industrial.pbo - 148419
 4:05:47 /mnt/data/harmattan-sandbox/arma3server/expansion/addons/editorpreviews_f_oldman.pbo - 150961
 4:05:47 /mnt/data/harmattan-sandbox/arma3server/expansion/addons/props_f_oldman.pbo - 150968
 4:05:47 /mnt/data/harmattan-sandbox/arma3server/expansion/addons/ui_f_oldman.pbo - 149216
 4:05:47 /mnt/data/harmattan-sandbox/arma3server/mark/addons/missions_f_mp_mark_data.pbo - 119459
 4:05:47 /mnt/data/harmattan-sandbox/arma3server/mark/addons/ui_f_mp_mark.pbo - 119478
 4:05:47 /mnt/data/harmattan-sandbox/arma3server/mark/addons/functions_f_mp_mark.pbo - 150802
 4:05:47 /mnt/data/harmattan-sandbox/arma3server/mark/addons/modules_f_mp_mark.pbo - 150251
 4:05:47 /mnt/data/harmattan-sandbox/arma3server/mark/addons/functions_f_mark.pbo - 150934
 4:05:47 /mnt/data/harmattan-sandbox/arma3server/mark/addons/language_f_mark.pbo - 151164
 4:05:47 /mnt/data/harmattan-sandbox/arma3server/mark/addons/anims_f_mark.pbo - 119457
 4:05:47 /mnt/data/harmattan-sandbox/arma3server/mark/addons/music_f_mark_music.pbo - 119477
 4:05:47 /mnt/data/harmattan-sandbox/arma3server/mark/addons/missions_f_mp_mark.pbo - 141704
 4:05:47 /mnt/data/harmattan-sandbox/arma3server/mark/addons/data_f_mark.pbo - 129371
 4:05:47 /mnt/data/harmattan-sandbox/arma3server/mark/addons/missions_f_mark.pbo - 122301
 4:05:47 /mnt/data/harmattan-sandbox/arma3server/mark/addons/modules_f_mark.pbo - 148886
 4:05:47 /mnt/data/harmattan-sandbox/arma3server/mark/addons/dubbing_f_mp_mark.pbo - 119457
 4:05:47 /mnt/data/harmattan-sandbox/arma3server/mark/addons/languagemissions_f_mark.pbo - 151164
 4:05:47 /mnt/data/harmattan-sandbox/arma3server/mark/addons/sounds_f_mark.pbo - 150867
 4:05:47 /mnt/data/harmattan-sandbox/arma3server/mark/addons/missions_f_mark_video.pbo - 119459
 4:05:47 /mnt/data/harmattan-sandbox/arma3server/mark/addons/missions_f_mark_data.pbo - 119459
 4:05:47 /mnt/data/harmattan-sandbox/arma3server/mark/addons/music_f_mark.pbo - 119477
 4:05:47 /mnt/data/harmattan-sandbox/arma3server/mark/addons/structures_f_mark.pbo - 149003
 4:05:47 /mnt/data/harmattan-sandbox/arma3server/mark/addons/language_f_mp_mark.pbo - 151164
 4:05:47 /mnt/data/harmattan-sandbox/arma3server/mark/addons/characters_f_mark.pbo - 150968
 4:05:47 /mnt/data/harmattan-sandbox/arma3server/mark/addons/supplies_f_mark.pbo - 140562
 4:05:47 /mnt/data/harmattan-sandbox/arma3server/mark/addons/languagemissions_f_mp_mark.pbo - 151164
 4:05:47 /mnt/data/harmattan-sandbox/arma3server/mark/addons/dubbing_f_mark.pbo - 119457
 4:05:47 /mnt/data/harmattan-sandbox/arma3server/mark/addons/static_f_mark.pbo - 146756
 4:05:47 /mnt/data/harmattan-sandbox/arma3server/mark/addons/weapons_f_mark.pbo - 149339
 4:05:47 /mnt/data/harmattan-sandbox/arma3server/mark/addons/ui_f_mark.pbo - 119478
 4:05:47 /mnt/data/harmattan-sandbox/arma3server/heli/addons/language_f_heli.pbo - 151164
 4:05:47 /mnt/data/harmattan-sandbox/arma3server/heli/addons/air_f_heli.pbo - 150885
 4:05:47 /mnt/data/harmattan-sandbox/arma3server/heli/addons/modules_f_heli.pbo - 150249
 4:05:47 /mnt/data/harmattan-sandbox/arma3server/heli/addons/sounds_f_heli.pbo - 150867
 4:05:47 /mnt/data/harmattan-sandbox/arma3server/heli/addons/missions_f_heli.pbo - 151010
 4:05:47 /mnt/data/harmattan-sandbox/arma3server/heli/addons/data_f_heli.pbo - 119457
 4:05:47 /mnt/data/harmattan-sandbox/arma3server/heli/addons/music_f_heli_music.pbo - 119477
 4:05:47 /mnt/data/harmattan-sandbox/arma3server/heli/addons/anims_f_heli.pbo - 123210
 4:05:47 /mnt/data/harmattan-sandbox/arma3server/heli/addons/ui_f_heli.pbo - 119478
 4:05:47 /mnt/data/harmattan-sandbox/arma3server/heli/addons/dubbing_f_heli.pbo - 119457
 4:05:47 /mnt/data/harmattan-sandbox/arma3server/heli/addons/cargoposes_f_heli.pbo - 126231
 4:05:47 /mnt/data/harmattan-sandbox/arma3server/heli/addons/languagemissions_f_heli.pbo - 151164
 4:05:47 /mnt/data/harmattan-sandbox/arma3server/heli/addons/missions_f_heli_data.pbo - 119459
 4:05:47 /mnt/data/harmattan-sandbox/arma3server/heli/addons/structures_f_heli.pbo - 141968
 4:05:47 /mnt/data/harmattan-sandbox/arma3server/heli/addons/functions_f_heli.pbo - 123022
 4:05:47 /mnt/data/harmattan-sandbox/arma3server/heli/addons/soft_f_heli.pbo - 129742
 4:05:47 /mnt/data/harmattan-sandbox/arma3server/heli/addons/missions_f_heli_video.pbo - 119459
 4:05:47 /mnt/data/harmattan-sandbox/arma3server/heli/addons/music_f_heli.pbo - 119477
 4:05:47 /mnt/data/harmattan-sandbox/arma3server/heli/addons/supplies_f_heli.pbo - 145695
 4:05:47 /mnt/data/harmattan-sandbox/arma3server/heli/addons/boat_f_heli.pbo - 119457
 4:05:47 /mnt/data/harmattan-sandbox/arma3server/kart/addons/languagemissions_f_kart.pbo - 151164
 4:05:47 /mnt/data/harmattan-sandbox/arma3server/kart/addons/missions_f_kart.pbo - 149274
 4:05:47 /mnt/data/harmattan-sandbox/arma3server/kart/addons/language_f_kart.pbo - 151164
 4:05:47 /mnt/data/harmattan-sandbox/arma3server/kart/addons/modules_f_kart_data.pbo - 149274
 4:05:47 /mnt/data/harmattan-sandbox/arma3server/kart/addons/characters_f_kart.pbo - 150968
 4:05:47 /mnt/data/harmattan-sandbox/arma3server/kart/addons/modules_f_kart.pbo - 151162
 4:05:47 /mnt/data/harmattan-sandbox/arma3server/kart/addons/ui_f_kart.pbo - 119478
 4:05:47 /mnt/data/harmattan-sandbox/arma3server/kart/addons/sounds_f_kart.pbo - 150867
 4:05:47 /mnt/data/harmattan-sandbox/arma3server/kart/addons/weapons_f_kart.pbo - 138461
 4:05:47 /mnt/data/harmattan-sandbox/arma3server/kart/addons/anims_f_kart.pbo - 123210
 4:05:47 /mnt/data/harmattan-sandbox/arma3server/kart/addons/structures_f_kart.pbo - 123419
 4:05:47 /mnt/data/harmattan-sandbox/arma3server/kart/addons/data_f_kart.pbo - 119457
 4:05:47 /mnt/data/harmattan-sandbox/arma3server/kart/addons/soft_f_kart.pbo - 150945
 4:05:47 /mnt/data/harmattan-sandbox/arma3server/kart/addons/missions_f_kart_data.pbo - 119459
 4:05:47 /mnt/data/harmattan-sandbox/arma3server/curator/addons/ui_f_curator.pbo - 150867
 4:05:47 /mnt/data/harmattan-sandbox/arma3server/curator/addons/missions_f_curator.pbo - 121570
 4:05:47 /mnt/data/harmattan-sandbox/arma3server/curator/addons/modules_f_curator.pbo - 151084
 4:05:47 /mnt/data/harmattan-sandbox/arma3server/curator/addons/functions_f_curator.pbo - 150945
 4:05:47 /mnt/data/harmattan-sandbox/arma3server/curator/addons/language_f_curator.pbo - 151164
 4:05:47 /mnt/data/harmattan-sandbox/arma3server/curator/addons/data_f_curator_music.pbo - 119457
 4:05:47 /mnt/data/harmattan-sandbox/arma3server/curator/addons/data_f_curator.pbo - 150867
 4:05:47 addons/structures_f.pbo - 150697
 4:05:47 addons/boat_f_epc.pbo - 131911
 4:05:47 addons/missions_f_bootcamp_data.pbo - 150867
 4:05:47 addons/missions_f_epb.pbo - 119459
 4:05:47 addons/map_vr_scenes_f.pbo - 119459
 4:05:47 addons/functions_f_epa.pbo - 150249
 4:05:47 addons/sounds_f_vehicles.pbo - 150867
 4:05:47 addons/missions_f_beta_video.pbo - 119459
 4:05:47 addons/static_f.pbo - 151061
 4:05:47 addons/data_f_decade.pbo - 150764
 4:05:47 addons/sounds_f_epc.pbo - 150867
 4:05:47 addons/missions_f_epa_data.pbo - 119459
 4:05:47 addons/missions_f_exp_a_data.pbo - 119459
 4:05:47 addons/functions_f_epc.pbo - 119458
 4:05:47 addons/air_f_beta.pbo - 151175
 4:05:47 addons/languagemissions_f_epb.pbo - 151164
 4:05:47 addons/armor_f_beta.pbo - 150339
 4:05:47 addons/language_f_mod.pbo - 151164
 4:05:47 addons/rocks_f.pbo - 149339
 4:05:47 addons/misc_f.pbo - 119459
 4:05:47 addons/missions_f_gamma_data.pbo - 119459
 4:05:47 addons/languagemissions_f_beta.pbo - 151164
 4:05:47 addons/anims_f_data.pbo - 148601
 4:05:47 addons/dubbing_radio_f_data_engb.pbo - 119458
 4:05:47 addons/map_altis_data_layers_00_00.pbo - 0000
 4:05:47 addons/missions_f_bootcamp.pbo - 145509
 4:05:47 addons/structures_f_households.pbo - 150926
 4:05:47 addons/sounds_f_bootcamp.pbo - 150842
 4:05:47 addons/characters_f_epc.pbo - 150968
 4:05:47 addons/sounds_f_environment.pbo - 150867
 4:05:47 addons/missions_f_epc.pbo - 141704
 4:05:47 addons/props_f_exp_a.pbo - 147637
 4:05:47 addons/armor_f_epc.pbo - 148819
 4:05:47 addons/ui_f_exp_a.pbo - 119478
 4:05:47 addons/missions_f_bootcamp_video.pbo - 119459
 4:05:47 addons/ui_f_bootcamp.pbo - 119478
 4:05:47 addons/structures_f_mil.pbo - 150697
 4:05:47 addons/functions_f_exp_a.pbo - 150958
 4:05:47 addons/map_stratis.pbo - 148442
 4:05:47 addons/music_f_music.pbo - 119477
 4:05:47 addons/map_altis_data.pbo - 135904
 4:05:47 addons/characters_f_epb.pbo - 150968
 4:05:47 addons/map_stratis_data.pbo - 135888
 4:05:47 addons/anims_f_epc.pbo - 121358
 4:05:47 addons/roads_f.pbo - 148432
 4:05:47 addons/structures_f_epc.pbo - 148804
 4:05:47 addons/weapons_f_bootcamp.pbo - 141713
 4:05:47 addons/language_f_beta.pbo - 151164
 4:05:47 addons/dubbing_f_warlords.pbo - 136700
 4:05:47 addons/weapons_f_epc.pbo - 130416
 4:05:47 addons/music_f_epc_music.pbo - 119477
 4:05:47 addons/missions_f.pbo - 141704
 4:05:47 addons/language_f_epb.pbo - 151164
 4:05:47 addons/map_stratis_scenes_f.pbo - 119459
 4:05:47 addons/structures_f_data.pbo - 148419
 4:05:47 addons/characters_f_bootcamp.pbo - 149274
 4:05:47 addons/languagemissions_f_bootcamp.pbo - 151164
 4:05:47 addons/structures_f_exp_a.pbo - 150912
 4:05:47 addons/language_f_exp_a.pbo - 151164
 4:05:47 addons/music_f_epb.pbo - 119459
 4:05:47 addons/characters_f.pbo - 151039
 4:05:47 addons/missions_f_exp_a.pbo - 141704
 4:05:47 addons/modules_f_data.pbo - 122470
 4:05:47 addons/sounds_f_arsenal.pbo - 150867
 4:05:47 addons/sounds_f_exp_a.pbo - 150867
 4:05:47 addons/map_altis_data_layers_00_01.pbo - 0000
 4:05:47 addons/editor_f.pbo - 121103
 4:05:47 addons/boat_f_beta.pbo - 132036
 4:05:47 addons/3den.pbo - 151061
 4:05:47 addons/missions_f_epa.pbo - 150459
 4:05:47 addons/languagemissions_f_gamma.pbo - 151164
 4:05:47 addons/dubbing_f.pbo - 119457
 4:05:47 addons/dubbing_radio_f_data_gre.pbo - 119458
 4:05:47 addons/signs_f.pbo - 148432
 4:05:47 addons/air_f_epb.pbo - 150885
 4:05:47 addons/anims_f_bootcamp.pbo - 123209
 4:05:47 addons/cargoposes_f.pbo - 149489
 4:05:47 addons/dubbing_f_bootcamp.pbo - 119457
 4:05:47 addons/anims_f_mod.pbo - 135280
 4:05:47 addons/weapons_f_beta.pbo - 150174
 4:05:47 addons/anims_f_epa.pbo - 134499
 4:05:47 addons/map_altis_data_layers.pbo - 135913
 4:05:47 addons/structures_f_ind.pbo - 150048
 4:05:47 addons/air_f_epc.pbo - 150048
 4:05:47 addons/music_f_epc.pbo - 119459
 4:05:47 addons/dubbing_f_epa.pbo - 119457
 4:05:47 addons/structures_f_wrecks.pbo - 148419
 4:05:47 addons/languagemissions_f.pbo - 151164
 4:05:47 addons/weapons_f.pbo - 151176
 4:05:47 addons/modules_f_beta_data.pbo - 149274
 4:05:47 addons/soft_f_gamma.pbo - 150920
 4:05:47 addons/music_f_bootcamp_music.pbo - 119459
 4:05:47 addons/language_f_decade.pbo - 151164
 4:05:47 addons/language_f.pbo - 151164
 4:05:47 addons/map_altis.pbo - 148442
 4:05:47 addons/data_f.pbo - 151162
 4:05:47 addons/characters_f_gamma.pbo - 150968
 4:05:47 addons/static_f_beta.pbo - 132365
 4:05:47 addons/functions_f_bootcamp.pbo - 151040
 4:05:47 addons/characters_f_beta.pbo - 149965
 4:05:47 addons/map_altis_scenes_f.pbo - 119459
 4:05:47 addons/data_f_exp_b.pbo - 119457
 4:05:47 addons/a3.pbo - unknown
 4:05:47 addons/uifonts_f.pbo - 119478
 4:05:47 addons/music_f_bootcamp.pbo - 119459
 4:05:47 addons/missions_f_data.pbo - 119459
 4:05:47 addons/dubbing_f_gamma.pbo - 122449
 4:05:47 addons/sounds_f_decade.pbo - 150867
 4:05:47 addons/armor_f.pbo - 149414
 4:05:47 addons/dubbing_radio_f_data_eng.pbo - 119457
 4:05:47 addons/structures_f_bootcamp.pbo - 143436
 4:05:47 addons/functions_f_warlords.pbo - 150354
 4:05:47 addons/uifonts_f_data.pbo - 150106
 4:05:47 addons/data_f_bootcamp.pbo - 129618
 4:05:47 addons/modules_f_warlords.pbo - 144205
 4:05:47 addons/air_f.pbo - 150885
 4:05:47 addons/weapons_f_epa.pbo - 150905
 4:05:47 addons/functions_f.pbo - 151080
 4:05:47 addons/weapons_f_epb.pbo - 137810
 4:05:47 addons/boat_f.pbo - 150265
 4:05:47 addons/sounds_f_characters.pbo - 150867
 4:05:47 addons/anims_f_exp_a.pbo - 123209
 4:05:47 addons/languagemissions_f_epc.pbo - 151164
 4:05:47 addons/data_f_mod.pbo - 131534
 4:05:47 addons/language_f_warlords.pbo - 151164
 4:05:47 addons/missions_f_epa_video.pbo - 119459
 4:05:47 addons/modules_f_exp_a.pbo - 119459
 4:05:47 addons/structures_f_epa.pbo - 149252
 4:05:47 addons/missions_f_beta_data.pbo - 150867
 4:05:47 addons/armor_f_decade.pbo - 150805
 4:05:47 addons/dubbing_f_epb.pbo - 119457
 4:05:47 addons/dubbing_radio_f_data_per.pbo - 150218
 4:05:47 addons/animals_f.pbo - 150071
 4:05:47 addons/map_stratis_data_layers.pbo - 135888
 4:05:47 addons/language_f_gamma.pbo - 151164
 4:05:47 addons/dubbing_f_epc.pbo - 119457
 4:05:47 addons/missions_f_gamma.pbo - 151061
 4:05:47 addons/3den_language.pbo - 151164
 4:05:47 addons/languagemissions_f_exp_a.pbo - 151164
 4:05:47 addons/soft_f_beta.pbo - 150920
 4:05:47 addons/languagemissions_f_epa.pbo - 151164
 4:05:47 addons/weapons_f_mod.pbo - 149339
 4:05:47 addons/sounds_f_epb.pbo - 150867
 4:05:47 addons/modules_f_beta.pbo - 151162
 4:05:47 addons/animals_f_beta.pbo - 150071
 4:05:47 addons/characters_f_epa.pbo - 148392
 4:05:47 addons/drones_f.pbo - 146855
 4:05:47 addons/language_f_exp_b.pbo - 151164
 4:05:47 addons/map_vr.pbo - 135900
 4:05:47 addons/map_altis_data_layers_01_01.pbo - 0000
 4:05:47 addons/ui_f_data.pbo - 151023
 4:05:47 addons/dubbing_radio_f.pbo - 119457
 4:05:47 addons/map_data.pbo - 134124
 4:05:47 addons/ui_f_decade.pbo - 150746
 4:05:47 addons/music_f_epb_music.pbo - 119459
 4:05:47 addons/modules_f_bootcamp.pbo - 119459
 4:05:47 addons/baseconfig_f.pbo - 119457
 4:05:47 addons/missions_f_video.pbo - 119459
 4:05:47 addons/armor_f_gamma.pbo - 150803
 4:05:47 addons/characters_f_decade.pbo - 150784
 4:05:47 addons/sounds_f_mod.pbo - 150867
 4:05:47 addons/music_f.pbo - 119459
 4:05:47 addons/missions_f_warlords.pbo - 145437
 4:05:47 addons/editorpreviews_f_decade.pbo - 150645
 4:05:47 addons/music_f_epa_music.pbo - 119459
 4:05:47 addons/modules_f.pbo - 150958
 4:05:47 addons/air_f_gamma.pbo - 150048
 4:05:47 addons/data_f_warlords.pbo - 150867
 4:05:47 addons/missions_f_beta.pbo - 150697
 4:05:47 addons/functions_f_decade.pbo - 150807
 4:05:47 addons/map_altis_data_layers_01_00.pbo - 0000
 4:05:47 addons/data_f_exp_a.pbo - 119457
 4:05:47 addons/dubbing_f_beta.pbo - 119457
 4:05:47 addons/weapons_f_decade.pbo - 150757
 4:05:47 addons/soft_f.pbo - 151061
 4:05:47 addons/sounds_f.pbo - 150927
 4:05:47 addons/plants_f.pbo - 148432
 4:05:47 addons/sounds_f_sfx.pbo - 150867
 4:05:47 addons/language_f_epc.pbo - 151164
 4:05:47 addons/language_f_epa.pbo - 151164
 4:05:47 addons/dubbing_radio_f_data_vr.pbo - 119458
 4:05:47 addons/soft_f_epc.pbo - 150070
 4:05:47 addons/editorpreviews_f.pbo - 151077
 4:05:47 addons/ui_f.pbo - 151173
 4:05:47 addons/soft_f_bootcamp.pbo - 150071
 4:05:47 addons/weapons_f_gamma.pbo - 148783
 4:05:47 addons/modules_f_epb.pbo - 134655
 4:05:47 addons/boat_f_gamma.pbo - 127529
 4:05:47 addons/armor_f_epb.pbo - 150260
 4:05:47 addons/static_f_gamma.pbo - 122615
 4:05:47 addons/anims_f.pbo - 150686
 4:05:47 addons/structures_f_epb.pbo - 148421
 4:05:47 addons/props_f_decade.pbo - 150920
 4:05:47 addons/music_f_epa.pbo - 119459
 4:05:47 addons/missions_f_gamma_video.pbo - 119459
 4:05:47 addons/language_f_bootcamp.pbo - 151164
 4:05:47 
 4:05:47 =======================
 4:05:47 
 4:05:47 ============================================================================================= List of mods ===============================================================================================
 4:05:47 modsReadOnly = true
 4:05:47 safeModsActivated = false
 4:05:47 customMods = true
 4:05:47 hash = '90BDCFA91BC424BAD38183AEF2610A6703E12178'
 4:05:47 hashShort = 'd45fd29e'
 4:05:47                                               name |               modDir |    default |   official |               origin |                                     hash | hashShort | fullPath
 4:05:47 ----------------------------------------------------------------------------------------------------------------------------------------------------------------------------------------------------------
 4:05:47                 Pinned Down: Cover and Concealment | @PinnedDown_CoverConcealment |      false |      false |             GAME DIR | d7033a63c45dc8d505beb19cef1c84360209eb14 |   d3c6115 | /mnt/data/harmattan-sandbox/arma3server/@PinnedDown_CoverConcealment
 4:05:47                          Pinned Down: Battle Lines | @PinnedDown_BattleLines |      false |      false |             GAME DIR | e14cd1c9d4536160ca9bcdd9690a344fcf8bcd3f |  5093e886 | /mnt/data/harmattan-sandbox/arma3server/@PinnedDown_BattleLines
 4:05:47                             LAMBS Danger.fsm 2.6.1 |        @LAMBS_Danger |      false |      false |             GAME DIR | ca10ae45399b3640cb39fb0b9ca379938fdaa0bb |  92e2a26d | /mnt/data/harmattan-sandbox/arma3server/@LAMBS_Danger
 4:05:47                          RHS: United States Forces |             @rhsafrf |      false |      false |             GAME DIR | 22dc683ee7645369b375f5d3a2db51a995658245 |  736ca0ba | /mnt/data/harmattan-sandbox/arma3server/@rhsafrf
 4:05:47        RHS: Armed Forces of the Russian Federation |             @rhsusaf |      false |      false |             GAME DIR | c099f9533a1d61a33bef449594ec01c28661aa62 |  9f03db96 | /mnt/data/harmattan-sandbox/arma3server/@rhsusaf
 4:05:47                      Community Base Addons v3.18.6 |              @CBA_A3 |      false |      false |             GAME DIR | 3e1466169722aa923029e8a6c1cd7a8542d6c9cd |  c1ea2f12 | /mnt/data/harmattan-sandbox/arma3server/@CBA_A3
 4:05:47                                  Arma 3 Art of War |                  aow |       true |       true |             GAME DIR | 7685ba6030e4deb3c55cc1303fe4970086bb1d4e |  45cead90 | /mnt/data/harmattan-sandbox/arma3server/aow
 4:05:47                          Arma 3 Contact (Platform) |                enoch |       true |       true |             GAME DIR | 60377b76eed5b3b0aa32b7eac60a47d283fcf0cc |  b428902f | /mnt/data/harmattan-sandbox/arma3server/enoch
 4:05:47                                       Arma 3 Tanks |                 tank |       true |       true |             GAME DIR | ce4faa4b481d5beb49a49be538691d35e51771e2 |  6e220316 | /mnt/data/harmattan-sandbox/arma3server/tank
 4:05:47                                     Arma 3 Tac-Ops |               tacops |       true |       true |             GAME DIR | ae5caba2339455413681ee7a0d13d6c3506c012c |  5150d064 | /mnt/data/harmattan-sandbox/arma3server/tacops
 4:05:47                                 Arma 3 Laws of War |               orange |       true |       true |             GAME DIR | 842d91a189db46f5c940e3fecb475854965c87f7 |  107dffec | /mnt/data/harmattan-sandbox/arma3server/orange
 4:05:47                                      Arma 3 Malden |                 argo |       true |       true |             GAME DIR | 6929f5532e7b80136be17f26a959c91eeb40ec0f |  aad6aaf5 | /mnt/data/harmattan-sandbox/arma3server/argo
 4:05:47                                        Arma 3 Jets |                 jets |       true |       true |             GAME DIR | e4a48f3a8727e6b56d6082c1dd0b4ab3c42be223 |  7f335115 | /mnt/data/harmattan-sandbox/arma3server/jets
 4:05:47                                        Arma 3 Apex |            expansion |       true |       true |             GAME DIR | 8e9eb113e1e92a3ba26280becd3f05e7bdfcd49c |  125ee13c | /mnt/data/harmattan-sandbox/arma3server/expansion
 4:05:47                                    Arma 3 Marksmen |                 mark |       true |       true |             GAME DIR | 392d9e3a6fdbc19f01be0200b50a6a09413ecc63 |  140e9f85 | /mnt/data/harmattan-sandbox/arma3server/mark
 4:05:47                                 Arma 3 Helicopters |                 heli |       true |       true |             GAME DIR | 0e67ef03a2e786a8e11e01c4b19cd104e120f282 |  61c33e7e | /mnt/data/harmattan-sandbox/arma3server/heli
 4:05:47                                       Arma 3 Karts |                 kart |       true |       true |             GAME DIR | 0ab891520b9ac69ff9132ae6de7e2e199b884ca6 |  f6336162 | /mnt/data/harmattan-sandbox/arma3server/kart
 4:05:47                                        Arma 3 Zeus |              curator |       true |       true |             GAME DIR | 53c3d7094eaa421dad414709f2834c660b583ad3 |  3b763ef8 | /mnt/data/harmattan-sandbox/arma3server/curator
 4:05:47                                             Arma 3 |                   A3 |       true |       true |    NOT FOUND (Empty) |                                          |           | 
 4:05:47 ==========================================================================================================================================================================================================
 4:05:47 InitSound ...
 4:05:47 InitSound - complete
 4:05:47 Dedicated host created.
 4:05:47 PhysX3 SDK Init started ...
 4:05:47 PhysX3 SDK Init ended.
 4:05:50 [CBA] (xeh) INFO: [0,14.784,0] PreStart started.
 4:05:50 [CBA] (settings) INFO: Userconfig: Ignored.
 4:05:50 [CBA] (xeh) INFO: [0,14.853,0] PreStart finished.
 4:05:52 Warning Message: You cannot play/edit this mission; it is dependent on downloadable content that has been deleted.\na3_characters_f
 4:05:53 Loading movesType CfgGesturesMale
 4:05:53 MovesType CfgGesturesMale load time 85.0 ms
 4:05:53 Loading movesType CfgMovesMaleSdr
 4:06:03 Warning: looped for animation: a3\anims_f_epa\data\anim\sdr\cts\hubcleaned\briefing\hubbriefing_loop.rtm differs (looped now 0)! MoveName: hubbriefing_ext
 4:06:06 Warning: looped for animation: a3\anims_f_epa\data\anim\sdr\cts\hubcleaned\spectator\hubspectator_stand.rtm differs (looped now 1)! MoveName: hubspectator_stand_contact
 4:06:07 MovesType CfgMovesMaleSdr load time 14078.0 ms
 4:06:07 BattlEye Server: Initialized (v1.220, Arma 3 2.20.152984)
[S_API] SteamAPI_Init(): Loaded local 'steamclient.so' OK.
Setting breakpad minidump AppID = 107410
SteamInternal_SetMinidumpSteamID:  Caching Steam ID:  76561197960265728 [API loaded no]
 4:06:07 Game Port: 6002, Steam Query Port: 6003
 4:06:07 Initializing Steam server - Game Port: 6002, Steam Query Port: 6003
Arma 3 Console version 2.20.152984 x64 : port 6002
 4:06:07 Mission BancArma.Stratis read from directory.
[S_API FAIL] Tried to access Steam interface SteamFriends017 before SteamAPI_Init succeeded.
 4:06:07 Mission BancArma.Stratis: Number of roles (0) is different from 'description.ext::Header::maxPlayer' (1)
 4:06:07 Mission BancArma.Stratis: 'description.ext::Header::minPlayer' (1) is too high - there is 0 roles
 4:06:07 Host identity created.
[S_API FAIL] Tried to access Steam interface SteamUtils010 before SteamAPI_Init succeeded.
 4:06:07 Roles assigned.
 4:06:07 Reading mission ...
 4:06:07 Starting mission:
 4:06:07  Mission file: BancArma
 4:06:07  Mission world: Stratis
 4:06:07  Mission directory: mpmissions\BancArma.Stratis\
 4:06:07 No more slot to add connection at 033057 (3386.8,5735.4)
 4:06:08 [CBA] (xeh) INFO: [791,32.954,0] PreInit started. v3.18.6.260327
[S_API FAIL] Tried to access Steam interface STEAMAPPS_INTERFACE_VERSION008 before SteamAPI_Init succeeded.
 4:06:08 [CBA] (settings) INFO: Reading settings from settings file.
 4:06:08 [CBA] (settings) INFO: Finished reading settings from settings file.
 4:06:08 "[BL] Pinned Down: Battle Lines preInit (v0.74.0af transport distance test)"
 4:06:08 [CBA] (xeh) INFO: [791,33.107,0] PreInit finished.
 4:06:08 Mission read.
 4:06:08 Connected to Steam servers
 4:06:08 [CBA] (xeh) INFO: [791,33.117,0] PostInit started. MISSIONINIT: missionName=BancArma, missionVersion=54, worldName=Stratis, isMultiplayer=true, isServer=true, isDedicated=true, CBA_isHeadlessClient=false, hasInterface=false, didJIP=false
 4:06:08 [CBA] (versioning) INFO: [791,33.125,0] VERSIONING:cba=3.18.6.260327
 4:06:09 "[PD COVER AND CONCEALMENT] initialized version=0.1.29 scheduler=CBA_PFH existingUnits=0 debug=false"
 4:06:09 [CBA] (xeh) INFO: [791,33.26,0] PostInit finished.
 4:06:09 ../lib/Network/networkServer.cpp OnClientStateChanged:NOT IMPLEMENTED - briefing!
 4:06:09  Mission id: 0ec44861d07bfe68ce2e1cfc1688ba4c1864d6dc
 4:06:09 Game started.
 4:06:09 Attempt to override final function - bis_fnc_storeparamsvalues_data
 4:06:15 "HMT|B150B|debut|20|configs|jalons|[120,90,60,40]"
 4:06:35 Strange convex component145 in a3\plants_f\tree\t_pinuss2s_b_f.p3d:geometryView
 4:06:35 Strange convex component149 in a3\plants_f\tree\t_pinuss2s_b_f.p3d:geometryView
 4:06:42 "HMT|B150B|terrain|1771|5630|denivele|12"
 4:06:42 "HMT|B150B|regard|1|ecart_max|0|ecart_moyen|0|n|5"
 4:06:43 "HMT|B150B|regard|1|ecart_max|0|ecart_moyen|0|n|5"
 4:06:44 "HMT|B150B|regard|1|ecart_max|0|ecart_moyen|0|n|5"
 4:06:45 "HMT|B150B|regard|1|ecart_max|0|ecart_moyen|0|n|5"
 4:06:46 "HMT|B150B|config|1|defenseurs|5|derive_max|0|caps|[180,170,183,177,206]"
 4:06:46 "HMT|B150B|regard|1|ecart_max|0|ecart_moyen|0|n|5"
 4:06:47 "HMT|B150B|regard|1|ecart_max|0|ecart_moyen|0|n|5"
 4:06:48 "HMT|B150B|regard|1|ecart_max|0|ecart_moyen|0|n|5"
 4:06:49 "HMT|B150B|regard|1|ecart_max|0|ecart_moyen|0|n|5"
 4:06:50 "HMT|B150B|regard|1|ecart_max|0|ecart_moyen|0|n|5"
 4:06:51 "HMT|B150B|regard|1|ecart_max|0|ecart_moyen|0|n|5"
 4:06:52 "HMT|B150B|regard|1|ecart_max|0|ecart_moyen|0|n|5"
 4:06:53 "HMT|B150B|regard|1|ecart_max|0|ecart_moyen|0|n|5"
 4:06:54 "HMT|B150B|regard|1|ecart_max|0|ecart_moyen|0|n|5"
 4:06:55 "HMT|B150B|regard|1|ecart_max|0|ecart_moyen|0|n|5"
 4:06:56 "HMT|B150B|regard|1|ecart_max|0|ecart_moyen|0|n|5"
 4:06:57 "HMT|B150B|regard|1|ecart_max|0|ecart_moyen|0|n|5"
 4:06:58 "HMT|B150B|regard|1|ecart_max|0|ecart_moyen|0|n|5"
 4:07:00 "HMT|B150B|regard|1|ecart_max|0|ecart_moyen|0|n|5"
 4:07:01 "HMT|B150B|regard|1|ecart_max|0|ecart_moyen|0|n|5"
 4:07:02 "HMT|B150B|regard|1|ecart_max|0|ecart_moyen|0|n|5"
 4:07:03 "HMT|B150B|regard|1|ecart_max|0|ecart_moyen|0|n|5"
 4:07:04 "HMT|B150B|regard|1|ecart_max|0|ecart_moyen|0|n|5"
 4:07:05 "HMT|B150B|regard|1|ecart_max|0|ecart_moyen|0|n|5"
 4:07:06 "HMT|B150B|regard|1|ecart_max|0|ecart_moyen|0|n|5"
 4:07:07 "HMT|B150B|regard|1|ecart_max|0|ecart_moyen|0|n|5"
 4:07:08 "HMT|B150B|regard|1|ecart_max|0|ecart_moyen|0|n|5"
 4:07:09 "HMT|B150B|regard|1|ecart_max|0|ecart_moyen|0|n|5"
 4:07:10 "HMT|B150B|regard|1|ecart_max|0|ecart_moyen|0|n|5"
 4:07:11 "HMT|B150B|regard|1|ecart_max|0|ecart_moyen|0|n|5"
 4:07:12 "HMT|B150B|regard|1|ecart_max|0|ecart_moyen|0|n|5"
 4:07:13 "HMT|B150B|regard|1|ecart_max|0|ecart_moyen|0|n|5"
 4:07:14 "HMT|B150B|regard|1|ecart_max|0|ecart_moyen|0|n|5"
 4:07:15 "HMT|B150B|regard|1|ecart_max|0|ecart_moyen|0|n|5"
 4:07:16 "HMT|B150B|regard|1|ecart_max|0|ecart_moyen|0|n|5"
 4:07:17 "HMT|B150B|regard|1|ecart_max|0|ecart_moyen|0|n|5"
 4:07:18 "HMT|B150B|regard|1|ecart_max|0|ecart_moyen|0|n|5"
 4:07:19 "HMT|B150B|regard|1|ecart_max|0|ecart_moyen|0|n|5"
 4:07:20 "HMT|B150B|regard|1|ecart_max|0|ecart_moyen|0|n|5"
 4:07:21 "HMT|B150B|regard|1|ecart_max|0|ecart_moyen|0|n|5"
 4:07:22 "HMT|B150B|regard|1|ecart_max|0|ecart_moyen|0|n|5"
 4:07:23 "HMT|B150B|regard|1|ecart_max|0|ecart_moyen|0|n|5"
 4:07:24 "HMT|B150B|essai|1|agent|know|0|reste|38|jalons|[1,1,1,1]|points|29|couche|0"
 4:07:24 "HMT|B150B|regard|1|ecart_max|0|ecart_moyen|0|n|5"
 4:07:25 "HMT|B150B|regard|1|ecart_max|0|ecart_moyen|0|n|5"
 4:07:26 "HMT|B150B|regard|1|ecart_max|0|ecart_moyen|0|n|5"
 4:07:27 "HMT|B150B|regard|1|ecart_max|0|ecart_moyen|0|n|5"
 4:07:28 "HMT|B150B|regard|1|ecart_max|0|ecart_moyen|0|n|5"
 4:07:29 "HMT|B150B|regard|1|ecart_max|0|ecart_moyen|0|n|5"
 4:07:30 "HMT|B150B|regard|1|ecart_max|0|ecart_moyen|0|n|5"
 4:07:31 "HMT|B150B|regard|1|ecart_max|0|ecart_moyen|0|n|5"
 4:07:32 "HMT|B150B|regard|1|ecart_max|0|ecart_moyen|0|n|5"
 4:07:33 "HMT|B150B|regard|1|ecart_max|0|ecart_moyen|0|n|5"
 4:07:34 "HMT|B150B|regard|1|ecart_max|0|ecart_moyen|0|n|5"
 4:07:35 "HMT|B150B|regard|1|ecart_max|0|ecart_moyen|0|n|5"
 4:07:36 "HMT|B150B|regard|1|ecart_max|0|ecart_moyen|0|n|5"
 4:07:37 "HMT|B150B|regard|1|ecart_max|0|ecart_moyen|0|n|5"
 4:07:38 "HMT|B150B|regard|1|ecart_max|0|ecart_moyen|0|n|5"
 4:07:39 "HMT|B150B|regard|1|ecart_max|0|ecart_moyen|0|n|5"
 4:07:40 "HMT|B150B|regard|1|ecart_max|0|ecart_moyen|0|n|5"
 4:07:41 "HMT|B150B|regard|1|ecart_max|0|ecart_moyen|0|n|5"
 4:07:42 "HMT|B150B|regard|1|ecart_max|0|ecart_moyen|0|n|5"
 4:07:43 "HMT|B150B|regard|1|ecart_max|0|ecart_moyen|0|n|5"
 4:07:44 "HMT|B150B|regard|1|ecart_max|0|ecart_moyen|0|n|5"
 4:07:45 "HMT|B150B|regard|1|ecart_max|0|ecart_moyen|0|n|5"
 4:07:46 "HMT|B150B|regard|1|ecart_max|0|ecart_moyen|0|n|5"
 4:07:47 "HMT|B150B|regard|1|ecart_max|0|ecart_moyen|0|n|5"
 4:07:48 "HMT|B150B|regard|1|ecart_max|0|ecart_moyen|0|n|5"
 4:07:49 "HMT|B150B|regard|1|ecart_max|0|ecart_moyen|0|n|5"
 4:07:50 "HMT|B150B|regard|1|ecart_max|0|ecart_moyen|0|n|5"
 4:07:51 "HMT|B150B|regard|1|ecart_max|0|ecart_moyen|0|n|5"
 4:07:52 "HMT|B150B|regard|1|ecart_max|0|ecart_moyen|0|n|5"
 4:07:53 "HMT|B150B|regard|1|ecart_max|0|ecart_moyen|0|n|5"
 4:07:54 "HMT|B150B|regard|1|ecart_max|0|ecart_moyen|0|n|5"
 4:07:55 "HMT|B150B|regard|1|ecart_max|0|ecart_moyen|0|n|5"
 4:07:56 "HMT|B150B|regard|1|ecart_max|0|ecart_moyen|0|n|5"
 4:07:57 "HMT|B150B|regard|1|ecart_max|0|ecart_moyen|0|n|5"
 4:07:58 "HMT|B150B|regard|1|ecart_max|0|ecart_moyen|0|n|5"
 4:07:59 "HMT|B150B|regard|1|ecart_max|0|ecart_moyen|0|n|5"
 4:08:00 "HMT|B150B|regard|1|ecart_max|0|ecart_moyen|0|n|5"
 4:08:01 "HMT|B150B|regard|1|ecart_max|0|ecart_moyen|0|n|5"
 4:08:02 "HMT|B150B|regard|1|ecart_max|0|ecart_moyen|0|n|5"
 4:08:03 "HMT|B150B|regard|1|ecart_max|0|ecart_moyen|0|n|5"
 4:08:04 "HMT|B150B|regard|1|ecart_max|0|ecart_moyen|0|n|5"
 4:08:05 "HMT|B150B|essai|1|droite|know|0|reste|40|jalons|[1,1,1,1]|points|29|couche|0"
 4:08:05 "HMT|B150B|regard|1|ecart_max|0|ecart_moyen|0|n|5"
 4:08:06 "HMT|B150B|regard|1|ecart_max|0|ecart_moyen|0|n|5"
 4:08:07 "HMT|B150B|regard|1|ecart_max|0|ecart_moyen|0|n|5"
 4:08:08 "HMT|B150B|regard|1|ecart_max|0|ecart_moyen|0|n|5"
 4:08:09 "HMT|B150B|regard|1|ecart_max|0|ecart_moyen|0|n|5"
 4:08:10 "HMT|B150B|regard|1|ecart_max|0|ecart_moyen|0|n|5"
 4:08:11 "HMT|B150B|regard|1|ecart_max|0|ecart_moyen|0|n|5"
 4:08:12 "HMT|B150B|regard|1|ecart_max|0|ecart_moyen|0|n|5"
 4:08:13 "HMT|B150B|regard|1|ecart_max|0|ecart_moyen|0|n|5"
 4:08:14 "HMT|B150B|regard|1|ecart_max|0|ecart_moyen|0|n|5"
 4:08:15 "HMT|B150B|regard|1|ecart_max|0|ecart_moyen|0|n|5"
 4:08:16 "HMT|B150B|regard|1|ecart_max|0|ecart_moyen|0|n|5"
 4:08:17 "HMT|B150B|regard|1|ecart_max|0|ecart_moyen|0|n|5"
 4:08:18 "HMT|B150B|regard|1|ecart_max|0|ecart_moyen|0|n|5"
 4:08:19 "HMT|B150B|regard|1|ecart_max|0|ecart_moyen|0|n|5"
 4:08:20 "HMT|B150B|regard|1|ecart_max|0|ecart_moyen|0|n|5"
 4:08:22 "HMT|B150B|regard|1|ecart_max|0|ecart_moyen|0|n|5"
 4:08:23 "HMT|B150B|regard|1|ecart_max|0|ecart_moyen|0|n|5"
 4:08:24 "HMT|B150B|regard|1|ecart_max|0|ecart_moyen|0|n|5"
 4:08:25 "HMT|B150B|regard|1|ecart_max|0|ecart_moyen|0|n|5"
 4:08:26 "HMT|B150B|regard|1|ecart_max|0|ecart_moyen|0|n|5"
 4:08:27 "HMT|B150B|regard|1|ecart_max|0|ecart_moyen|0|n|5"
 4:08:28 "HMT|B150B|regard|1|ecart_max|0|ecart_moyen|0|n|5"
 4:08:29 "HMT|B150B|regard|1|ecart_max|0|ecart_moyen|0|n|5"
 4:08:30 "HMT|B150B|regard|1|ecart_max|0|ecart_moyen|0|n|5"
 4:08:31 "HMT|B150B|regard|1|ecart_max|0|ecart_moyen|0|n|5"
 4:08:32 "HMT|B150B|regard|1|ecart_max|0|ecart_moyen|0|n|5"
 4:08:33 "HMT|B150B|regard|1|ecart_max|0|ecart_moyen|0|n|5"
 4:08:34 "HMT|B150B|regard|1|ecart_max|0|ecart_moyen|0|n|5"
 4:08:35 "HMT|B150B|regard|1|ecart_max|0|ecart_moyen|0|n|5"
 4:08:36 "HMT|B150B|regard|1|ecart_max|0|ecart_moyen|0|n|5"
 4:08:37 "HMT|B150B|regard|1|ecart_max|0|ecart_moyen|0|n|5"
 4:08:38 "HMT|B150B|regard|1|ecart_max|0|ecart_moyen|0|n|5"
 4:08:39 "HMT|B150B|regard|1|ecart_max|0|ecart_moyen|0|n|5"
 4:08:40 "HMT|B150B|regard|1|ecart_max|0|ecart_moyen|0|n|5"
 4:08:41 "HMT|B150B|regard|1|ecart_max|0|ecart_moyen|0|n|5"
 4:08:42 "HMT|B150B|regard|1|ecart_max|0|ecart_moyen|0|n|5"
 4:08:43 "HMT|B150B|regard|1|ecart_max|0|ecart_moyen|0|n|5"
 4:08:44 "HMT|B150B|regard|1|ecart_max|0|ecart_moyen|0|n|5"
 4:08:45 "HMT|B150B|regard|1|ecart_max|0|ecart_moyen|0|n|5"
 4:08:46 "HMT|B150B|regard|1|ecart_max|0|ecart_moyen|0|n|5"
 4:08:46 "HMT|B150B|essai|1|droite_bis|know|0|reste|40|jalons|[1,1,1,1]|points|29|couche|0"
 4:08:47 "HMT|B150B|regard|1|ecart_max|0|ecart_moyen|0|n|5"
 4:08:48 "HMT|B150B|regard|1|ecart_max|0|ecart_moyen|0|n|5"
 4:08:49 "HMT|B150B|regard|1|ecart_max|0|ecart_moyen|0|n|5"
 4:08:50 "HMT|B150B|regard|1|ecart_max|0|ecart_moyen|0|n|5"
 4:08:51 "HMT|B150B|regard|1|ecart_max|0|ecart_moyen|0|n|5"
 4:08:52 "HMT|B150B|regard|1|ecart_max|0|ecart_moyen|0|n|5"
 4:08:53 "HMT|B150B|regard|1|ecart_max|0|ecart_moyen|0|n|5"
 4:08:54 "HMT|B150B|regard|1|ecart_max|0|ecart_moyen|0|n|5"
 4:08:55 "HMT|B150B|regard|1|ecart_max|0|ecart_moyen|0|n|5"
 4:08:56 "HMT|B150B|regard|1|ecart_max|0|ecart_moyen|0|n|5"
 4:08:57 "HMT|B150B|regard|1|ecart_max|0|ecart_moyen|0|n|5"
 4:08:58 "HMT|B150B|regard|1|ecart_max|0|ecart_moyen|0|n|5"
 4:08:59 "HMT|B150B|regard|1|ecart_max|0|ecart_moyen|0|n|5"
 4:09:00 "HMT|B150B|regard|1|ecart_max|0|ecart_moyen|0|n|5"
 4:09:01 "HMT|B150B|regard|1|ecart_max|0|ecart_moyen|0|n|5"
 4:09:02 "HMT|B150B|regard|1|ecart_max|0|ecart_moyen|0|n|5"
 4:09:03 "HMT|B150B|regard|1|ecart_max|0|ecart_moyen|0|n|5"
 4:09:04 "HMT|B150B|regard|1|ecart_max|0|ecart_moyen|0|n|5"
 4:09:05 "HMT|B150B|regard|1|ecart_max|0|ecart_moyen|0|n|5"
 4:09:06 "HMT|B150B|regard|1|ecart_max|0|ecart_moyen|0|n|5"
 4:09:07 "HMT|B150B|regard|1|ecart_max|0|ecart_moyen|0|n|5"
 4:09:08 "HMT|B150B|regard|1|ecart_max|0|ecart_moyen|0|n|5"
 4:09:09 "HMT|B150B|regard|1|ecart_max|0|ecart_moyen|0|n|5"
 4:09:10 "HMT|B150B|regard|1|ecart_max|0|ecart_moyen|0|n|5"
 4:09:11 "HMT|B150B|regard|1|ecart_max|0|ecart_moyen|0|n|5"
 4:09:12 "HMT|B150B|regard|1|ecart_max|0|ecart_moyen|0|n|5"
 4:09:13 "HMT|B150B|regard|1|ecart_max|0|ecart_moyen|0|n|5"
 4:09:14 "HMT|B150B|regard|1|ecart_max|0|ecart_moyen|0|n|5"
 4:09:15 "HMT|B150B|regard|1|ecart_max|0|ecart_moyen|0|n|5"
 4:09:16 "HMT|B150B|regard|1|ecart_max|0|ecart_moyen|0|n|5"
 4:09:17 "HMT|B150B|regard|1|ecart_max|0|ecart_moyen|0|n|5"
 4:09:18 "HMT|B150B|regard|1|ecart_max|0|ecart_moyen|0|n|5"
 4:09:19 "HMT|B150B|regard|1|ecart_max|0|ecart_moyen|0|n|5"
 4:09:20 "HMT|B150B|regard|1|ecart_max|0|ecart_moyen|0|n|5"
 4:09:21 "HMT|B150B|regard|1|ecart_max|0|ecart_moyen|0|n|5"
 4:09:22 "HMT|B150B|regard|1|ecart_max|0|ecart_moyen|0|n|5"
 4:09:23 "HMT|B150B|regard|1|ecart_max|0|ecart_moyen|0|n|5"
 4:09:24 "HMT|B150B|regard|1|ecart_max|0|ecart_moyen|0|n|5"
 4:09:25 "HMT|B150B|regard|1|ecart_max|0|ecart_moyen|0|n|5"
 4:09:26 "HMT|B150B|regard|1|ecart_max|0|ecart_moyen|0|n|5"
 4:09:27 "HMT|B150B|regard|1|ecart_max|0|ecart_moyen|0|n|5"
 4:09:28 "HMT|B150B|regard|1|ecart_max|0|ecart_moyen|0|n|5"
 4:09:29 "HMT|B150B|regard|1|ecart_max|0|ecart_moyen|0|n|5"
 4:09:30 "HMT|B150B|regard|1|ecart_max|0|ecart_moyen|0|n|5"
 4:09:32 "HMT|B150B|regard|1|ecart_max|0|ecart_moyen|0|n|5"
 4:09:33 "HMT|B150B|regard|1|ecart_max|0|ecart_moyen|0|n|5"
 4:09:34 "HMT|B150B|regard|1|ecart_max|0|ecart_moyen|0|n|5"
 4:09:35 "HMT|B150B|regard|1|ecart_max|0|ecart_moyen|0|n|5"
 4:09:36 "HMT|B150B|regard|1|ecart_max|0|ecart_moyen|0|n|5"
 4:09:37 "HMT|B150B|regard|1|ecart_max|0|ecart_moyen|0|n|5"
 4:09:38 "HMT|B150B|regard|1|ecart_max|0|ecart_moyen|0|n|5"
 4:09:39 "HMT|B150B|regard|1|ecart_max|0|ecart_moyen|0|n|5"
 4:09:40 "HMT|B150B|regard|1|ecart_max|0|ecart_moyen|0|n|5"
 4:09:41 "HMT|B150B|regard|1|ecart_max|0|ecart_moyen|0|n|5"
 4:09:42 "HMT|B150B|regard|1|ecart_max|0|ecart_moyen|0|n|5"
 4:09:43 "HMT|B150B|regard|1|ecart_max|0|ecart_moyen|0|n|5"
 4:09:44 "HMT|B150B|regard|1|ecart_max|0|ecart_moyen|0|n|5"
 4:09:45 "HMT|B150B|regard|1|ecart_max|0|ecart_moyen|0|n|5"
 4:09:46 "HMT|B150B|regard|1|ecart_max|0|ecart_moyen|0|n|5"
 4:09:47 "HMT|B150B|regard|1|ecart_max|0|ecart_moyen|0|n|5"
 4:09:48 "HMT|B150B|regard|1|ecart_max|0|ecart_moyen|0|n|5"
 4:09:49 "HMT|B150B|regard|1|ecart_max|0|ecart_moyen|0|n|5"
 4:09:50 "HMT|B150B|regard|1|ecart_max|0|ecart_moyen|0|n|5"
 4:09:51 "HMT|B150B|regard|1|ecart_max|0|ecart_moyen|0|n|5"
 4:09:52 "HMT|B150B|regard|1|ecart_max|0|ecart_moyen|0|n|5"
 4:09:53 "HMT|B150B|regard|1|ecart_max|0|ecart_moyen|0|n|5"
 4:09:54 "HMT|B150B|regard|1|ecart_max|0|ecart_moyen|0|n|5"
 4:09:55 "HMT|B150B|regard|1|ecart_max|0|ecart_moyen|0|n|5"
 4:09:56 "HMT|B150B|regard|1|ecart_max|0|ecart_moyen|0|n|5"
 4:09:57 "HMT|B150B|regard|1|ecart_max|0|ecart_moyen|0|n|5"
 4:09:58 "HMT|B150B|regard|1|ecart_max|0|ecart_moyen|0|n|5"
 4:09:59 "HMT|B150B|regard|1|ecart_max|0|ecart_moyen|0|n|5"
 4:10:00 "HMT|B150B|regard|1|ecart_max|0|ecart_moyen|0|n|5"
 4:10:01 "HMT|B150B|regard|1|ecart_max|0|ecart_moyen|0|n|5"
 4:10:02 "HMT|B150B|regard|1|ecart_max|0|ecart_moyen|0|n|5"
 4:10:03 "HMT|B150B|regard|1|ecart_max|0|ecart_moyen|0|n|5"
 4:10:04 "HMT|B150B|regard|1|ecart_max|0|ecart_moyen|0|n|5"
 4:10:05 "HMT|B150B|regard|1|ecart_max|0|ecart_moyen|0|n|5"
 4:10:06 "HMT|B150B|regard|1|ecart_max|0|ecart_moyen|0|n|5"
 4:10:07 "HMT|B150B|regard|1|ecart_max|0|ecart_moyen|0|n|5"
 4:10:08 "HMT|B150B|regard|1|ecart_max|0|ecart_moyen|0|n|5"
 4:10:09 "HMT|B150B|regard|1|ecart_max|0|ecart_moyen|0|n|5"
 4:10:10 "HMT|B150B|regard|1|ecart_max|0|ecart_moyen|0|n|5"
 4:10:11 "HMT|B150B|regard|1|ecart_max|0|ecart_moyen|0|n|5"
 4:10:12 "HMT|B150B|regard|1|ecart_max|0|ecart_moyen|0|n|5"
 4:10:13 "HMT|B150B|regard|1|ecart_max|0|ecart_moyen|0|n|5"
 4:10:14 "HMT|B150B|regard|1|ecart_max|0|ecart_moyen|0|n|5"
 4:10:15 "HMT|B150B|regard|1|ecart_max|0|ecart_moyen|0|n|5"
 4:10:16 "HMT|B150B|regard|1|ecart_max|0|ecart_moyen|0|n|5"
 4:10:17 "HMT|B150B|regard|1|ecart_max|0|ecart_moyen|0|n|5"
 4:10:18 "HMT|B150B|regard|1|ecart_max|0|ecart_moyen|0|n|5"
 4:10:19 "HMT|B150B|regard|1|ecart_max|0|ecart_moyen|0|n|5"
 4:10:20 "HMT|B150B|regard|1|ecart_max|0|ecart_moyen|0|n|5"
 4:10:21 "HMT|B150B|regard|1|ecart_max|0|ecart_moyen|0|n|5"
 4:10:22 "HMT|B150B|regard|1|ecart_max|0|ecart_moyen|0|n|5"
 4:10:23 "HMT|B150B|regard|1|ecart_max|0|ecart_moyen|0|n|5"
 4:10:24 "HMT|B150B|regard|1|ecart_max|0|ecart_moyen|0|n|5"
 4:10:25 "HMT|B150B|regard|1|ecart_max|0|ecart_moyen|0|n|5"
 4:10:26 "HMT|B150B|regard|1|ecart_max|0|ecart_moyen|0|n|5"
 4:10:27 "HMT|B150B|regard|1|ecart_max|0|ecart_moyen|0|n|5"
 4:10:28 "HMT|B150B|regard|1|ecart_max|0|ecart_moyen|0|n|5"
 4:10:29 "HMT|B150B|regard|1|ecart_max|0|ecart_moyen|0|n|5"
 4:10:30 "HMT|B150B|regard|1|ecart_max|0|ecart_moyen|0|n|5"
 4:10:31 "HMT|B150B|regard|1|ecart_max|0|ecart_moyen|0|n|5"
 4:10:32 "HMT|B150B|regard|1|ecart_max|0|ecart_moyen|0|n|5"
 4:10:33 "HMT|B150B|regard|1|ecart_max|0|ecart_moyen|0|n|5"
 4:10:34 "HMT|B150B|regard|1|ecart_max|0|ecart_moyen|0|n|5"
 4:10:35 "HMT|B150B|regard|1|ecart_max|0|ecart_moyen|0|n|5"
 4:10:36 "HMT|B150B|regard|1|ecart_max|0|ecart_moyen|0|n|5"
 4:10:37 "HMT|B150B|regard|1|ecart_max|0|ecart_moyen|0|n|5"
 4:10:38 "HMT|B150B|regard|1|ecart_max|0|ecart_moyen|0|n|5"
 4:10:39 "HMT|B150B|regard|1|ecart_max|0|ecart_moyen|0|n|5"
 4:10:41 "HMT|B150B|regard|1|ecart_max|0|ecart_moyen|0|n|5"
 4:10:42 "HMT|B150B|regard|1|ecart_max|0|ecart_moyen|0|n|5"
 4:10:43 "HMT|B150B|regard|1|ecart_max|0|ecart_moyen|0|n|5"
 4:10:44 "HMT|B150B|regard|1|ecart_max|0|ecart_moyen|0|n|5"
 4:10:45 "HMT|B150B|regard|1|ecart_max|0|ecart_moyen|0|n|5"
 4:10:46 "HMT|B150B|regard|1|ecart_max|0|ecart_moyen|0|n|5"
 4:10:47 "HMT|B150B|regard|1|ecart_max|0|ecart_moyen|0|n|5"
 4:10:48 "HMT|B150B|regard|1|ecart_max|0|ecart_moyen|0|n|5"
 4:10:49 "HMT|B150B|regard|1|ecart_max|0|ecart_moyen|0|n|5"
 4:10:50 "HMT|B150B|regard|1|ecart_max|0|ecart_moyen|0|n|5"
 4:10:51 "HMT|B150B|regard|1|ecart_max|0|ecart_moyen|0|n|5"
 4:10:52 "HMT|B150B|regard|1|ecart_max|0|ecart_moyen|0|n|5"
 4:10:53 "HMT|B150B|regard|1|ecart_max|0|ecart_moyen|0|n|5"
 4:10:54 "HMT|B150B|regard|1|ecart_max|0|ecart_moyen|0|n|5"
 4:10:55 "HMT|B150B|regard|1|ecart_max|0|ecart_moyen|0|n|5"
 4:10:56 "HMT|B150B|regard|1|ecart_max|0|ecart_moyen|0|n|5"
 4:10:57 "HMT|B150B|regard|1|ecart_max|0|ecart_moyen|0|n|5"
 4:10:58 "HMT|B150B|regard|1|ecart_max|0|ecart_moyen|0|n|5"
 4:10:59 "HMT|B150B|regard|1|ecart_max|0|ecart_moyen|0|n|5"
 4:10:59 "HMT|B150B|essai|1|oracle|know|3.52|reste|39|jalons|[1,1,0,0]|points|105|couche|0"
 4:11:00 "HMT|B150B|regard|1|ecart_max|0|ecart_moyen|0|n|5"
 4:11:01 "HMT|B150B|regard|1|ecart_max|0|ecart_moyen|0|n|5"
 4:11:02 "HMT|B150B|regard|1|ecart_max|0|ecart_moyen|0|n|5"
 4:11:03 "HMT|B150B|regard|1|ecart_max|0|ecart_moyen|0|n|5"
 4:11:04 "HMT|B150B|regard|1|ecart_max|0|ecart_moyen|0|n|5"
 4:11:05 "HMT|B150B|regard|1|ecart_max|0|ecart_moyen|0|n|5"
 4:11:06 "HMT|B150B|regard|1|ecart_max|0|ecart_moyen|0|n|5"
 4:11:07 "HMT|B150B|regard|1|ecart_max|0|ecart_moyen|0|n|5"
 4:11:08 "HMT|B150B|regard|1|ecart_max|0|ecart_moyen|0|n|5"
 4:11:09 "HMT|B150B|regard|1|ecart_max|0|ecart_moyen|0|n|5"
 4:11:10 "HMT|B150B|regard|1|ecart_max|0|ecart_moyen|0|n|5"
 4:11:11 "HMT|B150B|regard|1|ecart_max|0|ecart_moyen|0|n|5"
 4:11:12 "HMT|B150B|regard|1|ecart_max|0|ecart_moyen|0|n|5"
 4:11:13 "HMT|B150B|regard|1|ecart_max|0|ecart_moyen|0|n|5"
 4:11:14 "HMT|B150B|regard|1|ecart_max|0|ecart_moyen|0|n|5"
 4:11:15 "HMT|B150B|regard|1|ecart_max|0|ecart_moyen|0|n|5"
 4:11:16 "HMT|B150B|regard|1|ecart_max|0|ecart_moyen|0|n|5"
 4:11:17 "HMT|B150B|regard|1|ecart_max|0|ecart_moyen|0|n|5"
 4:11:18 "HMT|B150B|regard|1|ecart_max|0|ecart_moyen|0|n|5"
 4:11:19 "HMT|B150B|regard|1|ecart_max|0|ecart_moyen|0|n|5"
 4:11:20 "HMT|B150B|regard|1|ecart_max|0|ecart_moyen|0|n|5"
 4:11:21 "HMT|B150B|regard|1|ecart_max|0|ecart_moyen|0|n|5"
 4:11:22 "HMT|B150B|regard|1|ecart_max|0|ecart_moyen|0|n|5"
 4:11:23 "HMT|B150B|regard|1|ecart_max|0|ecart_moyen|0|n|5"
 4:11:24 "HMT|B150B|regard|1|ecart_max|0|ecart_moyen|0|n|5"
 4:11:25 "HMT|B150B|regard|1|ecart_max|0|ecart_moyen|0|n|5"
 4:11:26 "HMT|B150B|regard|1|ecart_max|0|ecart_moyen|0|n|5"
 4:11:27 "HMT|B150B|regard|1|ecart_max|0|ecart_moyen|0|n|5"
 4:11:28 "HMT|B150B|regard|1|ecart_max|0|ecart_moyen|0|n|5"
 4:11:29 "HMT|B150B|regard|1|ecart_max|0|ecart_moyen|0|n|5"
 4:11:30 "HMT|B150B|regard|1|ecart_max|0|ecart_moyen|0|n|5"
 4:11:31 "HMT|B150B|regard|1|ecart_max|0|ecart_moyen|0|n|5"
 4:11:32 "HMT|B150B|regard|1|ecart_max|0|ecart_moyen|0|n|5"
 4:11:33 "HMT|B150B|regard|1|ecart_max|0|ecart_moyen|0|n|5"
 4:11:34 "HMT|B150B|regard|1|ecart_max|0|ecart_moyen|0|n|5"
 4:11:35 "HMT|B150B|regard|1|ecart_max|0|ecart_moyen|0|n|5"
 4:11:36 "HMT|B150B|regard|1|ecart_max|0|ecart_moyen|0|n|5"
 4:11:37 "HMT|B150B|regard|1|ecart_max|0|ecart_moyen|0|n|5"
 4:11:38 "HMT|B150B|regard|1|ecart_max|0|ecart_moyen|0|n|5"
 4:11:39 "HMT|B150B|regard|1|ecart_max|0|ecart_moyen|0|n|5"
 4:11:40 "HMT|B150B|regard|1|ecart_max|0|ecart_moyen|0|n|5"
 4:11:41 "HMT|B150B|regard|1|ecart_max|0|ecart_moyen|0|n|5"
 4:11:42 "HMT|B150B|regard|1|ecart_max|0|ecart_moyen|0|n|5"
 4:11:43 "HMT|B150B|essai|1|oracle_libre|know|3.52|reste|39|jalons|[1,1,1,0]|points|31|couche|0"
 4:11:43 "HMT|B150B|regard|1|ecart_max|0|ecart_moyen|0|n|5"
 4:11:44 "HMT|B150B|regard|1|ecart_max|0|ecart_moyen|0|n|5"
 4:11:45 "HMT|B150B|regard|1|ecart_max|0|ecart_moyen|0|n|5"
 4:11:46 "HMT|B150B|regard|1|ecart_max|0|ecart_moyen|0|n|5"
 4:11:50 "HMT|B150B|regard|2|ecart_max|0|ecart_moyen|0|n|4"
 4:11:51 "HMT|B150B|regard|2|ecart_max|0|ecart_moyen|0|n|4"
 4:11:52 "HMT|B150B|regard|2|ecart_max|0|ecart_moyen|0|n|4"
 4:11:53 "HMT|B150B|regard|2|ecart_max|0|ecart_moyen|0|n|4"
 4:11:54 "HMT|B150B|config|2|defenseurs|4|derive_max|0|caps|[315,352,334,358]"
 4:11:54 "HMT|B150B|regard|2|ecart_max|0|ecart_moyen|0|n|4"
 4:11:55 "HMT|B150B|regard|2|ecart_max|0|ecart_moyen|0|n|4"
 4:11:56 "HMT|B150B|regard|2|ecart_max|0|ecart_moyen|0|n|4"
 4:11:57 "HMT|B150B|regard|2|ecart_max|0|ecart_moyen|0|n|4"
 4:11:58 "HMT|B150B|regard|2|ecart_max|0|ecart_moyen|0|n|4"
 4:11:59 "HMT|B150B|regard|2|ecart_max|0|ecart_moyen|0|n|4"
 4:12:00 "HMT|B150B|regard|2|ecart_max|0|ecart_moyen|0|n|4"
 4:12:01 "HMT|B150B|regard|2|ecart_max|0|ecart_moyen|0|n|4"
 4:12:02 "HMT|B150B|regard|2|ecart_max|0|ecart_moyen|0|n|4"
 4:12:03 "HMT|B150B|regard|2|ecart_max|0|ecart_moyen|0|n|4"
 4:12:04 "HMT|B150B|regard|2|ecart_max|0|ecart_moyen|0|n|4"
 4:12:05 "HMT|B150B|regard|2|ecart_max|0|ecart_moyen|0|n|4"
 4:12:06 "HMT|B150B|regard|2|ecart_max|0|ecart_moyen|0|n|4"
 4:12:07 "HMT|B150B|regard|2|ecart_max|0|ecart_moyen|0|n|4"
 4:12:08 "HMT|B150B|regard|2|ecart_max|0|ecart_moyen|0|n|4"
 4:12:09 "HMT|B150B|regard|2|ecart_max|0|ecart_moyen|0|n|4"
 4:12:10 "HMT|B150B|regard|2|ecart_max|0|ecart_moyen|0|n|4"
 4:12:11 "HMT|B150B|regard|2|ecart_max|0|ecart_moyen|0|n|4"
 4:12:12 "HMT|B150B|regard|2|ecart_max|0|ecart_moyen|0|n|4"
 4:12:13 "HMT|B150B|regard|2|ecart_max|0|ecart_moyen|0|n|4"
 4:12:14 "HMT|B150B|regard|2|ecart_max|0|ecart_moyen|0|n|4"
 4:12:15 "HMT|B150B|regard|2|ecart_max|0|ecart_moyen|0|n|4"
 4:12:17 "HMT|B150B|regard|2|ecart_max|0|ecart_moyen|0|n|4"
 4:12:18 "HMT|B150B|regard|2|ecart_max|0|ecart_moyen|0|n|4"
 4:12:19 "HMT|B150B|regard|2|ecart_max|0|ecart_moyen|0|n|4"
 4:12:20 "HMT|B150B|regard|2|ecart_max|0|ecart_moyen|0|n|4"
 4:12:21 "HMT|B150B|regard|2|ecart_max|0|ecart_moyen|0|n|4"
 4:12:22 "HMT|B150B|regard|2|ecart_max|0|ecart_moyen|0|n|4"
 4:12:23 "HMT|B150B|regard|2|ecart_max|0|ecart_moyen|0|n|4"
 4:12:24 "HMT|B150B|regard|2|ecart_max|0|ecart_moyen|0|n|4"
 4:12:25 "HMT|B150B|regard|2|ecart_max|0|ecart_moyen|0|n|4"
 4:12:26 "HMT|B150B|regard|2|ecart_max|0|ecart_moyen|0|n|4"
 4:12:27 "HMT|B150B|regard|2|ecart_max|0|ecart_moyen|0|n|4"
 4:12:28 "HMT|B150B|regard|2|ecart_max|0|ecart_moyen|0|n|4"
 4:12:29 "HMT|B150B|regard|2|ecart_max|0|ecart_moyen|0|n|4"
 4:12:30 "HMT|B150B|regard|2|ecart_max|0|ecart_moyen|0|n|4"
 4:12:31 "HMT|B150B|regard|2|ecart_max|0|ecart_moyen|0|n|4"
 4:12:31 "HMT|B150B|essai|2|agent|know|4|reste|38|jalons|[0,0,0,0]|points|29|couche|0"
 4:12:32 "HMT|B150B|regard|2|ecart_max|0|ecart_moyen|0|n|4"
 4:12:33 "HMT|B150B|regard|2|ecart_max|0|ecart_moyen|0|n|4"
 4:12:34 "HMT|B150B|regard|2|ecart_max|0|ecart_moyen|0|n|4"
 4:12:35 "HMT|B150B|regard|2|ecart_max|0|ecart_moyen|0|n|4"
 4:12:36 "HMT|B150B|regard|2|ecart_max|0|ecart_moyen|0|n|4"
 4:12:37 "HMT|B150B|regard|2|ecart_max|0|ecart_moyen|0|n|4"
 4:12:38 "HMT|B150B|regard|2|ecart_max|0|ecart_moyen|0|n|4"
 4:12:39 "HMT|B150B|regard|2|ecart_max|0|ecart_moyen|0|n|4"
 4:12:40 "HMT|B150B|regard|2|ecart_max|0|ecart_moyen|0|n|4"
 4:12:41 "HMT|B150B|regard|2|ecart_max|0|ecart_moyen|0|n|4"
 4:12:42 "HMT|B150B|regard|2|ecart_max|0|ecart_moyen|0|n|4"
 4:12:43 "HMT|B150B|regard|2|ecart_max|0|ecart_moyen|0|n|4"
 4:12:44 "HMT|B150B|regard|2|ecart_max|0|ecart_moyen|0|n|4"
 4:12:45 "HMT|B150B|regard|2|ecart_max|0|ecart_moyen|0|n|4"
 4:12:46 "HMT|B150B|regard|2|ecart_max|0|ecart_moyen|0|n|4"
 4:12:47 "HMT|B150B|regard|2|ecart_max|0|ecart_moyen|0|n|4"
 4:12:48 "HMT|B150B|regard|2|ecart_max|0|ecart_moyen|0|n|4"
 4:12:49 "HMT|B150B|regard|2|ecart_max|0|ecart_moyen|0|n|4"
 4:12:50 "HMT|B150B|regard|2|ecart_max|0|ecart_moyen|0|n|4"
 4:12:51 "HMT|B150B|regard|2|ecart_max|0|ecart_moyen|0|n|4"
 4:12:52 "HMT|B150B|regard|2|ecart_max|0|ecart_moyen|0|n|4"
 4:12:53 "HMT|B150B|regard|2|ecart_max|0|ecart_moyen|0|n|4"
 4:12:54 "HMT|B150B|regard|2|ecart_max|0|ecart_moyen|0|n|4"
 4:12:55 "HMT|B150B|regard|2|ecart_max|0|ecart_moyen|0|n|4"
 4:12:56 "HMT|B150B|regard|2|ecart_max|0|ecart_moyen|0|n|4"
 4:12:57 "HMT|B150B|regard|2|ecart_max|0|ecart_moyen|0|n|4"
 4:12:58 "HMT|B150B|regard|2|ecart_max|0|ecart_moyen|0|n|4"
 4:12:59 "HMT|B150B|regard|2|ecart_max|0|ecart_moyen|0|n|4"
 4:13:00 "HMT|B150B|regard|2|ecart_max|0|ecart_moyen|0|n|4"
 4:13:01 "HMT|B150B|regard|2|ecart_max|0|ecart_moyen|0|n|4"
 4:13:02 "HMT|B150B|regard|2|ecart_max|0|ecart_moyen|0|n|4"
 4:13:03 "HMT|B150B|regard|2|ecart_max|0|ecart_moyen|0|n|4"
 4:13:04 "HMT|B150B|regard|2|ecart_max|0|ecart_moyen|0|n|4"
 4:13:05 "HMT|B150B|regard|2|ecart_max|0|ecart_moyen|0|n|4"
 4:13:06 "HMT|B150B|regard|2|ecart_max|0|ecart_moyen|0|n|4"
 4:13:07 "HMT|B150B|regard|2|ecart_max|0|ecart_moyen|0|n|4"
 4:13:08 "HMT|B150B|regard|2|ecart_max|0|ecart_moyen|0|n|4"
 4:13:09 "HMT|B150B|regard|2|ecart_max|0|ecart_moyen|0|n|4"
 4:13:10 "HMT|B150B|regard|2|ecart_max|0|ecart_moyen|0|n|4"
 4:13:11 "HMT|B150B|regard|2|ecart_max|0|ecart_moyen|0|n|4"
 4:13:12 "HMT|B150B|regard|2|ecart_max|0|ecart_moyen|0|n|4"
 4:13:13 "HMT|B150B|essai|2|droite|know|4|reste|40|jalons|[0,0,0,-1]|points|29|couche|0"
 4:13:13 "HMT|B150B|regard|2|ecart_max|0|ecart_moyen|0|n|4"
 4:13:14 "HMT|B150B|regard|2|ecart_max|0|ecart_moyen|0|n|4"
 4:13:15 "HMT|B150B|regard|2|ecart_max|0|ecart_moyen|0|n|4"
 4:13:16 "HMT|B150B|regard|2|ecart_max|0|ecart_moyen|0|n|4"
 4:13:17 "HMT|B150B|regard|2|ecart_max|0|ecart_moyen|0|n|4"
 4:13:18 "HMT|B150B|regard|2|ecart_max|0|ecart_moyen|0|n|4"
 4:13:19 "HMT|B150B|regard|2|ecart_max|0|ecart_moyen|0|n|4"
 4:13:20 "HMT|B150B|regard|2|ecart_max|0|ecart_moyen|0|n|4"
 4:13:21 "HMT|B150B|regard|2|ecart_max|0|ecart_moyen|0|n|4"
 4:13:22 "HMT|B150B|regard|2|ecart_max|0|ecart_moyen|0|n|4"
 4:13:23 "HMT|B150B|regard|2|ecart_max|0|ecart_moyen|0|n|4"
 4:13:24 "HMT|B150B|regard|2|ecart_max|0|ecart_moyen|0|n|4"
 4:13:25 "HMT|B150B|regard|2|ecart_max|0|ecart_moyen|0|n|4"
 4:13:27 "HMT|B150B|regard|2|ecart_max|0|ecart_moyen|0|n|4"
 4:13:28 "HMT|B150B|regard|2|ecart_max|0|ecart_moyen|0|n|4"
 4:13:29 "HMT|B150B|regard|2|ecart_max|0|ecart_moyen|0|n|4"
 4:13:30 "HMT|B150B|regard|2|ecart_max|0|ecart_moyen|0|n|4"
 4:13:31 "HMT|B150B|regard|2|ecart_max|0|ecart_moyen|0|n|4"
 4:13:32 "HMT|B150B|regard|2|ecart_max|0|ecart_moyen|0|n|4"
 4:13:33 "HMT|B150B|regard|2|ecart_max|0|ecart_moyen|0|n|4"
 4:13:34 "HMT|B150B|regard|2|ecart_max|0|ecart_moyen|0|n|4"
 4:13:35 "HMT|B150B|regard|2|ecart_max|0|ecart_moyen|0|n|4"
 4:13:36 "HMT|B150B|regard|2|ecart_max|0|ecart_moyen|0|n|4"
 4:13:37 "HMT|B150B|regard|2|ecart_max|0|ecart_moyen|0|n|4"
 4:13:38 "HMT|B150B|regard|2|ecart_max|0|ecart_moyen|0|n|4"
 4:13:39 "HMT|B150B|regard|2|ecart_max|0|ecart_moyen|0|n|4"
 4:13:40 "HMT|B150B|regard|2|ecart_max|0|ecart_moyen|0|n|4"
 4:13:41 "HMT|B150B|regard|2|ecart_max|0|ecart_moyen|0|n|4"
 4:13:42 "HMT|B150B|regard|2|ecart_max|0|ecart_moyen|0|n|4"
 4:13:43 "HMT|B150B|regard|2|ecart_max|0|ecart_moyen|0|n|4"
 4:13:44 "HMT|B150B|regard|2|ecart_max|0|ecart_moyen|0|n|4"
 4:13:45 "HMT|B150B|regard|2|ecart_max|0|ecart_moyen|0|n|4"
 4:13:46 "HMT|B150B|regard|2|ecart_max|0|ecart_moyen|0|n|4"
 4:13:47 "HMT|B150B|regard|2|ecart_max|0|ecart_moyen|0|n|4"
 4:13:48 "HMT|B150B|regard|2|ecart_max|0|ecart_moyen|0|n|4"
 4:13:49 "HMT|B150B|regard|2|ecart_max|0|ecart_moyen|0|n|4"
 4:13:50 "HMT|B150B|regard|2|ecart_max|0|ecart_moyen|0|n|4"
 4:13:51 "HMT|B150B|regard|2|ecart_max|0|ecart_moyen|0|n|4"
 4:13:52 "HMT|B150B|regard|2|ecart_max|0|ecart_moyen|0|n|4"
 4:13:53 "HMT|B150B|regard|2|ecart_max|0|ecart_moyen|0|n|4"
 4:13:54 "HMT|B150B|essai|2|droite_bis|know|4|reste|40|jalons|[0,0,0,-1]|points|29|couche|0"
 4:13:54 "HMT|B150B|regard|2|ecart_max|0|ecart_moyen|0|n|4"
 4:13:55 "HMT|B150B|regard|2|ecart_max|0|ecart_moyen|0|n|4"
 4:13:56 "HMT|B150B|regard|2|ecart_max|0|ecart_moyen|0|n|4"
 4:13:57 "HMT|B150B|regard|2|ecart_max|0|ecart_moyen|0|n|4"
 4:13:58 "HMT|B150B|regard|2|ecart_max|0|ecart_moyen|0|n|4"
 4:13:59 "HMT|B150B|regard|2|ecart_max|0|ecart_moyen|0|n|4"
 4:14:00 "HMT|B150B|regard|2|ecart_max|0|ecart_moyen|0|n|4"
 4:14:01 "HMT|B150B|regard|2|ecart_max|0|ecart_moyen|0|n|4"
 4:14:02 "HMT|B150B|regard|2|ecart_max|0|ecart_moyen|0|n|4"
 4:14:03 "HMT|B150B|regard|2|ecart_max|0|ecart_moyen|0|n|4"
 4:14:04 "HMT|B150B|regard|2|ecart_max|0|ecart_moyen|0|n|4"
 4:14:05 "HMT|B150B|regard|2|ecart_max|0|ecart_moyen|0|n|4"
 4:14:06 "HMT|B150B|regard|2|ecart_max|0|ecart_moyen|0|n|4"
 4:14:07 "HMT|B150B|regard|2|ecart_max|0|ecart_moyen|0|n|4"
 4:14:08 "HMT|B150B|regard|2|ecart_max|0|ecart_moyen|0|n|4"
 4:14:09 "HMT|B150B|regard|2|ecart_max|0|ecart_moyen|0|n|4"
 4:14:10 "HMT|B150B|regard|2|ecart_max|0|ecart_moyen|0|n|4"
 4:14:11 "HMT|B150B|regard|2|ecart_max|0|ecart_moyen|0|n|4"
 4:14:12 "HMT|B150B|regard|2|ecart_max|0|ecart_moyen|0|n|4"
 4:14:13 "HMT|B150B|regard|2|ecart_max|0|ecart_moyen|0|n|4"
 4:14:14 "HMT|B150B|regard|2|ecart_max|0|ecart_moyen|0|n|4"
 4:14:15 "HMT|B150B|regard|2|ecart_max|0|ecart_moyen|0|n|4"
 4:14:16 "HMT|B150B|regard|2|ecart_max|0|ecart_moyen|0|n|4"
 4:14:17 "HMT|B150B|regard|2|ecart_max|0|ecart_moyen|0|n|4"
 4:14:18 "HMT|B150B|regard|2|ecart_max|0|ecart_moyen|0|n|4"
 4:14:19 "HMT|B150B|regard|2|ecart_max|0|ecart_moyen|0|n|4"
 4:14:20 "HMT|B150B|regard|2|ecart_max|0|ecart_moyen|0|n|4"
 4:14:21 "HMT|B150B|regard|2|ecart_max|0|ecart_moyen|0|n|4"
 4:14:22 "HMT|B150B|regard|2|ecart_max|0|ecart_moyen|0|n|4"
 4:14:23 "HMT|B150B|regard|2|ecart_max|0|ecart_moyen|0|n|4"
 4:14:24 "HMT|B150B|regard|2|ecart_max|0|ecart_moyen|0|n|4"
 4:14:25 "HMT|B150B|regard|2|ecart_max|0|ecart_moyen|0|n|4"
 4:14:26 "HMT|B150B|regard|2|ecart_max|0|ecart_moyen|0|n|4"
 4:14:27 "HMT|B150B|regard|2|ecart_max|0|ecart_moyen|0|n|4"
 4:14:28 "HMT|B150B|regard|2|ecart_max|0|ecart_moyen|0|n|4"
 4:14:29 "HMT|B150B|regard|2|ecart_max|0|ecart_moyen|0|n|4"
 4:14:30 "HMT|B150B|regard|2|ecart_max|0|ecart_moyen|0|n|4"
 4:14:31 "HMT|B150B|regard|2|ecart_max|0|ecart_moyen|0|n|4"
 4:14:32 "HMT|B150B|regard|2|ecart_max|0|ecart_moyen|0|n|4"
 4:14:33 "HMT|B150B|regard|2|ecart_max|0|ecart_moyen|0|n|4"
 4:14:34 "HMT|B150B|regard|2|ecart_max|0|ecart_moyen|0|n|4"
 4:14:35 "HMT|B150B|regard|2|ecart_max|0|ecart_moyen|0|n|4"
 4:14:36 "HMT|B150B|regard|2|ecart_max|0|ecart_moyen|0|n|4"
 4:14:37 "HMT|B150B|regard|2|ecart_max|0|ecart_moyen|0|n|4"
 4:14:39 "HMT|B150B|regard|2|ecart_max|0|ecart_moyen|0|n|4"
 4:14:40 "HMT|B150B|regard|2|ecart_max|0|ecart_moyen|0|n|4"
 4:14:41 "HMT|B150B|regard|2|ecart_max|0|ecart_moyen|0|n|4"
 4:14:42 "HMT|B150B|regard|2|ecart_max|0|ecart_moyen|0|n|4"
 4:14:43 "HMT|B150B|regard|2|ecart_max|0|ecart_moyen|0|n|4"
 4:14:44 "HMT|B150B|regard|2|ecart_max|0|ecart_moyen|0|n|4"
 4:14:45 "HMT|B150B|regard|2|ecart_max|0|ecart_moyen|0|n|4"
 4:14:46 "HMT|B150B|regard|2|ecart_max|0|ecart_moyen|0|n|4"
 4:14:47 "HMT|B150B|regard|2|ecart_max|0|ecart_moyen|0|n|4"
 4:14:48 "HMT|B150B|regard|2|ecart_max|0|ecart_moyen|0|n|4"
 4:14:49 "HMT|B150B|regard|2|ecart_max|0|ecart_moyen|0|n|4"
 4:14:50 "HMT|B150B|regard|2|ecart_max|0|ecart_moyen|0|n|4"
 4:14:51 "HMT|B150B|regard|2|ecart_max|0|ecart_moyen|0|n|4"
 4:14:52 "HMT|B150B|regard|2|ecart_max|0|ecart_moyen|0|n|4"
 4:14:53 "HMT|B150B|regard|2|ecart_max|0|ecart_moyen|0|n|4"
 4:14:54 "HMT|B150B|regard|2|ecart_max|0|ecart_moyen|0|n|4"
 4:14:55 "HMT|B150B|regard|2|ecart_max|0|ecart_moyen|0|n|4"
 4:14:56 "HMT|B150B|regard|2|ecart_max|0|ecart_moyen|0|n|4"
 4:14:57 "HMT|B150B|regard|2|ecart_max|0|ecart_moyen|0|n|4"
 4:14:58 "HMT|B150B|regard|2|ecart_max|0|ecart_moyen|0|n|4"
 4:14:59 "HMT|B150B|regard|2|ecart_max|0|ecart_moyen|0|n|4"
 4:15:00 "HMT|B150B|regard|2|ecart_max|0|ecart_moyen|0|n|4"
 4:15:01 "HMT|B150B|regard|2|ecart_max|0|ecart_moyen|0|n|4"
 4:15:02 "HMT|B150B|regard|2|ecart_max|0|ecart_moyen|0|n|4"
 4:15:03 "HMT|B150B|regard|2|ecart_max|0|ecart_moyen|0|n|4"
 4:15:04 "HMT|B150B|regard|2|ecart_max|0|ecart_moyen|0|n|4"
 4:15:05 "HMT|B150B|regard|2|ecart_max|0|ecart_moyen|0|n|4"
 4:15:06 "HMT|B150B|regard|2|ecart_max|0|ecart_moyen|0|n|4"
 4:15:07 "HMT|B150B|essai|2|oracle|know|4|reste|39|jalons|[0,0,0,0]|points|55|couche|0"
 4:15:07 "HMT|B150B|regard|2|ecart_max|0|ecart_moyen|0|n|4"
 4:15:08 "HMT|B150B|regard|2|ecart_max|0|ecart_moyen|0|n|4"
 4:15:09 "HMT|B150B|regard|2|ecart_max|0|ecart_moyen|0|n|4"
 4:15:10 "HMT|B150B|regard|2|ecart_max|0|ecart_moyen|0|n|4"
 4:15:11 "HMT|B150B|regard|2|ecart_max|0|ecart_moyen|0|n|4"
 4:15:12 "HMT|B150B|regard|2|ecart_max|0|ecart_moyen|0|n|4"
 4:15:13 "HMT|B150B|regard|2|ecart_max|0|ecart_moyen|0|n|4"
 4:15:14 "HMT|B150B|regard|2|ecart_max|0|ecart_moyen|0|n|4"
 4:15:15 "HMT|B150B|regard|2|ecart_max|0|ecart_moyen|0|n|4"
 4:15:16 "HMT|B150B|regard|2|ecart_max|0|ecart_moyen|0|n|4"
 4:15:17 "HMT|B150B|regard|2|ecart_max|0|ecart_moyen|0|n|4"
 4:15:18 "HMT|B150B|regard|2|ecart_max|0|ecart_moyen|0|n|4"
 4:15:19 "HMT|B150B|regard|2|ecart_max|0|ecart_moyen|0|n|4"
 4:15:20 "HMT|B150B|regard|2|ecart_max|0|ecart_moyen|0|n|4"
 4:15:21 "HMT|B150B|regard|2|ecart_max|0|ecart_moyen|0|n|4"
 4:15:22 "HMT|B150B|regard|2|ecart_max|0|ecart_moyen|0|n|4"
 4:15:23 "HMT|B150B|regard|2|ecart_max|0|ecart_moyen|0|n|4"
 4:15:24 "HMT|B150B|regard|2|ecart_max|0|ecart_moyen|0|n|4"
 4:15:25 "HMT|B150B|regard|2|ecart_max|0|ecart_moyen|0|n|4"
 4:15:26 "HMT|B150B|regard|2|ecart_max|0|ecart_moyen|0|n|4"
 4:15:27 "HMT|B150B|regard|2|ecart_max|0|ecart_moyen|0|n|4"
 4:15:28 "HMT|B150B|regard|2|ecart_max|0|ecart_moyen|0|n|4"
 4:15:29 "HMT|B150B|regard|2|ecart_max|0|ecart_moyen|0|n|4"
 4:15:30 "HMT|B150B|regard|2|ecart_max|0|ecart_moyen|0|n|4"
 4:15:31 "HMT|B150B|regard|2|ecart_max|0|ecart_moyen|0|n|4"
 4:15:32 "HMT|B150B|regard|2|ecart_max|0|ecart_moyen|0|n|4"
 4:15:33 "HMT|B150B|regard|2|ecart_max|0|ecart_moyen|0|n|4"
 4:15:34 "HMT|B150B|regard|2|ecart_max|0|ecart_moyen|0|n|4"
 4:15:35 "HMT|B150B|regard|2|ecart_max|0|ecart_moyen|0|n|4"
 4:15:36 "HMT|B150B|regard|2|ecart_max|0|ecart_moyen|0|n|4"
 4:15:37 "HMT|B150B|regard|2|ecart_max|0|ecart_moyen|0|n|4"
 4:15:38 "HMT|B150B|regard|2|ecart_max|0|ecart_moyen|0|n|4"
 4:15:39 "HMT|B150B|regard|2|ecart_max|0|ecart_moyen|0|n|4"
 4:15:40 "HMT|B150B|regard|2|ecart_max|0|ecart_moyen|0|n|4"
 4:15:41 "HMT|B150B|regard|2|ecart_max|0|ecart_moyen|0|n|4"
 4:15:42 "HMT|B150B|regard|2|ecart_max|0|ecart_moyen|0|n|4"
 4:15:43 "HMT|B150B|regard|2|ecart_max|0|ecart_moyen|0|n|4"
 4:15:44 "HMT|B150B|regard|2|ecart_max|0|ecart_moyen|0|n|4"
 4:15:45 "HMT|B150B|regard|2|ecart_max|0|ecart_moyen|0|n|4"
 4:15:46 "HMT|B150B|regard|2|ecart_max|0|ecart_moyen|0|n|4"
 4:15:47 "HMT|B150B|regard|2|ecart_max|0|ecart_moyen|0|n|4"
 4:15:49 "HMT|B150B|regard|2|ecart_max|0|ecart_moyen|0|n|4"
 4:15:50 "HMT|B150B|regard|2|ecart_max|0|ecart_moyen|0|n|4"
 4:15:51 "HMT|B150B|regard|2|ecart_max|0|ecart_moyen|0|n|4"
 4:15:52 "HMT|B150B|regard|2|ecart_max|0|ecart_moyen|0|n|4"
 4:15:53 "HMT|B150B|regard|2|ecart_max|0|ecart_moyen|0|n|4"
 4:15:53 "HMT|B150B|essai|2|oracle_libre|know|4|reste|39|jalons|[1,1,0,0]|points|33|couche|0"
 4:15:54 "HMT|B150B|regard|2|ecart_max|0|ecart_moyen|0|n|4"
 4:15:55 "HMT|B150B|regard|2|ecart_max|0|ecart_moyen|0|n|4"
 4:15:56 "HMT|B150B|regard|2|ecart_max|0|ecart_moyen|0|n|4"
 4:15:57 "HMT|B150B|regard|2|ecart_max|0|ecart_moyen|0|n|4"
 4:16:00 "HMT|B150B|regard|3|ecart_max|0|ecart_moyen|0|n|5"
 4:16:01 "HMT|B150B|regard|3|ecart_max|0|ecart_moyen|0|n|5"
 4:16:02 "HMT|B150B|regard|3|ecart_max|0|ecart_moyen|0|n|5"
 4:16:03 "HMT|B150B|regard|3|ecart_max|0|ecart_moyen|0|n|5"
 4:16:04 "HMT|B150B|config|3|defenseurs|5|derive_max|0.3|caps|[177,164,38,73,149]"
 4:16:04 "HMT|B150B|regard|3|ecart_max|0|ecart_moyen|0|n|5"
 4:16:05 "HMT|B150B|regard|3|ecart_max|0|ecart_moyen|0|n|5"
 4:16:06 "HMT|B150B|regard|3|ecart_max|0|ecart_moyen|0|n|5"
 4:16:07 "HMT|B150B|regard|3|ecart_max|0|ecart_moyen|0|n|5"
 4:16:08 "HMT|B150B|regard|3|ecart_max|0|ecart_moyen|0|n|5"
 4:16:09 "HMT|B150B|regard|3|ecart_max|0|ecart_moyen|0|n|5"
 4:16:10 "HMT|B150B|regard|3|ecart_max|0|ecart_moyen|0|n|5"
 4:16:11 "HMT|B150B|regard|3|ecart_max|0|ecart_moyen|0|n|5"
 4:16:12 "HMT|B150B|regard|3|ecart_max|0|ecart_moyen|0|n|5"
 4:16:13 "HMT|B150B|regard|3|ecart_max|0|ecart_moyen|0|n|5"
 4:16:14 "HMT|B150B|regard|3|ecart_max|0|ecart_moyen|0|n|5"
 4:16:15 "HMT|B150B|regard|3|ecart_max|0|ecart_moyen|0|n|5"
 4:16:16 "HMT|B150B|regard|3|ecart_max|0|ecart_moyen|0|n|5"
 4:16:17 "HMT|B150B|regard|3|ecart_max|0|ecart_moyen|0|n|5"
 4:16:18 "HMT|B150B|regard|3|ecart_max|0|ecart_moyen|0|n|5"
 4:16:19 "HMT|B150B|regard|3|ecart_max|0|ecart_moyen|0|n|5"
 4:16:20 "HMT|B150B|regard|3|ecart_max|0|ecart_moyen|0|n|5"
 4:16:21 "HMT|B150B|regard|3|ecart_max|0|ecart_moyen|0|n|5"
 4:16:22 "HMT|B150B|regard|3|ecart_max|0|ecart_moyen|0|n|5"
 4:16:23 "HMT|B150B|regard|3|ecart_max|0|ecart_moyen|0|n|5"
 4:16:24 "HMT|B150B|regard|3|ecart_max|0|ecart_moyen|0|n|5"
 4:16:25 "HMT|B150B|regard|3|ecart_max|0|ecart_moyen|0|n|5"
 4:16:26 "HMT|B150B|regard|3|ecart_max|0|ecart_moyen|0|n|5"
 4:16:27 "HMT|B150B|regard|3|ecart_max|0|ecart_moyen|0|n|5"
 4:16:28 "HMT|B150B|regard|3|ecart_max|0|ecart_moyen|0|n|5"
 4:16:29 "HMT|B150B|regard|3|ecart_max|0|ecart_moyen|0|n|5"
 4:16:30 "HMT|B150B|regard|3|ecart_max|0|ecart_moyen|0|n|5"
 4:16:31 "HMT|B150B|regard|3|ecart_max|0|ecart_moyen|0|n|5"
 4:16:32 "HMT|B150B|regard|3|ecart_max|0|ecart_moyen|0|n|5"
 4:16:33 "HMT|B150B|regard|3|ecart_max|0|ecart_moyen|0|n|5"
 4:16:34 "HMT|B150B|regard|3|ecart_max|0|ecart_moyen|0|n|5"
 4:16:35 "HMT|B150B|regard|3|ecart_max|0|ecart_moyen|0|n|5"
 4:16:36 "HMT|B150B|regard|3|ecart_max|0|ecart_moyen|0|n|5"
 4:16:37 "HMT|B150B|regard|3|ecart_max|0|ecart_moyen|0|n|5"
 4:16:38 "HMT|B150B|regard|3|ecart_max|0|ecart_moyen|0|n|5"
 4:16:39 "HMT|B150B|regard|3|ecart_max|0|ecart_moyen|0|n|5"
 4:16:40 "HMT|B150B|regard|3|ecart_max|0|ecart_moyen|0|n|5"
 4:16:41 "HMT|B150B|essai|3|agent|know|4|reste|38|jalons|[1,1,0,0]|points|29|couche|0"
 4:16:41 "HMT|B150B|regard|3|ecart_max|0|ecart_moyen|0|n|5"
 4:16:42 "HMT|B150B|regard|3|ecart_max|0|ecart_moyen|0|n|5"
 4:16:43 "HMT|B150B|regard|3|ecart_max|0|ecart_moyen|0|n|5"
 4:16:44 "HMT|B150B|regard|3|ecart_max|0|ecart_moyen|0|n|5"
 4:16:45 "HMT|B150B|regard|3|ecart_max|0|ecart_moyen|0|n|5"
 4:16:46 "HMT|B150B|regard|3|ecart_max|0|ecart_moyen|0|n|5"
 4:16:47 "HMT|B150B|regard|3|ecart_max|0|ecart_moyen|0|n|5"
 4:16:49 "HMT|B150B|regard|3|ecart_max|0|ecart_moyen|0|n|5"
 4:16:50 "HMT|B150B|regard|3|ecart_max|0|ecart_moyen|0|n|5"
 4:16:51 "HMT|B150B|regard|3|ecart_max|0|ecart_moyen|0|n|5"
 4:16:52 "HMT|B150B|regard|3|ecart_max|0|ecart_moyen|0|n|5"
 4:16:53 "HMT|B150B|regard|3|ecart_max|0|ecart_moyen|0|n|5"
 4:16:54 "HMT|B150B|regard|3|ecart_max|0|ecart_moyen|0|n|5"
 4:16:55 "HMT|B150B|regard|3|ecart_max|0|ecart_moyen|0|n|5"
 4:16:56 "HMT|B150B|regard|3|ecart_max|0|ecart_moyen|0|n|5"
 4:16:57 "HMT|B150B|regard|3|ecart_max|0|ecart_moyen|0|n|5"
 4:16:58 "HMT|B150B|regard|3|ecart_max|0|ecart_moyen|0|n|5"
 4:16:59 "HMT|B150B|regard|3|ecart_max|0|ecart_moyen|0|n|5"
 4:17:00 "HMT|B150B|regard|3|ecart_max|0|ecart_moyen|0|n|5"
 4:17:01 "HMT|B150B|regard|3|ecart_max|0|ecart_moyen|0|n|5"
 4:17:02 "HMT|B150B|regard|3|ecart_max|0|ecart_moyen|0|n|5"
 4:17:03 "HMT|B150B|regard|3|ecart_max|0|ecart_moyen|0|n|5"
 4:17:04 "HMT|B150B|regard|3|ecart_max|0|ecart_moyen|0|n|5"
 4:17:05 "HMT|B150B|regard|3|ecart_max|0|ecart_moyen|0|n|5"
 4:17:06 "HMT|B150B|regard|3|ecart_max|0|ecart_moyen|0|n|5"
 4:17:07 "HMT|B150B|regard|3|ecart_max|0|ecart_moyen|0|n|5"
 4:17:08 "HMT|B150B|regard|3|ecart_max|0|ecart_moyen|0|n|5"
 4:17:09 "HMT|B150B|regard|3|ecart_max|0|ecart_moyen|0|n|5"
 4:17:10 "HMT|B150B|regard|3|ecart_max|0|ecart_moyen|0|n|5"
 4:17:11 "HMT|B150B|regard|3|ecart_max|0|ecart_moyen|0|n|5"
 4:17:12 "HMT|B150B|regard|3|ecart_max|0|ecart_moyen|0|n|5"
 4:17:13 "HMT|B150B|regard|3|ecart_max|0|ecart_moyen|0|n|5"
 4:17:14 "HMT|B150B|regard|3|ecart_max|0|ecart_moyen|0|n|5"
 4:17:15 "HMT|B150B|regard|3|ecart_max|0|ecart_moyen|0|n|5"
 4:17:16 "HMT|B150B|regard|3|ecart_max|0|ecart_moyen|0|n|5"
 4:17:17 "HMT|B150B|regard|3|ecart_max|0|ecart_moyen|0|n|5"
 4:17:18 "HMT|B150B|regard|3|ecart_max|0|ecart_moyen|0|n|5"
 4:17:19 "HMT|B150B|regard|3|ecart_max|0|ecart_moyen|0|n|5"
 4:17:20 "HMT|B150B|regard|3|ecart_max|0|ecart_moyen|0|n|5"
 4:17:21 "HMT|B150B|regard|3|ecart_max|0|ecart_moyen|0|n|5"
 4:17:22 "HMT|B150B|regard|3|ecart_max|0|ecart_moyen|0|n|5"
 4:17:22 "HMT|B150B|essai|3|droite|know|4|reste|40|jalons|[1,1,0,0]|points|29|couche|0"
 4:17:23 "HMT|B150B|regard|3|ecart_max|0|ecart_moyen|0|n|5"
 4:17:24 "HMT|B150B|regard|3|ecart_max|0|ecart_moyen|0|n|5"
 4:17:25 "HMT|B150B|regard|3|ecart_max|0|ecart_moyen|0|n|5"
 4:17:26 "HMT|B150B|regard|3|ecart_max|0|ecart_moyen|0|n|5"
 4:17:27 "HMT|B150B|regard|3|ecart_max|0|ecart_moyen|0|n|5"
 4:17:28 "HMT|B150B|regard|3|ecart_max|0|ecart_moyen|0|n|5"
 4:17:29 "HMT|B150B|regard|3|ecart_max|0|ecart_moyen|0|n|5"
 4:17:30 "HMT|B150B|regard|3|ecart_max|0|ecart_moyen|0|n|5"
 4:17:31 "HMT|B150B|regard|3|ecart_max|0|ecart_moyen|0|n|5"
 4:17:32 "HMT|B150B|regard|3|ecart_max|0|ecart_moyen|0|n|5"
 4:17:33 "HMT|B150B|regard|3|ecart_max|0|ecart_moyen|0|n|5"
 4:17:34 "HMT|B150B|regard|3|ecart_max|0|ecart_moyen|0|n|5"
 4:17:35 "HMT|B150B|regard|3|ecart_max|0|ecart_moyen|0|n|5"
 4:17:36 "HMT|B150B|regard|3|ecart_max|0|ecart_moyen|0|n|5"
 4:17:37 "HMT|B150B|regard|3|ecart_max|0|ecart_moyen|0|n|5"
 4:17:38 "HMT|B150B|regard|3|ecart_max|0|ecart_moyen|0|n|5"
 4:17:39 "HMT|B150B|regard|3|ecart_max|0|ecart_moyen|0|n|5"
 4:17:40 "HMT|B150B|regard|3|ecart_max|0|ecart_moyen|0|n|5"
 4:17:41 "HMT|B150B|regard|3|ecart_max|0|ecart_moyen|0|n|5"
 4:17:42 "HMT|B150B|regard|3|ecart_max|0|ecart_moyen|0|n|5"
 4:17:43 "HMT|B150B|regard|3|ecart_max|0|ecart_moyen|0|n|5"
 4:17:44 "HMT|B150B|regard|3|ecart_max|0|ecart_moyen|0|n|5"
 4:17:45 "HMT|B150B|regard|3|ecart_max|0|ecart_moyen|0|n|5"
 4:17:46 "HMT|B150B|regard|3|ecart_max|0|ecart_moyen|0|n|5"
 4:17:47 "HMT|B150B|regard|3|ecart_max|0|ecart_moyen|0|n|5"
 4:17:48 "HMT|B150B|regard|3|ecart_max|0|ecart_moyen|0|n|5"
 4:17:49 "HMT|B150B|regard|3|ecart_max|0|ecart_moyen|0|n|5"
 4:17:50 "HMT|B150B|regard|3|ecart_max|0|ecart_moyen|0|n|5"
 4:17:51 "HMT|B150B|regard|3|ecart_max|0|ecart_moyen|0|n|5"
 4:17:52 "HMT|B150B|regard|3|ecart_max|0|ecart_moyen|0|n|5"
 4:17:53 "HMT|B150B|regard|3|ecart_max|0|ecart_moyen|0|n|5"
 4:17:54 "HMT|B150B|regard|3|ecart_max|0|ecart_moyen|0|n|5"
 4:17:55 "HMT|B150B|regard|3|ecart_max|0|ecart_moyen|0|n|5"
 4:17:56 "HMT|B150B|regard|3|ecart_max|0|ecart_moyen|0|n|5"
 4:17:58 "HMT|B150B|regard|3|ecart_max|0|ecart_moyen|0|n|5"
 4:17:59 "HMT|B150B|regard|3|ecart_max|0|ecart_moyen|0|n|5"
 4:18:00 "HMT|B150B|regard|3|ecart_max|0|ecart_moyen|0|n|5"
 4:18:01 "HMT|B150B|regard|3|ecart_max|0|ecart_moyen|0|n|5"
 4:18:02 "HMT|B150B|regard|3|ecart_max|0|ecart_moyen|0|n|5"
 4:18:03 "HMT|B150B|regard|3|ecart_max|0|ecart_moyen|0|n|5"
 4:18:03 "HMT|B150B|essai|3|droite_bis|know|4|reste|40|jalons|[1,1,0,0]|points|29|couche|0"
 4:18:04 "HMT|B150B|regard|3|ecart_max|0|ecart_moyen|0|n|5"
 4:18:05 "HMT|B150B|regard|3|ecart_max|0|ecart_moyen|0|n|5"
 4:18:06 "HMT|B150B|regard|3|ecart_max|0|ecart_moyen|0|n|5"
 4:18:07 "HMT|B150B|regard|3|ecart_max|0|ecart_moyen|0|n|5"
 4:18:08 "HMT|B150B|regard|3|ecart_max|0|ecart_moyen|0|n|5"
 4:18:09 "HMT|B150B|regard|3|ecart_max|0|ecart_moyen|0|n|5"
 4:18:10 "HMT|B150B|regard|3|ecart_max|0|ecart_moyen|0|n|5"
 4:18:11 "HMT|B150B|regard|3|ecart_max|0|ecart_moyen|0|n|5"
 4:18:12 "HMT|B150B|regard|3|ecart_max|0|ecart_moyen|0|n|5"
 4:18:13 "HMT|B150B|regard|3|ecart_max|0|ecart_moyen|0|n|5"
 4:18:14 "HMT|B150B|regard|3|ecart_max|0|ecart_moyen|0|n|5"
 4:18:15 "HMT|B150B|regard|3|ecart_max|0|ecart_moyen|0|n|5"
 4:18:16 "HMT|B150B|regard|3|ecart_max|0|ecart_moyen|0|n|5"
 4:18:17 "HMT|B150B|regard|3|ecart_max|0|ecart_moyen|0|n|5"
 4:18:18 "HMT|B150B|regard|3|ecart_max|0|ecart_moyen|0|n|5"
 4:18:19 "HMT|B150B|regard|3|ecart_max|0|ecart_moyen|0|n|5"
 4:18:20 "HMT|B150B|regard|3|ecart_max|0|ecart_moyen|0|n|5"
 4:18:21 "HMT|B150B|regard|3|ecart_max|0|ecart_moyen|0|n|5"
 4:18:22 "HMT|B150B|regard|3|ecart_max|0|ecart_moyen|0|n|5"
 4:18:23 "HMT|B150B|regard|3|ecart_max|0|ecart_moyen|0|n|5"
 4:18:24 "HMT|B150B|regard|3|ecart_max|0|ecart_moyen|0|n|5"
 4:18:25 "HMT|B150B|regard|3|ecart_max|0|ecart_moyen|0|n|5"
 4:18:26 "HMT|B150B|regard|3|ecart_max|0|ecart_moyen|0|n|5"
 4:18:27 "HMT|B150B|regard|3|ecart_max|0|ecart_moyen|0|n|5"
 4:18:28 "HMT|B150B|regard|3|ecart_max|0|ecart_moyen|0|n|5"
 4:18:29 "HMT|B150B|regard|3|ecart_max|0|ecart_moyen|0|n|5"
 4:18:30 "HMT|B150B|regard|3|ecart_max|0|ecart_moyen|0|n|5"
 4:18:31 "HMT|B150B|regard|3|ecart_max|0|ecart_moyen|0|n|5"
 4:18:32 "HMT|B150B|regard|3|ecart_max|0|ecart_moyen|0|n|5"
 4:18:33 "HMT|B150B|regard|3|ecart_max|0|ecart_moyen|0|n|5"
 4:18:34 "HMT|B150B|regard|3|ecart_max|0|ecart_moyen|0|n|5"
 4:18:35 "HMT|B150B|regard|3|ecart_max|0|ecart_moyen|0|n|5"
 4:18:36 "HMT|B150B|regard|3|ecart_max|0|ecart_moyen|0|n|5"
 4:18:37 "HMT|B150B|regard|3|ecart_max|0|ecart_moyen|0|n|5"
 4:18:38 "HMT|B150B|regard|3|ecart_max|0|ecart_moyen|0|n|5"
 4:18:39 "HMT|B150B|regard|3|ecart_max|0|ecart_moyen|0|n|5"
 4:18:40 "HMT|B150B|regard|3|ecart_max|0|ecart_moyen|0|n|5"
 4:18:41 "HMT|B150B|regard|3|ecart_max|0|ecart_moyen|0|n|5"
 4:18:42 "HMT|B150B|regard|3|ecart_max|0|ecart_moyen|0|n|5"
 4:18:43 "HMT|B150B|regard|3|ecart_max|0|ecart_moyen|0|n|5"
 4:18:44 "HMT|B150B|regard|3|ecart_max|0|ecart_moyen|0|n|5"
 4:18:45 "HMT|B150B|regard|3|ecart_max|0|ecart_moyen|0|n|5"
 4:18:46 "HMT|B150B|regard|3|ecart_max|0|ecart_moyen|0|n|5"
 4:18:47 "HMT|B150B|regard|3|ecart_max|0|ecart_moyen|0|n|5"
 4:18:48 "HMT|B150B|regard|3|ecart_max|0|ecart_moyen|0|n|5"
 4:18:49 "HMT|B150B|regard|3|ecart_max|0|ecart_moyen|0|n|5"
 4:18:50 "HMT|B150B|regard|3|ecart_max|0|ecart_moyen|0|n|5"
 4:18:51 "HMT|B150B|regard|3|ecart_max|0|ecart_moyen|0|n|5"
 4:18:52 "HMT|B150B|regard|3|ecart_max|0|ecart_moyen|0|n|5"
 4:18:53 "HMT|B150B|regard|3|ecart_max|0|ecart_moyen|0|n|5"
 4:18:54 "HMT|B150B|regard|3|ecart_max|0|ecart_moyen|0|n|5"
 4:18:55 "HMT|B150B|regard|3|ecart_max|0|ecart_moyen|0|n|5"
 4:18:56 "HMT|B150B|regard|3|ecart_max|0|ecart_moyen|0|n|5"
 4:18:57 "HMT|B150B|regard|3|ecart_max|0|ecart_moyen|0|n|5"
 4:18:58 "HMT|B150B|regard|3|ecart_max|0|ecart_moyen|0|n|5"
 4:18:59 "HMT|B150B|regard|3|ecart_max|0|ecart_moyen|0|n|5"
 4:19:00 "HMT|B150B|regard|3|ecart_max|0|ecart_moyen|0|n|5"
 4:19:01 "HMT|B150B|regard|3|ecart_max|0|ecart_moyen|0|n|5"
 4:19:02 "HMT|B150B|regard|3|ecart_max|0|ecart_moyen|0|n|5"
 4:19:03 "HMT|B150B|regard|3|ecart_max|0|ecart_moyen|0|n|5"
 4:19:04 "HMT|B150B|regard|3|ecart_max|0|ecart_moyen|0|n|5"
 4:19:05 "HMT|B150B|regard|3|ecart_max|0|ecart_moyen|0|n|5"
 4:19:06 "HMT|B150B|regard|3|ecart_max|0|ecart_moyen|0|n|5"
 4:19:07 "HMT|B150B|regard|3|ecart_max|0|ecart_moyen|0|n|5"
 4:19:09 "HMT|B150B|regard|3|ecart_max|0|ecart_moyen|0|n|5"
 4:19:10 "HMT|B150B|regard|3|ecart_max|0|ecart_moyen|0|n|5"
 4:19:11 "HMT|B150B|regard|3|ecart_max|0|ecart_moyen|0|n|5"
 4:19:12 "HMT|B150B|regard|3|ecart_max|0|ecart_moyen|0|n|5"
 4:19:13 "HMT|B150B|regard|3|ecart_max|0|ecart_moyen|0|n|5"
 4:19:14 "HMT|B150B|regard|3|ecart_max|0|ecart_moyen|0|n|5"
 4:19:15 "HMT|B150B|regard|3|ecart_max|0|ecart_moyen|0|n|5"
 4:19:16 "HMT|B150B|regard|3|ecart_max|0|ecart_moyen|0|n|5"
 4:19:17 "HMT|B150B|regard|3|ecart_max|0|ecart_moyen|0|n|5"
 4:19:18 "HMT|B150B|regard|3|ecart_max|0|ecart_moyen|0|n|5"
 4:19:19 "HMT|B150B|regard|3|ecart_max|0|ecart_moyen|0|n|5"
 4:19:20 "HMT|B150B|regard|3|ecart_max|0|ecart_moyen|0|n|5"
 4:19:21 "HMT|B150B|regard|3|ecart_max|0|ecart_moyen|0|n|5"
 4:19:22 "HMT|B150B|regard|3|ecart_max|0|ecart_moyen|0|n|5"
 4:19:23 "HMT|B150B|regard|3|ecart_max|0|ecart_moyen|0|n|5"
 4:19:24 "HMT|B150B|regard|3|ecart_max|0|ecart_moyen|0|n|5"
 4:19:25 "HMT|B150B|regard|3|ecart_max|0|ecart_moyen|0|n|5"
 4:19:26 "HMT|B150B|regard|3|ecart_max|0|ecart_moyen|0|n|5"
 4:19:27 "HMT|B150B|regard|3|ecart_max|0|ecart_moyen|0|n|5"
 4:19:28 "HMT|B150B|regard|3|ecart_max|0|ecart_moyen|0|n|5"
 4:19:29 "HMT|B150B|regard|3|ecart_max|0|ecart_moyen|0|n|5"
 4:19:30 "HMT|B150B|regard|3|ecart_max|0|ecart_moyen|0|n|5"
 4:19:31 "HMT|B150B|regard|3|ecart_max|0|ecart_moyen|0|n|5"
 4:19:32 "HMT|B150B|regard|3|ecart_max|0|ecart_moyen|0|n|5"
 4:19:33 "HMT|B150B|regard|3|ecart_max|0|ecart_moyen|0|n|5"
 4:19:34 "HMT|B150B|regard|3|ecart_max|0|ecart_moyen|0|n|5"
 4:19:35 "HMT|B150B|regard|3|ecart_max|0|ecart_moyen|0|n|5"
 4:19:36 "HMT|B150B|regard|3|ecart_max|0|ecart_moyen|0|n|5"
 4:19:37 "HMT|B150B|regard|3|ecart_max|0|ecart_moyen|0|n|5"
 4:19:38 "HMT|B150B|regard|3|ecart_max|0|ecart_moyen|0|n|5"
 4:19:39 "HMT|B150B|regard|3|ecart_max|0|ecart_moyen|0|n|5"
 4:19:40 "HMT|B150B|regard|3|ecart_max|0|ecart_moyen|0|n|5"
 4:19:41 "HMT|B150B|regard|3|ecart_max|0|ecart_moyen|0|n|5"
 4:19:42 "HMT|B150B|regard|3|ecart_max|0|ecart_moyen|0|n|5"
 4:19:43 "HMT|B150B|regard|3|ecart_max|0|ecart_moyen|0|n|5"
 4:19:44 "HMT|B150B|regard|3|ecart_max|0|ecart_moyen|0|n|5"
 4:19:45 "HMT|B150B|regard|3|ecart_max|0|ecart_moyen|0|n|5"
 4:19:46 "HMT|B150B|regard|3|ecart_max|0|ecart_moyen|0|n|5"
 4:19:47 "HMT|B150B|regard|3|ecart_max|0|ecart_moyen|0|n|5"
 4:19:48 "HMT|B150B|regard|3|ecart_max|0|ecart_moyen|0|n|5"
 4:19:49 "HMT|B150B|regard|3|ecart_max|0|ecart_moyen|0|n|5"
 4:19:50 "HMT|B150B|regard|3|ecart_max|0|ecart_moyen|0|n|5"
 4:19:51 "HMT|B150B|regard|3|ecart_max|0|ecart_moyen|0|n|5"
 4:19:52 "HMT|B150B|regard|3|ecart_max|0|ecart_moyen|0|n|5"
 4:19:53 "HMT|B150B|regard|3|ecart_max|0|ecart_moyen|0|n|5"
 4:19:54 "HMT|B150B|regard|3|ecart_max|0|ecart_moyen|0|n|5"
 4:19:55 "HMT|B150B|regard|3|ecart_max|0|ecart_moyen|0|n|5"
 4:19:56 "HMT|B150B|regard|3|ecart_max|0|ecart_moyen|0|n|5"
 4:19:57 "HMT|B150B|regard|3|ecart_max|0|ecart_moyen|0|n|5"
 4:19:58 "HMT|B150B|regard|3|ecart_max|0|ecart_moyen|0|n|5"
 4:19:59 "HMT|B150B|essai|3|oracle|know|4|reste|39|jalons|[0,0,0,0]|points|90|couche|0"
 4:19:59 "HMT|B150B|regard|3|ecart_max|0|ecart_moyen|0|n|5"
 4:20:00 "HMT|B150B|regard|3|ecart_max|0|ecart_moyen|0|n|5"
 4:20:01 "HMT|B150B|regard|3|ecart_max|0|ecart_moyen|0|n|5"
 4:20:02 "HMT|B150B|regard|3|ecart_max|0|ecart_moyen|0|n|5"
 4:20:03 "HMT|B150B|regard|3|ecart_max|0|ecart_moyen|0|n|5"
 4:20:04 "HMT|B150B|regard|3|ecart_max|0|ecart_moyen|0|n|5"
 4:20:05 "HMT|B150B|regard|3|ecart_max|0|ecart_moyen|0|n|5"
 4:20:06 "HMT|B150B|regard|3|ecart_max|0|ecart_moyen|0|n|5"
 4:20:07 "HMT|B150B|regard|3|ecart_max|0|ecart_moyen|0|n|5"
 4:20:08 "HMT|B150B|regard|3|ecart_max|0|ecart_moyen|0|n|5"
 4:20:09 "HMT|B150B|regard|3|ecart_max|0|ecart_moyen|0|n|5"
 4:20:10 "HMT|B150B|regard|3|ecart_max|0|ecart_moyen|0|n|5"
 4:20:11 "HMT|B150B|regard|3|ecart_max|0|ecart_moyen|0|n|5"
 4:20:12 "HMT|B150B|regard|3|ecart_max|0|ecart_moyen|0|n|5"
 4:20:13 "HMT|B150B|regard|3|ecart_max|0|ecart_moyen|0|n|5"
 4:20:14 "HMT|B150B|regard|3|ecart_max|0|ecart_moyen|0|n|5"
 4:20:15 "HMT|B150B|regard|3|ecart_max|0|ecart_moyen|0|n|5"
 4:20:17 "HMT|B150B|regard|3|ecart_max|0|ecart_moyen|0|n|5"
 4:20:18 "HMT|B150B|regard|3|ecart_max|0|ecart_moyen|0|n|5"
 4:20:19 "HMT|B150B|regard|3|ecart_max|0|ecart_moyen|0|n|5"
 4:20:20 "HMT|B150B|regard|3|ecart_max|0|ecart_moyen|0|n|5"
 4:20:21 "HMT|B150B|regard|3|ecart_max|0|ecart_moyen|0|n|5"
 4:20:22 "HMT|B150B|regard|3|ecart_max|0|ecart_moyen|0|n|5"
 4:20:23 "HMT|B150B|regard|3|ecart_max|0|ecart_moyen|0|n|5"
 4:20:24 "HMT|B150B|regard|3|ecart_max|0|ecart_moyen|0|n|5"
 4:20:25 "HMT|B150B|regard|3|ecart_max|0|ecart_moyen|0|n|5"
 4:20:26 "HMT|B150B|regard|3|ecart_max|0|ecart_moyen|0|n|5"
 4:20:27 "HMT|B150B|regard|3|ecart_max|0|ecart_moyen|0|n|5"
 4:20:28 "HMT|B150B|regard|3|ecart_max|0|ecart_moyen|0|n|5"
 4:20:29 "HMT|B150B|regard|3|ecart_max|0|ecart_moyen|0|n|5"
 4:20:30 "HMT|B150B|regard|3|ecart_max|0|ecart_moyen|0|n|5"
 4:20:31 "HMT|B150B|regard|3|ecart_max|0|ecart_moyen|0|n|5"
 4:20:32 "HMT|B150B|regard|3|ecart_max|0|ecart_moyen|0|n|5"
 4:20:33 "HMT|B150B|regard|3|ecart_max|0|ecart_moyen|0|n|5"
 4:20:34 "HMT|B150B|regard|3|ecart_max|0|ecart_moyen|0|n|5"
 4:20:35 "HMT|B150B|regard|3|ecart_max|0|ecart_moyen|0|n|5"
 4:20:36 "HMT|B150B|regard|3|ecart_max|0|ecart_moyen|0|n|5"
 4:20:37 "HMT|B150B|regard|3|ecart_max|0|ecart_moyen|0|n|5"
 4:20:38 "HMT|B150B|regard|3|ecart_max|0|ecart_moyen|0|n|5"
 4:20:39 "HMT|B150B|regard|3|ecart_max|0|ecart_moyen|0|n|5"
 4:20:40 "HMT|B150B|regard|3|ecart_max|0|ecart_moyen|0|n|5"
 4:20:40 "HMT|B150B|essai|3|oracle_libre|know|4|reste|40|jalons|[1,1,0,0]|points|29|couche|0"
 4:20:41 "HMT|B150B|regard|3|ecart_max|0|ecart_moyen|0|n|5"
 4:20:42 "HMT|B150B|regard|3|ecart_max|0|ecart_moyen|0|n|5"
 4:20:43 "HMT|B150B|regard|3|ecart_max|0|ecart_moyen|0|n|5"
 4:20:44 "HMT|B150B|regard|3|ecart_max|0|ecart_moyen|0|n|5"
 4:20:47 "HMT|B150B|regard|4|ecart_max|0|ecart_moyen|0|n|4"
 4:20:48 "HMT|B150B|regard|4|ecart_max|0|ecart_moyen|0|n|4"
 4:20:49 "HMT|B150B|regard|4|ecart_max|0|ecart_moyen|0|n|4"
 4:20:50 "HMT|B150B|regard|4|ecart_max|0|ecart_moyen|0|n|4"
 4:20:51 "HMT|B150B|config|4|defenseurs|4|derive_max|0.1|caps|[6,2,350,349]"
 4:20:51 "HMT|B150B|regard|4|ecart_max|0|ecart_moyen|0|n|4"
 4:20:52 "HMT|B150B|regard|4|ecart_max|0|ecart_moyen|0|n|4"
 4:20:53 "HMT|B150B|regard|4|ecart_max|0|ecart_moyen|0|n|4"
 4:20:54 "HMT|B150B|regard|4|ecart_max|0|ecart_moyen|0|n|4"
 4:20:55 "HMT|B150B|regard|4|ecart_max|0|ecart_moyen|0|n|4"
 4:20:56 "HMT|B150B|regard|4|ecart_max|0|ecart_moyen|0|n|4"
 4:20:57 "HMT|B150B|regard|4|ecart_max|0|ecart_moyen|0|n|4"
 4:20:58 "HMT|B150B|regard|4|ecart_max|0|ecart_moyen|0|n|4"
 4:20:59 "HMT|B150B|regard|4|ecart_max|0|ecart_moyen|0|n|4"
 4:21:00 "HMT|B150B|regard|4|ecart_max|0|ecart_moyen|0|n|4"
 4:21:01 "HMT|B150B|regard|4|ecart_max|0|ecart_moyen|0|n|4"
 4:21:02 "HMT|B150B|regard|4|ecart_max|0|ecart_moyen|0|n|4"
 4:21:03 "HMT|B150B|regard|4|ecart_max|0|ecart_moyen|0|n|4"
 4:21:04 "HMT|B150B|regard|4|ecart_max|0|ecart_moyen|0|n|4"
 4:21:05 "HMT|B150B|regard|4|ecart_max|0|ecart_moyen|0|n|4"
 4:21:06 "HMT|B150B|regard|4|ecart_max|0|ecart_moyen|0|n|4"
 4:21:07 "HMT|B150B|regard|4|ecart_max|0|ecart_moyen|0|n|4"
 4:21:08 "HMT|B150B|regard|4|ecart_max|0|ecart_moyen|0|n|4"
 4:21:09 "HMT|B150B|regard|4|ecart_max|0|ecart_moyen|0|n|4"
 4:21:10 "HMT|B150B|regard|4|ecart_max|0|ecart_moyen|0|n|4"
 4:21:11 "HMT|B150B|regard|4|ecart_max|0|ecart_moyen|0|n|4"
 4:21:13 "HMT|B150B|regard|4|ecart_max|0|ecart_moyen|0|n|4"
 4:21:14 "HMT|B150B|regard|4|ecart_max|0|ecart_moyen|0|n|4"
 4:21:15 "HMT|B150B|regard|4|ecart_max|0|ecart_moyen|0|n|4"
 4:21:16 "HMT|B150B|regard|4|ecart_max|0|ecart_moyen|0|n|4"
 4:21:17 "HMT|B150B|regard|4|ecart_max|0|ecart_moyen|0|n|4"
 4:21:18 "HMT|B150B|regard|4|ecart_max|0|ecart_moyen|0|n|4"
 4:21:19 "HMT|B150B|regard|4|ecart_max|0|ecart_moyen|0|n|4"
 4:21:20 "HMT|B150B|regard|4|ecart_max|0|ecart_moyen|0|n|4"
 4:21:21 "HMT|B150B|regard|4|ecart_max|0|ecart_moyen|0|n|4"
 4:21:22 "HMT|B150B|regard|4|ecart_max|0|ecart_moyen|0|n|4"
 4:21:23 "HMT|B150B|regard|4|ecart_max|0|ecart_moyen|0|n|4"
 4:21:24 "HMT|B150B|regard|4|ecart_max|0|ecart_moyen|0|n|4"
 4:21:25 "HMT|B150B|regard|4|ecart_max|0|ecart_moyen|0|n|4"
 4:21:26 "HMT|B150B|regard|4|ecart_max|0|ecart_moyen|0|n|4"
 4:21:27 "HMT|B150B|regard|4|ecart_max|0|ecart_moyen|0|n|4"
 4:21:28 "HMT|B150B|regard|4|ecart_max|0|ecart_moyen|0|n|4"
 4:21:28 "HMT|B150B|essai|4|agent|know|4|reste|38|jalons|[1,1,0,0]|points|29|couche|0"
 4:21:29 "HMT|B150B|regard|4|ecart_max|0|ecart_moyen|0|n|4"
 4:21:30 "HMT|B150B|regard|4|ecart_max|0|ecart_moyen|0|n|4"
 4:21:31 "HMT|B150B|regard|4|ecart_max|0|ecart_moyen|0|n|4"
 4:21:32 "HMT|B150B|regard|4|ecart_max|0|ecart_moyen|0|n|4"
 4:21:33 "HMT|B150B|regard|4|ecart_max|0|ecart_moyen|0|n|4"
 4:21:34 "HMT|B150B|regard|4|ecart_max|0|ecart_moyen|0|n|4"
 4:21:35 "HMT|B150B|regard|4|ecart_max|0|ecart_moyen|0|n|4"
 4:21:36 "HMT|B150B|regard|4|ecart_max|0|ecart_moyen|0|n|4"
 4:21:37 "HMT|B150B|regard|4|ecart_max|0|ecart_moyen|0|n|4"
 4:21:38 "HMT|B150B|regard|4|ecart_max|0|ecart_moyen|0|n|4"
 4:21:39 "HMT|B150B|regard|4|ecart_max|0|ecart_moyen|0|n|4"
 4:21:40 "HMT|B150B|regard|4|ecart_max|0|ecart_moyen|0|n|4"
 4:21:41 "HMT|B150B|regard|4|ecart_max|0|ecart_moyen|0|n|4"
 4:21:42 "HMT|B150B|regard|4|ecart_max|0|ecart_moyen|0|n|4"
 4:21:43 "HMT|B150B|regard|4|ecart_max|0|ecart_moyen|0|n|4"
 4:21:44 "HMT|B150B|regard|4|ecart_max|0|ecart_moyen|0|n|4"
 4:21:45 "HMT|B150B|regard|4|ecart_max|0|ecart_moyen|0|n|4"
 4:21:46 "HMT|B150B|regard|4|ecart_max|0|ecart_moyen|0|n|4"
 4:21:47 "HMT|B150B|regard|4|ecart_max|0|ecart_moyen|0|n|4"
 4:21:48 "HMT|B150B|regard|4|ecart_max|0|ecart_moyen|0|n|4"
 4:21:49 "HMT|B150B|regard|4|ecart_max|0|ecart_moyen|0|n|4"
 4:21:50 "HMT|B150B|regard|4|ecart_max|0|ecart_moyen|0|n|4"
 4:21:51 "HMT|B150B|regard|4|ecart_max|0|ecart_moyen|0|n|4"
 4:21:52 "HMT|B150B|regard|4|ecart_max|0|ecart_moyen|0|n|4"
 4:21:53 "HMT|B150B|regard|4|ecart_max|0|ecart_moyen|0|n|4"
 4:21:54 "HMT|B150B|regard|4|ecart_max|0|ecart_moyen|0|n|4"
 4:21:55 "HMT|B150B|regard|4|ecart_max|0|ecart_moyen|0|n|4"
 4:21:56 "HMT|B150B|regard|4|ecart_max|0|ecart_moyen|0|n|4"
 4:21:57 "HMT|B150B|regard|4|ecart_max|0|ecart_moyen|0|n|4"
 4:21:58 "HMT|B150B|regard|4|ecart_max|0|ecart_moyen|0|n|4"
 4:21:59 "HMT|B150B|regard|4|ecart_max|0|ecart_moyen|0|n|4"
 4:22:00 "HMT|B150B|regard|4|ecart_max|0|ecart_moyen|0|n|4"
 4:22:01 "HMT|B150B|regard|4|ecart_max|0|ecart_moyen|0|n|4"
 4:22:02 "HMT|B150B|regard|4|ecart_max|0|ecart_moyen|0|n|4"
 4:22:03 "HMT|B150B|regard|4|ecart_max|0|ecart_moyen|0|n|4"
 4:22:04 "HMT|B150B|regard|4|ecart_max|0|ecart_moyen|0|n|4"
 4:22:05 "HMT|B150B|regard|4|ecart_max|0|ecart_moyen|0|n|4"
 4:22:06 "HMT|B150B|regard|4|ecart_max|0|ecart_moyen|0|n|4"
 4:22:07 "HMT|B150B|regard|4|ecart_max|0|ecart_moyen|0|n|4"
 4:22:08 "HMT|B150B|regard|4|ecart_max|0|ecart_moyen|0|n|4"
 4:22:09 "HMT|B150B|regard|4|ecart_max|0|ecart_moyen|0|n|4"
 4:22:10 "HMT|B150B|essai|4|droite|know|4|reste|40|jalons|[1,1,0,0]|points|29|couche|0"
 4:22:10 "HMT|B150B|regard|4|ecart_max|0|ecart_moyen|0|n|4"
 4:22:11 "HMT|B150B|regard|4|ecart_max|0|ecart_moyen|0|n|4"
 4:22:12 "HMT|B150B|regard|4|ecart_max|0|ecart_moyen|0|n|4"
 4:22:13 "HMT|B150B|regard|4|ecart_max|0|ecart_moyen|0|n|4"
 4:22:14 "HMT|B150B|regard|4|ecart_max|0|ecart_moyen|0|n|4"
 4:22:15 "HMT|B150B|regard|4|ecart_max|0|ecart_moyen|0|n|4"
 4:22:16 "HMT|B150B|regard|4|ecart_max|0|ecart_moyen|0|n|4"
 4:22:17 "HMT|B150B|regard|4|ecart_max|0|ecart_moyen|0|n|4"
 4:22:18 "HMT|B150B|regard|4|ecart_max|0|ecart_moyen|0|n|4"
 4:22:19 "HMT|B150B|regard|4|ecart_max|0|ecart_moyen|0|n|4"
 4:22:20 "HMT|B150B|regard|4|ecart_max|0|ecart_moyen|0|n|4"
 4:22:21 "HMT|B150B|regard|4|ecart_max|0|ecart_moyen|0|n|4"
 4:22:23 "HMT|B150B|regard|4|ecart_max|0|ecart_moyen|0|n|4"
 4:22:24 "HMT|B150B|regard|4|ecart_max|0|ecart_moyen|0|n|4"
 4:22:25 "HMT|B150B|regard|4|ecart_max|0|ecart_moyen|0|n|4"
 4:22:26 "HMT|B150B|regard|4|ecart_max|0|ecart_moyen|0|n|4"
 4:22:27 "HMT|B150B|regard|4|ecart_max|0|ecart_moyen|0|n|4"
 4:22:28 "HMT|B150B|regard|4|ecart_max|0|ecart_moyen|0|n|4"
 4:22:29 "HMT|B150B|regard|4|ecart_max|0|ecart_moyen|0|n|4"
 4:22:30 "HMT|B150B|regard|4|ecart_max|0|ecart_moyen|0|n|4"
 4:22:31 "HMT|B150B|regard|4|ecart_max|0|ecart_moyen|0|n|4"
 4:22:32 "HMT|B150B|regard|4|ecart_max|0|ecart_moyen|0|n|4"
 4:22:33 "HMT|B150B|regard|4|ecart_max|0|ecart_moyen|0|n|4"
 4:22:34 "HMT|B150B|regard|4|ecart_max|0|ecart_moyen|0|n|4"
 4:22:35 "HMT|B150B|regard|4|ecart_max|0|ecart_moyen|0|n|4"
 4:22:36 "HMT|B150B|regard|4|ecart_max|0|ecart_moyen|0|n|4"
 4:22:37 "HMT|B150B|regard|4|ecart_max|0|ecart_moyen|0|n|4"
 4:22:38 "HMT|B150B|regard|4|ecart_max|0|ecart_moyen|0|n|4"
 4:22:39 "HMT|B150B|regard|4|ecart_max|0|ecart_moyen|0|n|4"
 4:22:40 "HMT|B150B|regard|4|ecart_max|0|ecart_moyen|0|n|4"
 4:22:41 "HMT|B150B|regard|4|ecart_max|0|ecart_moyen|0|n|4"
 4:22:42 "HMT|B150B|regard|4|ecart_max|0|ecart_moyen|0|n|4"
 4:22:43 "HMT|B150B|regard|4|ecart_max|0|ecart_moyen|0|n|4"
 4:22:44 "HMT|B150B|regard|4|ecart_max|0|ecart_moyen|0|n|4"
 4:22:45 "HMT|B150B|regard|4|ecart_max|0|ecart_moyen|0|n|4"
 4:22:46 "HMT|B150B|regard|4|ecart_max|0|ecart_moyen|0|n|4"
 4:22:47 "HMT|B150B|regard|4|ecart_max|0|ecart_moyen|0|n|4"
 4:22:48 "HMT|B150B|regard|4|ecart_max|0|ecart_moyen|0|n|4"
 4:22:49 "HMT|B150B|regard|4|ecart_max|0|ecart_moyen|0|n|4"
 4:22:50 "HMT|B150B|regard|4|ecart_max|0|ecart_moyen|0|n|4"
 4:22:51 "HMT|B150B|essai|4|droite_bis|know|4|reste|40|jalons|[1,1,0,0]|points|29|couche|0"
 4:22:51 "HMT|B150B|regard|4|ecart_max|0|ecart_moyen|0|n|4"
 4:22:52 "HMT|B150B|regard|4|ecart_max|0|ecart_moyen|0|n|4"
 4:22:53 "HMT|B150B|regard|4|ecart_max|0|ecart_moyen|0|n|4"
 4:22:54 "HMT|B150B|regard|4|ecart_max|0|ecart_moyen|0|n|4"
 4:22:55 "HMT|B150B|regard|4|ecart_max|0|ecart_moyen|0|n|4"
 4:22:56 "HMT|B150B|regard|4|ecart_max|0|ecart_moyen|0|n|4"
 4:22:57 "HMT|B150B|regard|4|ecart_max|0|ecart_moyen|0|n|4"
 4:22:58 "HMT|B150B|regard|4|ecart_max|0|ecart_moyen|0|n|4"
 4:22:59 "HMT|B150B|regard|4|ecart_max|0|ecart_moyen|0|n|4"
 4:23:00 "HMT|B150B|regard|4|ecart_max|0|ecart_moyen|0|n|4"
 4:23:01 "HMT|B150B|regard|4|ecart_max|0|ecart_moyen|0|n|4"
 4:23:02 "HMT|B150B|regard|4|ecart_max|0|ecart_moyen|0|n|4"
 4:23:03 "HMT|B150B|regard|4|ecart_max|0|ecart_moyen|0|n|4"
 4:23:04 "HMT|B150B|regard|4|ecart_max|0|ecart_moyen|0|n|4"
 4:23:05 "HMT|B150B|regard|4|ecart_max|0|ecart_moyen|0|n|4"
 4:23:06 "HMT|B150B|regard|4|ecart_max|0|ecart_moyen|0|n|4"
 4:23:07 "HMT|B150B|regard|4|ecart_max|0|ecart_moyen|0|n|4"
 4:23:08 "HMT|B150B|regard|4|ecart_max|0|ecart_moyen|0|n|4"
 4:23:09 "HMT|B150B|regard|4|ecart_max|0|ecart_moyen|0|n|4"
 4:23:10 "HMT|B150B|regard|4|ecart_max|0|ecart_moyen|0|n|4"
 4:23:11 "HMT|B150B|regard|4|ecart_max|0|ecart_moyen|0|n|4"
 4:23:12 "HMT|B150B|regard|4|ecart_max|0|ecart_moyen|0|n|4"
 4:23:13 "HMT|B150B|regard|4|ecart_max|0|ecart_moyen|0|n|4"
 4:23:14 "HMT|B150B|regard|4|ecart_max|0|ecart_moyen|0|n|4"
 4:23:15 "HMT|B150B|regard|4|ecart_max|0|ecart_moyen|0|n|4"
 4:23:16 "HMT|B150B|regard|4|ecart_max|0|ecart_moyen|0|n|4"
 4:23:17 "HMT|B150B|regard|4|ecart_max|0|ecart_moyen|0|n|4"
 4:23:18 "HMT|B150B|regard|4|ecart_max|0|ecart_moyen|0|n|4"
 4:23:19 "HMT|B150B|regard|4|ecart_max|0|ecart_moyen|0|n|4"
 4:23:20 "HMT|B150B|regard|4|ecart_max|0|ecart_moyen|0|n|4"
 4:23:21 "HMT|B150B|regard|4|ecart_max|0|ecart_moyen|0|n|4"
 4:23:22 "HMT|B150B|regard|4|ecart_max|0|ecart_moyen|0|n|4"
 4:23:23 "HMT|B150B|regard|4|ecart_max|0|ecart_moyen|0|n|4"
 4:23:24 "HMT|B150B|regard|4|ecart_max|0|ecart_moyen|0|n|4"
 4:23:25 "HMT|B150B|regard|4|ecart_max|0|ecart_moyen|0|n|4"
 4:23:26 "HMT|B150B|regard|4|ecart_max|0|ecart_moyen|0|n|4"
 4:23:27 "HMT|B150B|regard|4|ecart_max|0|ecart_moyen|0|n|4"
 4:23:28 "HMT|B150B|regard|4|ecart_max|0|ecart_moyen|0|n|4"
 4:23:29 "HMT|B150B|regard|4|ecart_max|0|ecart_moyen|0|n|4"
 4:23:30 "HMT|B150B|regard|4|ecart_max|0|ecart_moyen|0|n|4"
 4:23:32 "HMT|B150B|regard|4|ecart_max|0|ecart_moyen|0|n|4"
 4:23:33 "HMT|B150B|regard|4|ecart_max|0|ecart_moyen|0|n|4"
 4:23:34 "HMT|B150B|regard|4|ecart_max|0|ecart_moyen|0|n|4"
 4:23:35 "HMT|B150B|regard|4|ecart_max|0|ecart_moyen|0|n|4"
 4:23:36 "HMT|B150B|regard|4|ecart_max|0|ecart_moyen|0|n|4"
 4:23:36 "HMT|B150B|essai|4|oracle|know|4|reste|39|jalons|[0,0,0,0]|points|32|couche|0"
 4:23:37 "HMT|B150B|regard|4|ecart_max|0|ecart_moyen|0|n|4"
 4:23:38 "HMT|B150B|regard|4|ecart_max|0|ecart_moyen|0|n|4"
 4:23:39 "HMT|B150B|regard|4|ecart_max|0|ecart_moyen|0|n|4"
 4:23:40 "HMT|B150B|regard|4|ecart_max|0|ecart_moyen|0|n|4"
 4:23:41 "HMT|B150B|regard|4|ecart_max|0|ecart_moyen|0|n|4"
 4:23:42 "HMT|B150B|regard|4|ecart_max|0|ecart_moyen|0|n|4"
 4:23:43 "HMT|B150B|regard|4|ecart_max|0|ecart_moyen|0|n|4"
 4:23:44 "HMT|B150B|regard|4|ecart_max|0|ecart_moyen|0|n|4"
 4:23:45 "HMT|B150B|regard|4|ecart_max|0|ecart_moyen|0|n|4"
 4:23:46 "HMT|B150B|regard|4|ecart_max|0|ecart_moyen|0|n|4"
 4:23:47 "HMT|B150B|regard|4|ecart_max|0|ecart_moyen|0|n|4"
 4:23:48 "HMT|B150B|regard|4|ecart_max|0|ecart_moyen|0|n|4"
 4:23:49 "HMT|B150B|regard|4|ecart_max|0|ecart_moyen|0|n|4"
 4:23:50 "HMT|B150B|regard|4|ecart_max|0|ecart_moyen|0|n|4"
 4:23:51 "HMT|B150B|regard|4|ecart_max|0|ecart_moyen|0|n|4"
 4:23:52 "HMT|B150B|regard|4|ecart_max|0|ecart_moyen|0|n|4"
 4:23:53 "HMT|B150B|regard|4|ecart_max|0|ecart_moyen|0|n|4"
 4:23:54 "HMT|B150B|regard|4|ecart_max|0|ecart_moyen|0|n|4"
 4:23:55 "HMT|B150B|regard|4|ecart_max|0|ecart_moyen|0|n|4"
 4:23:56 "HMT|B150B|regard|4|ecart_max|0|ecart_moyen|0|n|4"
 4:23:57 "HMT|B150B|regard|4|ecart_max|0|ecart_moyen|0|n|4"
 4:23:58 "HMT|B150B|regard|4|ecart_max|0|ecart_moyen|0|n|4"
 4:23:59 "HMT|B150B|regard|4|ecart_max|0|ecart_moyen|0|n|4"
 4:24:00 "HMT|B150B|regard|4|ecart_max|0|ecart_moyen|0|n|4"
 4:24:01 "HMT|B150B|regard|4|ecart_max|0|ecart_moyen|0|n|4"
 4:24:02 "HMT|B150B|regard|4|ecart_max|0|ecart_moyen|0|n|4"
 4:24:03 "HMT|B150B|regard|4|ecart_max|0|ecart_moyen|0|n|4"
 4:24:04 "HMT|B150B|regard|4|ecart_max|0|ecart_moyen|0|n|4"
 4:24:05 "HMT|B150B|regard|4|ecart_max|0|ecart_moyen|0|n|4"
 4:24:06 "HMT|B150B|regard|4|ecart_max|0|ecart_moyen|0|n|4"
 4:24:07 "HMT|B150B|regard|4|ecart_max|0|ecart_moyen|0|n|4"
 4:24:08 "HMT|B150B|regard|4|ecart_max|0|ecart_moyen|0|n|4"
 4:24:09 "HMT|B150B|regard|4|ecart_max|0|ecart_moyen|0|n|4"
 4:24:10 "HMT|B150B|regard|4|ecart_max|0|ecart_moyen|0|n|4"
 4:24:11 "HMT|B150B|regard|4|ecart_max|0|ecart_moyen|0|n|4"
 4:24:12 "HMT|B150B|regard|4|ecart_max|0|ecart_moyen|0|n|4"
 4:24:13 "HMT|B150B|regard|4|ecart_max|0|ecart_moyen|0|n|4"
 4:24:14 "HMT|B150B|regard|4|ecart_max|0|ecart_moyen|0|n|4"
 4:24:15 "HMT|B150B|regard|4|ecart_max|0|ecart_moyen|0|n|4"
 4:24:16 "HMT|B150B|regard|4|ecart_max|0|ecart_moyen|0|n|4"
 4:24:17 "HMT|B150B|essai|4|oracle_libre|know|0|reste|40|jalons|[1,1,1,1]|points|29|couche|0"
 4:24:17 "HMT|B150B|regard|4|ecart_max|0|ecart_moyen|0|n|4"
 4:24:18 "HMT|B150B|regard|4|ecart_max|0|ecart_moyen|0|n|4"
 4:24:19 "HMT|B150B|regard|4|ecart_max|0|ecart_moyen|0|n|4"
 4:24:20 "HMT|B150B|regard|4|ecart_max|0|ecart_moyen|0|n|4"
 4:24:24 "HMT|B150B|regard|5|ecart_max|0|ecart_moyen|0|n|7"
 4:24:25 "HMT|B150B|regard|5|ecart_max|0|ecart_moyen|0|n|7"
 4:24:26 "HMT|B150B|regard|5|ecart_max|0|ecart_moyen|0|n|7"
 4:24:27 "HMT|B150B|regard|5|ecart_max|0|ecart_moyen|0|n|7"
 4:24:28 "HMT|B150B|config|5|defenseurs|7|derive_max|0.5|caps|[93,33,116,109,105,105,105]"
 4:24:28 "HMT|B150B|regard|5|ecart_max|0|ecart_moyen|0|n|7"
 4:24:29 "HMT|B150B|regard|5|ecart_max|0|ecart_moyen|0|n|7"
 4:24:30 "HMT|B150B|regard|5|ecart_max|0|ecart_moyen|0|n|7"
 4:24:31 "HMT|B150B|regard|5|ecart_max|0|ecart_moyen|0|n|7"
 4:24:32 "HMT|B150B|regard|5|ecart_max|0|ecart_moyen|0|n|7"
 4:24:33 "HMT|B150B|regard|5|ecart_max|0|ecart_moyen|0|n|7"
 4:24:34 "HMT|B150B|regard|5|ecart_max|0|ecart_moyen|0|n|7"
 4:24:35 "HMT|B150B|regard|5|ecart_max|0|ecart_moyen|0|n|7"
 4:24:36 "HMT|B150B|regard|5|ecart_max|0|ecart_moyen|0|n|7"
 4:24:37 "HMT|B150B|regard|5|ecart_max|0|ecart_moyen|0|n|7"
 4:24:38 "HMT|B150B|regard|5|ecart_max|0|ecart_moyen|0|n|7"
 4:24:39 "HMT|B150B|regard|5|ecart_max|0|ecart_moyen|0|n|7"
 4:24:40 "HMT|B150B|regard|5|ecart_max|0|ecart_moyen|0|n|7"
 4:24:41 "HMT|B150B|regard|5|ecart_max|0|ecart_moyen|0|n|7"
 4:24:42 "HMT|B150B|regard|5|ecart_max|0|ecart_moyen|0|n|7"
 4:24:43 "HMT|B150B|regard|5|ecart_max|0|ecart_moyen|0|n|7"
 4:24:44 "HMT|B150B|regard|5|ecart_max|0|ecart_moyen|0|n|7"
 4:24:45 "HMT|B150B|regard|5|ecart_max|0|ecart_moyen|0|n|7"
 4:24:46 "HMT|B150B|regard|5|ecart_max|0|ecart_moyen|0|n|7"
 4:24:47 "HMT|B150B|regard|5|ecart_max|0|ecart_moyen|0|n|7"
 4:24:48 "HMT|B150B|regard|5|ecart_max|0|ecart_moyen|0|n|7"
 4:24:50 "HMT|B150B|regard|5|ecart_max|0|ecart_moyen|0|n|7"
 4:24:51 "HMT|B150B|regard|5|ecart_max|0|ecart_moyen|0|n|7"
 4:24:52 "HMT|B150B|regard|5|ecart_max|0|ecart_moyen|0|n|7"
 4:24:53 "HMT|B150B|regard|5|ecart_max|0|ecart_moyen|0|n|7"
 4:24:54 "HMT|B150B|regard|5|ecart_max|0|ecart_moyen|0|n|7"
 4:24:55 "HMT|B150B|regard|5|ecart_max|0|ecart_moyen|0|n|7"
 4:24:56 "HMT|B150B|regard|5|ecart_max|0|ecart_moyen|0|n|7"
 4:24:57 "HMT|B150B|regard|5|ecart_max|0|ecart_moyen|0|n|7"
 4:24:58 "HMT|B150B|regard|5|ecart_max|0|ecart_moyen|0|n|7"
 4:24:59 "HMT|B150B|regard|5|ecart_max|0|ecart_moyen|0|n|7"
 4:25:00 "HMT|B150B|regard|5|ecart_max|0|ecart_moyen|0|n|7"
 4:25:01 "HMT|B150B|regard|5|ecart_max|0|ecart_moyen|0|n|7"
 4:25:02 "HMT|B150B|regard|5|ecart_max|0|ecart_moyen|0|n|7"
 4:25:03 "HMT|B150B|regard|5|ecart_max|0|ecart_moyen|0|n|7"
 4:25:04 "HMT|B150B|regard|5|ecart_max|0|ecart_moyen|0|n|7"
 4:25:05 "HMT|B150B|regard|5|ecart_max|0|ecart_moyen|0|n|7"
 4:25:05 "HMT|B150B|essai|5|agent|know|4|reste|38|jalons|[1,0,0,0]|points|29|couche|0"
 4:25:06 "HMT|B150B|regard|5|ecart_max|0|ecart_moyen|0|n|7"
 4:25:07 "HMT|B150B|regard|5|ecart_max|0|ecart_moyen|0|n|7"
 4:25:08 "HMT|B150B|regard|5|ecart_max|0|ecart_moyen|0|n|7"
 4:25:09 "HMT|B150B|regard|5|ecart_max|0|ecart_moyen|0|n|7"
 4:25:10 "HMT|B150B|regard|5|ecart_max|0|ecart_moyen|0|n|7"
 4:25:11 "HMT|B150B|regard|5|ecart_max|0|ecart_moyen|0|n|7"
 4:25:12 "HMT|B150B|regard|5|ecart_max|0|ecart_moyen|0|n|7"
 4:25:13 "HMT|B150B|regard|5|ecart_max|0|ecart_moyen|0|n|7"
 4:25:14 "HMT|B150B|regard|5|ecart_max|0|ecart_moyen|0|n|7"
 4:25:15 "HMT|B150B|regard|5|ecart_max|0|ecart_moyen|0|n|7"
 4:25:16 "HMT|B150B|regard|5|ecart_max|0|ecart_moyen|0|n|7"
 4:25:17 "HMT|B150B|regard|5|ecart_max|0|ecart_moyen|0|n|7"
 4:25:18 "HMT|B150B|regard|5|ecart_max|0|ecart_moyen|0|n|7"
 4:25:19 "HMT|B150B|regard|5|ecart_max|0|ecart_moyen|0|n|7"
 4:25:20 "HMT|B150B|regard|5|ecart_max|0|ecart_moyen|0|n|7"
 4:25:21 "HMT|B150B|regard|5|ecart_max|0|ecart_moyen|0|n|7"
 4:25:22 "HMT|B150B|regard|5|ecart_max|0|ecart_moyen|0|n|7"
 4:25:23 "HMT|B150B|regard|5|ecart_max|0|ecart_moyen|0|n|7"
 4:25:24 "HMT|B150B|regard|5|ecart_max|0|ecart_moyen|0|n|7"
 4:25:25 "HMT|B150B|regard|5|ecart_max|0|ecart_moyen|0|n|7"
 4:25:26 "HMT|B150B|regard|5|ecart_max|0|ecart_moyen|0|n|7"
 4:25:27 "HMT|B150B|regard|5|ecart_max|0|ecart_moyen|0|n|7"
 4:25:28 "HMT|B150B|regard|5|ecart_max|0|ecart_moyen|0|n|7"
 4:25:29 "HMT|B150B|regard|5|ecart_max|0|ecart_moyen|0|n|7"
 4:25:30 "HMT|B150B|regard|5|ecart_max|0|ecart_moyen|0|n|7"
 4:25:31 "HMT|B150B|regard|5|ecart_max|0|ecart_moyen|0|n|7"
 4:25:32 "HMT|B150B|regard|5|ecart_max|0|ecart_moyen|0|n|7"
 4:25:33 "HMT|B150B|regard|5|ecart_max|0|ecart_moyen|0|n|7"
 4:25:34 "HMT|B150B|regard|5|ecart_max|0|ecart_moyen|0|n|7"
 4:25:35 "HMT|B150B|regard|5|ecart_max|0|ecart_moyen|0|n|7"
 4:25:36 "HMT|B150B|regard|5|ecart_max|0|ecart_moyen|0|n|7"
 4:25:37 "HMT|B150B|regard|5|ecart_max|0|ecart_moyen|0|n|7"
 4:25:38 "HMT|B150B|regard|5|ecart_max|0|ecart_moyen|0|n|7"
 4:25:39 "HMT|B150B|regard|5|ecart_max|0|ecart_moyen|0|n|7"
 4:25:40 "HMT|B150B|regard|5|ecart_max|0|ecart_moyen|0|n|7"
 4:25:41 "HMT|B150B|regard|5|ecart_max|0|ecart_moyen|0|n|7"
 4:25:42 "HMT|B150B|regard|5|ecart_max|0|ecart_moyen|0|n|7"
 4:25:43 "HMT|B150B|regard|5|ecart_max|0|ecart_moyen|0|n|7"
 4:25:44 "HMT|B150B|regard|5|ecart_max|0|ecart_moyen|0|n|7"
 4:25:45 "HMT|B150B|regard|5|ecart_max|0|ecart_moyen|0|n|7"
 4:25:46 "HMT|B150B|regard|5|ecart_max|0|ecart_moyen|0|n|7"
 4:25:46 "HMT|B150B|essai|5|droite|know|4|reste|40|jalons|[1,0,0,-1]|points|29|couche|0"
 4:25:47 "HMT|B150B|regard|5|ecart_max|0|ecart_moyen|0|n|7"
 4:25:48 "HMT|B150B|regard|5|ecart_max|0|ecart_moyen|0|n|7"
 4:25:49 "HMT|B150B|regard|5|ecart_max|0|ecart_moyen|0|n|7"
 4:25:50 "HMT|B150B|regard|5|ecart_max|0|ecart_moyen|0|n|7"
 4:25:51 "HMT|B150B|regard|5|ecart_max|0|ecart_moyen|0|n|7"
 4:25:52 "HMT|B150B|regard|5|ecart_max|0|ecart_moyen|0|n|7"
 4:25:53 "HMT|B150B|regard|5|ecart_max|0|ecart_moyen|0|n|7"
 4:25:54 "HMT|B150B|regard|5|ecart_max|0|ecart_moyen|0|n|7"
 4:25:55 "HMT|B150B|regard|5|ecart_max|0|ecart_moyen|0|n|7"
 4:25:56 "HMT|B150B|regard|5|ecart_max|0|ecart_moyen|0|n|7"
 4:25:57 "HMT|B150B|regard|5|ecart_max|0|ecart_moyen|0|n|7"
 4:25:58 "HMT|B150B|regard|5|ecart_max|0|ecart_moyen|0|n|7"
 4:25:59 "HMT|B150B|regard|5|ecart_max|0|ecart_moyen|0|n|7"
 4:26:00 "HMT|B150B|regard|5|ecart_max|0|ecart_moyen|0|n|7"
 4:26:01 "HMT|B150B|regard|5|ecart_max|0|ecart_moyen|0|n|7"
 4:26:02 "HMT|B150B|regard|5|ecart_max|0|ecart_moyen|0|n|7"
 4:26:04 "HMT|B150B|regard|5|ecart_max|0|ecart_moyen|0|n|7"
 4:26:05 "HMT|B150B|regard|5|ecart_max|0|ecart_moyen|0|n|7"
 4:26:06 "HMT|B150B|regard|5|ecart_max|0|ecart_moyen|0|n|7"
 4:26:07 "HMT|B150B|regard|5|ecart_max|0|ecart_moyen|0|n|7"
 4:26:08 "HMT|B150B|regard|5|ecart_max|0|ecart_moyen|0|n|7"
 4:26:09 "HMT|B150B|regard|5|ecart_max|0|ecart_moyen|0|n|7"
 4:26:10 "HMT|B150B|regard|5|ecart_max|0|ecart_moyen|0|n|7"
 4:26:11 "HMT|B150B|regard|5|ecart_max|0|ecart_moyen|0|n|7"
 4:26:12 "HMT|B150B|regard|5|ecart_max|0|ecart_moyen|0|n|7"
 4:26:13 "HMT|B150B|regard|5|ecart_max|0|ecart_moyen|0|n|7"
 4:26:14 "HMT|B150B|regard|5|ecart_max|0|ecart_moyen|0|n|7"
 4:26:15 "HMT|B150B|regard|5|ecart_max|0|ecart_moyen|0|n|7"
 4:26:16 "HMT|B150B|regard|5|ecart_max|0|ecart_moyen|0|n|7"
 4:26:17 "HMT|B150B|regard|5|ecart_max|0|ecart_moyen|0|n|7"
 4:26:18 "HMT|B150B|regard|5|ecart_max|0|ecart_moyen|0|n|7"
 4:26:19 "HMT|B150B|regard|5|ecart_max|0|ecart_moyen|0|n|7"
 4:26:20 "HMT|B150B|regard|5|ecart_max|0|ecart_moyen|0|n|7"
 4:26:21 "HMT|B150B|regard|5|ecart_max|0|ecart_moyen|0|n|7"
 4:26:22 "HMT|B150B|regard|5|ecart_max|0|ecart_moyen|0|n|7"
 4:26:23 "HMT|B150B|regard|5|ecart_max|0|ecart_moyen|0|n|7"
 4:26:24 "HMT|B150B|regard|5|ecart_max|0|ecart_moyen|0|n|7"
 4:26:25 "HMT|B150B|regard|5|ecart_max|0|ecart_moyen|0|n|7"
 4:26:26 "HMT|B150B|regard|5|ecart_max|0|ecart_moyen|0|n|7"
 4:26:27 "HMT|B150B|regard|5|ecart_max|0|ecart_moyen|0|n|7"
 4:26:28 "HMT|B150B|essai|5|droite_bis|know|4|reste|40|jalons|[1,0,0,-1]|points|29|couche|0"
 4:26:28 "HMT|B150B|regard|5|ecart_max|0|ecart_moyen|0|n|7"
 4:26:29 "HMT|B150B|regard|5|ecart_max|0|ecart_moyen|0|n|7"
 4:26:30 "HMT|B150B|regard|5|ecart_max|0|ecart_moyen|0|n|7"
 4:26:31 "HMT|B150B|regard|5|ecart_max|0|ecart_moyen|0|n|7"
 4:26:32 "HMT|B150B|regard|5|ecart_max|0|ecart_moyen|0|n|7"
 4:26:33 "HMT|B150B|regard|5|ecart_max|0|ecart_moyen|0|n|7"
 4:26:34 "HMT|B150B|regard|5|ecart_max|0|ecart_moyen|0|n|7"
 4:26:35 "HMT|B150B|regard|5|ecart_max|0|ecart_moyen|0|n|7"
 4:26:36 "HMT|B150B|regard|5|ecart_max|0|ecart_moyen|0|n|7"
 4:26:37 "HMT|B150B|regard|5|ecart_max|0|ecart_moyen|0|n|7"
 4:26:38 "HMT|B150B|regard|5|ecart_max|0|ecart_moyen|0|n|7"
 4:26:39 "HMT|B150B|regard|5|ecart_max|0|ecart_moyen|0|n|7"
 4:26:40 "HMT|B150B|regard|5|ecart_max|0|ecart_moyen|0|n|7"
 4:26:41 "HMT|B150B|regard|5|ecart_max|0|ecart_moyen|0|n|7"
 4:26:42 "HMT|B150B|regard|5|ecart_max|0|ecart_moyen|0|n|7"
 4:26:43 "HMT|B150B|regard|5|ecart_max|0|ecart_moyen|0|n|7"
 4:26:44 "HMT|B150B|regard|5|ecart_max|0|ecart_moyen|0|n|7"
 4:26:45 "HMT|B150B|regard|5|ecart_max|0|ecart_moyen|0|n|7"
 4:26:46 "HMT|B150B|regard|5|ecart_max|0|ecart_moyen|0|n|7"
 4:26:47 "HMT|B150B|regard|5|ecart_max|0|ecart_moyen|0|n|7"
 4:26:48 "HMT|B150B|regard|5|ecart_max|0|ecart_moyen|0|n|7"
 4:26:49 "HMT|B150B|regard|5|ecart_max|0|ecart_moyen|0|n|7"
 4:26:50 "HMT|B150B|regard|5|ecart_max|0|ecart_moyen|0|n|7"
 4:26:51 "HMT|B150B|regard|5|ecart_max|0|ecart_moyen|0|n|7"
 4:26:52 "HMT|B150B|regard|5|ecart_max|0|ecart_moyen|0|n|7"
 4:26:53 "HMT|B150B|regard|5|ecart_max|0|ecart_moyen|0|n|7"
 4:26:54 "HMT|B150B|regard|5|ecart_max|0|ecart_moyen|0|n|7"
 4:26:55 "HMT|B150B|regard|5|ecart_max|0|ecart_moyen|0|n|7"
 4:26:56 "HMT|B150B|regard|5|ecart_max|0|ecart_moyen|0|n|7"
 4:26:57 "HMT|B150B|regard|5|ecart_max|0|ecart_moyen|0|n|7"
 4:26:58 "HMT|B150B|regard|5|ecart_max|0|ecart_moyen|0|n|7"
 4:26:59 "HMT|B150B|regard|5|ecart_max|0|ecart_moyen|0|n|7"
 4:27:00 "HMT|B150B|regard|5|ecart_max|0|ecart_moyen|0|n|7"
 4:27:01 "HMT|B150B|regard|5|ecart_max|0|ecart_moyen|0|n|7"
 4:27:02 "HMT|B150B|regard|5|ecart_max|0|ecart_moyen|0|n|7"
 4:27:03 "HMT|B150B|regard|5|ecart_max|0|ecart_moyen|0|n|7"
 4:27:04 "HMT|B150B|regard|5|ecart_max|0|ecart_moyen|0|n|7"
 4:27:05 "HMT|B150B|regard|5|ecart_max|0|ecart_moyen|0|n|7"
 4:27:06 "HMT|B150B|regard|5|ecart_max|0|ecart_moyen|0|n|7"
 4:27:07 "HMT|B150B|regard|5|ecart_max|0|ecart_moyen|0|n|7"
 4:27:08 "HMT|B150B|regard|5|ecart_max|0|ecart_moyen|0|n|7"
 4:27:09 "HMT|B150B|regard|5|ecart_max|0|ecart_moyen|0|n|7"
 4:27:10 "HMT|B150B|regard|5|ecart_max|0|ecart_moyen|0|n|7"
 4:27:12 "HMT|B150B|regard|5|ecart_max|0|ecart_moyen|0|n|7"
 4:27:13 "HMT|B150B|regard|5|ecart_max|0|ecart_moyen|0|n|7"
 4:27:14 "HMT|B150B|regard|5|ecart_max|0|ecart_moyen|0|n|7"
 4:27:15 "HMT|B150B|regard|5|ecart_max|0|ecart_moyen|0|n|7"
 4:27:16 "HMT|B150B|regard|5|ecart_max|0|ecart_moyen|0|n|7"
 4:27:17 "HMT|B150B|regard|5|ecart_max|0|ecart_moyen|0|n|7"
 4:27:18 "HMT|B150B|regard|5|ecart_max|0|ecart_moyen|0|n|7"
 4:27:19 "HMT|B150B|regard|5|ecart_max|0|ecart_moyen|0|n|7"
 4:27:20 "HMT|B150B|regard|5|ecart_max|0|ecart_moyen|0|n|7"
 4:27:21 "HMT|B150B|regard|5|ecart_max|0|ecart_moyen|0|n|7"
 4:27:22 "HMT|B150B|regard|5|ecart_max|0|ecart_moyen|0|n|7"
 4:27:23 "HMT|B150B|regard|5|ecart_max|0|ecart_moyen|0|n|7"
 4:27:24 "HMT|B150B|regard|5|ecart_max|0|ecart_moyen|0|n|7"
 4:27:25 "HMT|B150B|regard|5|ecart_max|0|ecart_moyen|0|n|7"
 4:27:26 "HMT|B150B|regard|5|ecart_max|0|ecart_moyen|0|n|7"
 4:27:27 "HMT|B150B|regard|5|ecart_max|0|ecart_moyen|0|n|7"
 4:27:28 "HMT|B150B|regard|5|ecart_max|0|ecart_moyen|0|n|7"
 4:27:29 "HMT|B150B|regard|5|ecart_max|0|ecart_moyen|0|n|7"
 4:27:30 "HMT|B150B|regard|5|ecart_max|0|ecart_moyen|0|n|7"
 4:27:31 "HMT|B150B|regard|5|ecart_max|0|ecart_moyen|0|n|7"
 4:27:32 "HMT|B150B|regard|5|ecart_max|0|ecart_moyen|0|n|7"
 4:27:33 "HMT|B150B|regard|5|ecart_max|0|ecart_moyen|0|n|7"
 4:27:34 "HMT|B150B|regard|5|ecart_max|0|ecart_moyen|0|n|7"
 4:27:35 "HMT|B150B|regard|5|ecart_max|0|ecart_moyen|0|n|7"
 4:27:36 "HMT|B150B|regard|5|ecart_max|0|ecart_moyen|0|n|7"
 4:27:37 "HMT|B150B|regard|5|ecart_max|0|ecart_moyen|0|n|7"
 4:27:38 "HMT|B150B|regard|5|ecart_max|0|ecart_moyen|0|n|7"
 4:27:39 "HMT|B150B|regard|5|ecart_max|0|ecart_moyen|0|n|7"
 4:27:40 "HMT|B150B|regard|5|ecart_max|0|ecart_moyen|0|n|7"
 4:27:41 "HMT|B150B|regard|5|ecart_max|0|ecart_moyen|0|n|7"
 4:27:42 "HMT|B150B|regard|5|ecart_max|0|ecart_moyen|0|n|7"
 4:27:43 "HMT|B150B|regard|5|ecart_max|0|ecart_moyen|0|n|7"
 4:27:44 "HMT|B150B|regard|5|ecart_max|0|ecart_moyen|0|n|7"
 4:27:45 "HMT|B150B|regard|5|ecart_max|0|ecart_moyen|0|n|7"
 4:27:46 "HMT|B150B|regard|5|ecart_max|0|ecart_moyen|0|n|7"
 4:27:47 "HMT|B150B|regard|5|ecart_max|0|ecart_moyen|0|n|7"
 4:27:48 "HMT|B150B|regard|5|ecart_max|0|ecart_moyen|0|n|7"
 4:27:49 "HMT|B150B|regard|5|ecart_max|0|ecart_moyen|0|n|7"
 4:27:50 "HMT|B150B|regard|5|ecart_max|0|ecart_moyen|0|n|7"
 4:27:51 "HMT|B150B|regard|5|ecart_max|0|ecart_moyen|0|n|7"
 4:27:52 "HMT|B150B|regard|5|ecart_max|0|ecart_moyen|0|n|7"
 4:27:53 "HMT|B150B|regard|5|ecart_max|0|ecart_moyen|0|n|7"
 4:27:54 "HMT|B150B|regard|5|ecart_max|0|ecart_moyen|0|n|7"
 4:27:55 "HMT|B150B|regard|5|ecart_max|0|ecart_moyen|0|n|7"
 4:27:56 "HMT|B150B|regard|5|ecart_max|0|ecart_moyen|0|n|7"
 4:27:57 "HMT|B150B|regard|5|ecart_max|0|ecart_moyen|0|n|7"
 4:27:58 "HMT|B150B|regard|5|ecart_max|0|ecart_moyen|0|n|7"
 4:27:59 "HMT|B150B|regard|5|ecart_max|0|ecart_moyen|0|n|7"
 4:28:00 "HMT|B150B|regard|5|ecart_max|0|ecart_moyen|0|n|7"
 4:28:01 "HMT|B150B|regard|5|ecart_max|0|ecart_moyen|0|n|7"
 4:28:02 "HMT|B150B|regard|5|ecart_max|0|ecart_moyen|0|n|7"
 4:28:03 "HMT|B150B|regard|5|ecart_max|0|ecart_moyen|0|n|7"
 4:28:04 "HMT|B150B|regard|5|ecart_max|0|ecart_moyen|0|n|7"
 4:28:05 "HMT|B150B|regard|5|ecart_max|0|ecart_moyen|0|n|7"
 4:28:06 "HMT|B150B|regard|5|ecart_max|0|ecart_moyen|0|n|7"
 4:28:07 "HMT|B150B|regard|5|ecart_max|0|ecart_moyen|0|n|7"
 4:28:08 "HMT|B150B|regard|5|ecart_max|0|ecart_moyen|0|n|7"
 4:28:09 "HMT|B150B|regard|5|ecart_max|0|ecart_moyen|0|n|7"
 4:28:10 "HMT|B150B|regard|5|ecart_max|0|ecart_moyen|0|n|7"
 4:28:11 "HMT|B150B|regard|5|ecart_max|0|ecart_moyen|0|n|7"
 4:28:12 "HMT|B150B|regard|5|ecart_max|0|ecart_moyen|0|n|7"
 4:28:13 "HMT|B150B|regard|5|ecart_max|0|ecart_moyen|0|n|7"
 4:28:14 "HMT|B150B|regard|5|ecart_max|0|ecart_moyen|0|n|7"
 4:28:15 "HMT|B150B|regard|5|ecart_max|0|ecart_moyen|0|n|7"
 4:28:16 "HMT|B150B|regard|5|ecart_max|0|ecart_moyen|0|n|7"
 4:28:18 "HMT|B150B|regard|5|ecart_max|0|ecart_moyen|0|n|7"
 4:28:19 "HMT|B150B|regard|5|ecart_max|0|ecart_moyen|0|n|7"
 4:28:20 "HMT|B150B|regard|5|ecart_max|0|ecart_moyen|0|n|7"
 4:28:21 "HMT|B150B|regard|5|ecart_max|0|ecart_moyen|0|n|7"
 4:28:22 "HMT|B150B|regard|5|ecart_max|0|ecart_moyen|0|n|7"
 4:28:23 "HMT|B150B|regard|5|ecart_max|0|ecart_moyen|0|n|7"
 4:28:24 "HMT|B150B|regard|5|ecart_max|0|ecart_moyen|0|n|7"
 4:28:25 "HMT|B150B|regard|5|ecart_max|0|ecart_moyen|0|n|7"
 4:28:26 "HMT|B150B|regard|5|ecart_max|0|ecart_moyen|0|n|7"
 4:28:27 "HMT|B150B|regard|5|ecart_max|0|ecart_moyen|0|n|7"
 4:28:28 "HMT|B150B|regard|5|ecart_max|0|ecart_moyen|0|n|7"
 4:28:29 "HMT|B150B|regard|5|ecart_max|0|ecart_moyen|0|n|7"
 4:28:30 "HMT|B150B|regard|5|ecart_max|0|ecart_moyen|0|n|7"
 4:28:31 "HMT|B150B|regard|5|ecart_max|0|ecart_moyen|0|n|7"
 4:28:32 "HMT|B150B|regard|5|ecart_max|0|ecart_moyen|0|n|7"
 4:28:33 "HMT|B150B|regard|5|ecart_max|0|ecart_moyen|0|n|7"
 4:28:34 "HMT|B150B|regard|5|ecart_max|0|ecart_moyen|0|n|7"
 4:28:35 "HMT|B150B|regard|5|ecart_max|0|ecart_moyen|0|n|7"
 4:28:36 "HMT|B150B|regard|5|ecart_max|0|ecart_moyen|0|n|7"
 4:28:37 "HMT|B150B|regard|5|ecart_max|0|ecart_moyen|0|n|7"
 4:28:38 "HMT|B150B|regard|5|ecart_max|0|ecart_moyen|0|n|7"
 4:28:39 "HMT|B150B|regard|5|ecart_max|0|ecart_moyen|0|n|7"
 4:28:40 "HMT|B150B|regard|5|ecart_max|0|ecart_moyen|0|n|7"
 4:28:41 "HMT|B150B|regard|5|ecart_max|0|ecart_moyen|0|n|7"
 4:28:42 "HMT|B150B|regard|5|ecart_max|0|ecart_moyen|0|n|7"
 4:28:43 "HMT|B150B|regard|5|ecart_max|0|ecart_moyen|0|n|7"
 4:28:44 "HMT|B150B|regard|5|ecart_max|0|ecart_moyen|0|n|7"
 4:28:45 "HMT|B150B|regard|5|ecart_max|0|ecart_moyen|0|n|7"
 4:28:46 "HMT|B150B|regard|5|ecart_max|0|ecart_moyen|0|n|7"
 4:28:47 "HMT|B150B|regard|5|ecart_max|0|ecart_moyen|0|n|7"
 4:28:48 "HMT|B150B|regard|5|ecart_max|0|ecart_moyen|0|n|7"
 4:28:49 "HMT|B150B|regard|5|ecart_max|0|ecart_moyen|0|n|7"
 4:28:50 "HMT|B150B|regard|5|ecart_max|0|ecart_moyen|0|n|7"
 4:28:51 "HMT|B150B|regard|5|ecart_max|0|ecart_moyen|0|n|7"
 4:28:52 "HMT|B150B|regard|5|ecart_max|0|ecart_moyen|0|n|7"
 4:28:53 "HMT|B150B|regard|5|ecart_max|0|ecart_moyen|0|n|7"
 4:28:54 "HMT|B150B|regard|5|ecart_max|0|ecart_moyen|0|n|7"
 4:28:55 "HMT|B150B|regard|5|ecart_max|0|ecart_moyen|0|n|7"
 4:28:56 "HMT|B150B|regard|5|ecart_max|0|ecart_moyen|0|n|7"
 4:28:57 "HMT|B150B|regard|5|ecart_max|0|ecart_moyen|0|n|7"
 4:28:58 "HMT|B150B|regard|5|ecart_max|0|ecart_moyen|0|n|7"
 4:28:59 "HMT|B150B|regard|5|ecart_max|0|ecart_moyen|0|n|7"
 4:29:00 "HMT|B150B|regard|5|ecart_max|0|ecart_moyen|0|n|7"
 4:29:01 "HMT|B150B|regard|5|ecart_max|0|ecart_moyen|0|n|7"
 4:29:02 "HMT|B150B|regard|5|ecart_max|0|ecart_moyen|0|n|7"
 4:29:03 "HMT|B150B|regard|5|ecart_max|0|ecart_moyen|0|n|7"
 4:29:04 "HMT|B150B|regard|5|ecart_max|0|ecart_moyen|0|n|7"
 4:29:05 "HMT|B150B|regard|5|ecart_max|0|ecart_moyen|0|n|7"
 4:29:06 "HMT|B150B|regard|5|ecart_max|0|ecart_moyen|0|n|7"
 4:29:07 "HMT|B150B|regard|5|ecart_max|0|ecart_moyen|0|n|7"
 4:29:08 "HMT|B150B|regard|5|ecart_max|0|ecart_moyen|0|n|7"
 4:29:09 "HMT|B150B|regard|5|ecart_max|0|ecart_moyen|0|n|7"
 4:29:10 "HMT|B150B|regard|5|ecart_max|0|ecart_moyen|0|n|7"
 4:29:11 "HMT|B150B|regard|5|ecart_max|0|ecart_moyen|0|n|7"
 4:29:12 "HMT|B150B|regard|5|ecart_max|0|ecart_moyen|0|n|7"
 4:29:13 "HMT|B150B|regard|5|ecart_max|0|ecart_moyen|0|n|7"
 4:29:14 "HMT|B150B|regard|5|ecart_max|0|ecart_moyen|0|n|7"
 4:29:15 "HMT|B150B|regard|5|ecart_max|0|ecart_moyen|0|n|7"
 4:29:16 "HMT|B150B|regard|5|ecart_max|0|ecart_moyen|0|n|7"
 4:29:17 "HMT|B150B|regard|5|ecart_max|0|ecart_moyen|0|n|7"
 4:29:18 "HMT|B150B|regard|5|ecart_max|0|ecart_moyen|0|n|7"
 4:29:19 "HMT|B150B|regard|5|ecart_max|0|ecart_moyen|0|n|7"
 4:29:20 "HMT|B150B|regard|5|ecart_max|0|ecart_moyen|0|n|7"
 4:29:21 "HMT|B150B|regard|5|ecart_max|0|ecart_moyen|0|n|7"
 4:29:22 "HMT|B150B|regard|5|ecart_max|0|ecart_moyen|0|n|7"
 4:29:23 "HMT|B150B|regard|5|ecart_max|0|ecart_moyen|0|n|7"
 4:29:24 "HMT|B150B|regard|5|ecart_max|0|ecart_moyen|0|n|7"
 4:29:25 "HMT|B150B|regard|5|ecart_max|0|ecart_moyen|0|n|7"
 4:29:26 "HMT|B150B|regard|5|ecart_max|0|ecart_moyen|0|n|7"
 4:29:27 "HMT|B150B|regard|5|ecart_max|0|ecart_moyen|0|n|7"
 4:29:29 "HMT|B150B|regard|5|ecart_max|0|ecart_moyen|0|n|7"
 4:29:30 "HMT|B150B|regard|5|ecart_max|0|ecart_moyen|0|n|7"
 4:29:31 "HMT|B150B|regard|5|ecart_max|0|ecart_moyen|0|n|7"
 4:29:32 "HMT|B150B|regard|5|ecart_max|0|ecart_moyen|0|n|7"
 4:29:33 "HMT|B150B|regard|5|ecart_max|0|ecart_moyen|0|n|7"
 4:29:34 "HMT|B150B|regard|5|ecart_max|0|ecart_moyen|0|n|7"
 4:29:35 "HMT|B150B|regard|5|ecart_max|0|ecart_moyen|0|n|7"
 4:29:36 "HMT|B150B|regard|5|ecart_max|0|ecart_moyen|0|n|7"
 4:29:37 "HMT|B150B|regard|5|ecart_max|0|ecart_moyen|0|n|7"
 4:29:38 "HMT|B150B|regard|5|ecart_max|0|ecart_moyen|0|n|7"
 4:29:39 "HMT|B150B|regard|5|ecart_max|0|ecart_moyen|0|n|7"
 4:29:40 "HMT|B150B|regard|5|ecart_max|0|ecart_moyen|0|n|7"
 4:29:41 "HMT|B150B|regard|5|ecart_max|0|ecart_moyen|0|n|7"
 4:29:42 "HMT|B150B|regard|5|ecart_max|0|ecart_moyen|0|n|7"
 4:29:43 "HMT|B150B|regard|5|ecart_max|0|ecart_moyen|0|n|7"
 4:29:44 "HMT|B150B|regard|5|ecart_max|0|ecart_moyen|0|n|7"
 4:29:45 "HMT|B150B|regard|5|ecart_max|0|ecart_moyen|0|n|7"
 4:29:46 "HMT|B150B|regard|5|ecart_max|0|ecart_moyen|0|n|7"
 4:29:46 "HMT|B150B|essai|5|oracle|know|4|reste|40|jalons|[0,0,0,0]|points|159|couche|0"
 4:29:47 "HMT|B150B|regard|5|ecart_max|0|ecart_moyen|0|n|7"
 4:29:48 "HMT|B150B|regard|5|ecart_max|0|ecart_moyen|0|n|7"
 4:29:49 "HMT|B150B|regard|5|ecart_max|0|ecart_moyen|0|n|7"
 4:29:50 "HMT|B150B|regard|5|ecart_max|0|ecart_moyen|0|n|7"
 4:29:51 "HMT|B150B|regard|5|ecart_max|0|ecart_moyen|0|n|7"
 4:29:52 "HMT|B150B|regard|5|ecart_max|0|ecart_moyen|0|n|7"
 4:29:53 "HMT|B150B|regard|5|ecart_max|0|ecart_moyen|0|n|7"
 4:29:54 "HMT|B150B|regard|5|ecart_max|0|ecart_moyen|0|n|7"
 4:29:55 "HMT|B150B|regard|5|ecart_max|0|ecart_moyen|0|n|7"
 4:29:56 "HMT|B150B|regard|5|ecart_max|0|ecart_moyen|0|n|7"
 4:29:57 "HMT|B150B|regard|5|ecart_max|0|ecart_moyen|0|n|7"
 4:29:58 "HMT|B150B|regard|5|ecart_max|0|ecart_moyen|0|n|7"
 4:29:59 "HMT|B150B|regard|5|ecart_max|0|ecart_moyen|0|n|7"
 4:30:00 "HMT|B150B|regard|5|ecart_max|0|ecart_moyen|0|n|7"
 4:30:01 "HMT|B150B|regard|5|ecart_max|0|ecart_moyen|0|n|7"
 4:30:02 "HMT|B150B|regard|5|ecart_max|0|ecart_moyen|0|n|7"
 4:30:03 "HMT|B150B|regard|5|ecart_max|0|ecart_moyen|0|n|7"
 4:30:04 "HMT|B150B|regard|5|ecart_max|0|ecart_moyen|0|n|7"
 4:30:05 "HMT|B150B|regard|5|ecart_max|0|ecart_moyen|0|n|7"
 4:30:06 "HMT|B150B|regard|5|ecart_max|0|ecart_moyen|0|n|7"
 4:30:07 "HMT|B150B|regard|5|ecart_max|0|ecart_moyen|0|n|7"
 4:30:08 "HMT|B150B|regard|5|ecart_max|0|ecart_moyen|0|n|7"
 4:30:09 "HMT|B150B|regard|5|ecart_max|0|ecart_moyen|0|n|7"
 4:30:10 "HMT|B150B|regard|5|ecart_max|0|ecart_moyen|0|n|7"
 4:30:11 "HMT|B150B|regard|5|ecart_max|0|ecart_moyen|0|n|7"
 4:30:12 "HMT|B150B|regard|5|ecart_max|0|ecart_moyen|0|n|7"
 4:30:13 "HMT|B150B|regard|5|ecart_max|0|ecart_moyen|0|n|7"
 4:30:14 "HMT|B150B|regard|5|ecart_max|0|ecart_moyen|0|n|7"
 4:30:15 "HMT|B150B|regard|5|ecart_max|0|ecart_moyen|0|n|7"
 4:30:16 "HMT|B150B|regard|5|ecart_max|0|ecart_moyen|0|n|7"
 4:30:17 "HMT|B150B|regard|5|ecart_max|0|ecart_moyen|0|n|7"
 4:30:18 "HMT|B150B|regard|5|ecart_max|0|ecart_moyen|0|n|7"
 4:30:19 "HMT|B150B|regard|5|ecart_max|0|ecart_moyen|0|n|7"
 4:30:20 "HMT|B150B|regard|5|ecart_max|0|ecart_moyen|0|n|7"
 4:30:21 "HMT|B150B|regard|5|ecart_max|0|ecart_moyen|0|n|7"
 4:30:22 "HMT|B150B|regard|5|ecart_max|0|ecart_moyen|0|n|7"
 4:30:23 "HMT|B150B|regard|5|ecart_max|0|ecart_moyen|0|n|7"
 4:30:24 "HMT|B150B|regard|5|ecart_max|0|ecart_moyen|0|n|7"
 4:30:25 "HMT|B150B|regard|5|ecart_max|0|ecart_moyen|0|n|7"
 4:30:26 "HMT|B150B|regard|5|ecart_max|0|ecart_moyen|0|n|7"
 4:30:27 "HMT|B150B|regard|5|ecart_max|0|ecart_moyen|0|n|7"
 4:30:28 "HMT|B150B|regard|5|ecart_max|0|ecart_moyen|0|n|7"
 4:30:29 "HMT|B150B|regard|5|ecart_max|0|ecart_moyen|0|n|7"
 4:30:30 "HMT|B150B|regard|5|ecart_max|0|ecart_moyen|0|n|7"
 4:30:31 "HMT|B150B|regard|5|ecart_max|0|ecart_moyen|0|n|7"
 4:30:32 "HMT|B150B|regard|5|ecart_max|0|ecart_moyen|0|n|7"
 4:30:32 "HMT|B150B|essai|5|oracle_libre|know|4|reste|40|jalons|[1,1,0,0]|points|33|couche|0"
 4:30:33 "HMT|B150B|regard|5|ecart_max|0|ecart_moyen|0|n|7"
 4:30:34 "HMT|B150B|regard|5|ecart_max|0|ecart_moyen|0|n|7"
 4:30:35 "HMT|B150B|regard|5|ecart_max|0|ecart_moyen|0|n|7"
 4:30:36 "HMT|B150B|regard|5|ecart_max|0|ecart_moyen|0|n|7"
 4:30:40 "HMT|B150B|regard|6|ecart_max|0|ecart_moyen|0|n|6"
 4:30:41 "HMT|B150B|regard|6|ecart_max|0|ecart_moyen|0|n|6"
 4:30:42 "HMT|B150B|regard|6|ecart_max|0|ecart_moyen|0|n|6"
 4:30:43 "HMT|B150B|regard|6|ecart_max|0|ecart_moyen|0|n|6"
 4:30:44 "HMT|B150B|config|6|defenseurs|6|derive_max|0.5|caps|[90,77,67,42,42,42]"
 4:30:44 "HMT|B150B|regard|6|ecart_max|0|ecart_moyen|0|n|6"
 4:30:45 "HMT|B150B|regard|6|ecart_max|0|ecart_moyen|0|n|6"
 4:30:46 "HMT|B150B|regard|6|ecart_max|0|ecart_moyen|0|n|6"
 4:30:47 "HMT|B150B|regard|6|ecart_max|0|ecart_moyen|0|n|6"
 4:30:48 "HMT|B150B|regard|6|ecart_max|0|ecart_moyen|0|n|6"
 4:30:49 "HMT|B150B|regard|6|ecart_max|0|ecart_moyen|0|n|6"
 4:30:50 "HMT|B150B|regard|6|ecart_max|0|ecart_moyen|0|n|6"
 4:30:51 "HMT|B150B|regard|6|ecart_max|0|ecart_moyen|0|n|6"
 4:30:52 "HMT|B150B|regard|6|ecart_max|0|ecart_moyen|0|n|6"
 4:30:53 "HMT|B150B|regard|6|ecart_max|0|ecart_moyen|0|n|6"
 4:30:54 "HMT|B150B|regard|6|ecart_max|0|ecart_moyen|0|n|6"
 4:30:55 "HMT|B150B|regard|6|ecart_max|0|ecart_moyen|0|n|6"
 4:30:56 "HMT|B150B|regard|6|ecart_max|0|ecart_moyen|0|n|6"
 4:30:57 "HMT|B150B|regard|6|ecart_max|0|ecart_moyen|0|n|6"
 4:30:58 "HMT|B150B|regard|6|ecart_max|0|ecart_moyen|0|n|6"
 4:30:59 "HMT|B150B|regard|6|ecart_max|0|ecart_moyen|0|n|6"
 4:31:00 "HMT|B150B|regard|6|ecart_max|0|ecart_moyen|0|n|6"
 4:31:01 "HMT|B150B|regard|6|ecart_max|0|ecart_moyen|0|n|6"
 4:31:02 "HMT|B150B|regard|6|ecart_max|0|ecart_moyen|0|n|6"
 4:31:03 "HMT|B150B|regard|6|ecart_max|0|ecart_moyen|0|n|6"
 4:31:04 "HMT|B150B|regard|6|ecart_max|0|ecart_moyen|0|n|6"
 4:31:05 "HMT|B150B|regard|6|ecart_max|0|ecart_moyen|0|n|6"
 4:31:06 "HMT|B150B|regard|6|ecart_max|0|ecart_moyen|0|n|6"
 4:31:07 "HMT|B150B|regard|6|ecart_max|0|ecart_moyen|0|n|6"
 4:31:08 "HMT|B150B|regard|6|ecart_max|0|ecart_moyen|0|n|6"
 4:31:09 "HMT|B150B|regard|6|ecart_max|0|ecart_moyen|0|n|6"
 4:31:10 "HMT|B150B|regard|6|ecart_max|0|ecart_moyen|0|n|6"
 4:31:11 "HMT|B150B|regard|6|ecart_max|0|ecart_moyen|0|n|6"
 4:31:12 "HMT|B150B|regard|6|ecart_max|0|ecart_moyen|0|n|6"
 4:31:13 "HMT|B150B|regard|6|ecart_max|0|ecart_moyen|0|n|6"
 4:31:14 "HMT|B150B|regard|6|ecart_max|0|ecart_moyen|0|n|6"
 4:31:15 "HMT|B150B|regard|6|ecart_max|0|ecart_moyen|0|n|6"
 4:31:16 "HMT|B150B|regard|6|ecart_max|0|ecart_moyen|0|n|6"
 4:31:17 "HMT|B150B|regard|6|ecart_max|0|ecart_moyen|0|n|6"
 4:31:18 "HMT|B150B|regard|6|ecart_max|0|ecart_moyen|0|n|6"
 4:31:19 "HMT|B150B|regard|6|ecart_max|0|ecart_moyen|0|n|6"
 4:31:20 "HMT|B150B|regard|6|ecart_max|0|ecart_moyen|0|n|6"
 4:31:21 "HMT|B150B|essai|6|agent|know|4|reste|38|jalons|[1,1,0,0]|points|29|couche|0"
 4:31:21 "HMT|B150B|regard|6|ecart_max|0|ecart_moyen|0|n|6"
 4:31:22 "HMT|B150B|regard|6|ecart_max|0|ecart_moyen|0|n|6"
 4:31:23 "HMT|B150B|regard|6|ecart_max|0|ecart_moyen|0|n|6"
 4:31:24 "HMT|B150B|regard|6|ecart_max|0|ecart_moyen|0|n|6"
 4:31:25 "HMT|B150B|regard|6|ecart_max|0|ecart_moyen|0|n|6"
 4:31:26 "HMT|B150B|regard|6|ecart_max|0|ecart_moyen|0|n|6"
 4:31:27 "HMT|B150B|regard|6|ecart_max|0|ecart_moyen|0|n|6"
 4:31:28 "HMT|B150B|regard|6|ecart_max|0|ecart_moyen|0|n|6"
 4:31:29 "HMT|B150B|regard|6|ecart_max|0|ecart_moyen|0|n|6"
 4:31:30 "HMT|B150B|regard|6|ecart_max|0|ecart_moyen|0|n|6"
 4:31:31 "HMT|B150B|regard|6|ecart_max|0|ecart_moyen|0|n|6"
 4:31:32 "HMT|B150B|regard|6|ecart_max|0|ecart_moyen|0|n|6"
 4:31:33 "HMT|B150B|regard|6|ecart_max|0|ecart_moyen|0|n|6"
 4:31:34 "HMT|B150B|regard|6|ecart_max|0|ecart_moyen|0|n|6"
 4:31:35 "HMT|B150B|regard|6|ecart_max|0|ecart_moyen|0|n|6"
 4:31:36 "HMT|B150B|regard|6|ecart_max|0|ecart_moyen|0|n|6"
 4:31:37 "HMT|B150B|regard|6|ecart_max|0|ecart_moyen|0|n|6"
 4:31:38 "HMT|B150B|regard|6|ecart_max|0|ecart_moyen|0|n|6"
 4:31:39 "HMT|B150B|regard|6|ecart_max|0|ecart_moyen|0|n|6"
 4:31:40 "HMT|B150B|regard|6|ecart_max|0|ecart_moyen|0|n|6"
 4:31:41 "HMT|B150B|regard|6|ecart_max|0|ecart_moyen|0|n|6"
 4:31:42 "HMT|B150B|regard|6|ecart_max|0|ecart_moyen|0|n|6"
 4:31:43 "HMT|B150B|regard|6|ecart_max|0|ecart_moyen|0|n|6"
 4:31:44 "HMT|B150B|regard|6|ecart_max|0|ecart_moyen|0|n|6"
 4:31:46 "HMT|B150B|regard|6|ecart_max|0|ecart_moyen|0|n|6"
 4:31:47 "HMT|B150B|regard|6|ecart_max|0|ecart_moyen|0|n|6"
 4:31:48 "HMT|B150B|regard|6|ecart_max|0|ecart_moyen|0|n|6"
 4:31:49 "HMT|B150B|regard|6|ecart_max|0|ecart_moyen|0|n|6"
 4:31:50 "HMT|B150B|regard|6|ecart_max|0|ecart_moyen|0|n|6"
 4:31:51 "HMT|B150B|regard|6|ecart_max|0|ecart_moyen|0|n|6"
 4:31:52 "HMT|B150B|regard|6|ecart_max|0|ecart_moyen|0|n|6"
 4:31:53 "HMT|B150B|regard|6|ecart_max|0|ecart_moyen|0|n|6"
 4:31:54 "HMT|B150B|regard|6|ecart_max|0|ecart_moyen|0|n|6"
 4:31:55 "HMT|B150B|regard|6|ecart_max|0|ecart_moyen|0|n|6"
 4:31:56 "HMT|B150B|regard|6|ecart_max|0|ecart_moyen|0|n|6"
 4:31:57 "HMT|B150B|regard|6|ecart_max|0|ecart_moyen|0|n|6"
 4:31:58 "HMT|B150B|regard|6|ecart_max|0|ecart_moyen|0|n|6"
 4:31:59 "HMT|B150B|regard|6|ecart_max|0|ecart_moyen|0|n|6"
 4:32:00 "HMT|B150B|regard|6|ecart_max|0|ecart_moyen|0|n|6"
 4:32:01 "HMT|B150B|regard|6|ecart_max|0|ecart_moyen|0|n|6"
 4:32:02 "HMT|B150B|regard|6|ecart_max|0|ecart_moyen|0|n|6"
 4:32:02 "HMT|B150B|essai|6|droite|know|4|reste|40|jalons|[1,1,0,0]|points|29|couche|0"
 4:32:03 "HMT|B150B|regard|6|ecart_max|0|ecart_moyen|0|n|6"
 4:32:04 "HMT|B150B|regard|6|ecart_max|0|ecart_moyen|0|n|6"
 4:32:05 "HMT|B150B|regard|6|ecart_max|0|ecart_moyen|0|n|6"
 4:32:06 "HMT|B150B|regard|6|ecart_max|0|ecart_moyen|0|n|6"
 4:32:07 "HMT|B150B|regard|6|ecart_max|0|ecart_moyen|0|n|6"
 4:32:08 "HMT|B150B|regard|6|ecart_max|0|ecart_moyen|0|n|6"
 4:32:09 "HMT|B150B|regard|6|ecart_max|0|ecart_moyen|0|n|6"
 4:32:10 "HMT|B150B|regard|6|ecart_max|0|ecart_moyen|0|n|6"
 4:32:11 "HMT|B150B|regard|6|ecart_max|0|ecart_moyen|0|n|6"
 4:32:12 "HMT|B150B|regard|6|ecart_max|0|ecart_moyen|0|n|6"
 4:32:13 "HMT|B150B|regard|6|ecart_max|0|ecart_moyen|0|n|6"
 4:32:14 "HMT|B150B|regard|6|ecart_max|0|ecart_moyen|0|n|6"
 4:32:15 "HMT|B150B|regard|6|ecart_max|0|ecart_moyen|0|n|6"
 4:32:16 "HMT|B150B|regard|6|ecart_max|0|ecart_moyen|0|n|6"
 4:32:17 "HMT|B150B|regard|6|ecart_max|0|ecart_moyen|0|n|6"
 4:32:18 "HMT|B150B|regard|6|ecart_max|0|ecart_moyen|0|n|6"
 4:32:19 "HMT|B150B|regard|6|ecart_max|0|ecart_moyen|0|n|6"
 4:32:20 "HMT|B150B|regard|6|ecart_max|0|ecart_moyen|0|n|6"
 4:32:21 "HMT|B150B|regard|6|ecart_max|0|ecart_moyen|0|n|6"
 4:32:22 "HMT|B150B|regard|6|ecart_max|0|ecart_moyen|0|n|6"
 4:32:23 "HMT|B150B|regard|6|ecart_max|0|ecart_moyen|0|n|6"
 4:32:24 "HMT|B150B|regard|6|ecart_max|0|ecart_moyen|0|n|6"
 4:32:25 "HMT|B150B|regard|6|ecart_max|0|ecart_moyen|0|n|6"
 4:32:26 "HMT|B150B|regard|6|ecart_max|0|ecart_moyen|0|n|6"
 4:32:27 "HMT|B150B|regard|6|ecart_max|0|ecart_moyen|0|n|6"
 4:32:28 "HMT|B150B|regard|6|ecart_max|0|ecart_moyen|0|n|6"
 4:32:29 "HMT|B150B|regard|6|ecart_max|0|ecart_moyen|0|n|6"
 4:32:30 "HMT|B150B|regard|6|ecart_max|0|ecart_moyen|0|n|6"
 4:32:31 "HMT|B150B|regard|6|ecart_max|0|ecart_moyen|0|n|6"
 4:32:32 "HMT|B150B|regard|6|ecart_max|0|ecart_moyen|0|n|6"
 4:32:33 "HMT|B150B|regard|6|ecart_max|0|ecart_moyen|0|n|6"
 4:32:34 "HMT|B150B|regard|6|ecart_max|0|ecart_moyen|0|n|6"
 4:32:35 "HMT|B150B|regard|6|ecart_max|0|ecart_moyen|0|n|6"
 4:32:36 "HMT|B150B|regard|6|ecart_max|0|ecart_moyen|0|n|6"
 4:32:37 "HMT|B150B|regard|6|ecart_max|0|ecart_moyen|0|n|6"
 4:32:38 "HMT|B150B|regard|6|ecart_max|0|ecart_moyen|0|n|6"
 4:32:39 "HMT|B150B|regard|6|ecart_max|0|ecart_moyen|0|n|6"
 4:32:40 "HMT|B150B|regard|6|ecart_max|0|ecart_moyen|0|n|6"
 4:32:41 "HMT|B150B|regard|6|ecart_max|0|ecart_moyen|0|n|6"
 4:32:42 "HMT|B150B|regard|6|ecart_max|0|ecart_moyen|0|n|6"
 4:32:43 "HMT|B150B|essai|6|droite_bis|know|4|reste|40|jalons|[1,1,0,0]|points|29|couche|0"
 4:32:43 "HMT|B150B|regard|6|ecart_max|0|ecart_moyen|0|n|6"
 4:32:44 "HMT|B150B|regard|6|ecart_max|0|ecart_moyen|0|n|6"
 4:32:45 "HMT|B150B|regard|6|ecart_max|0|ecart_moyen|0|n|6"
 4:32:46 "HMT|B150B|regard|6|ecart_max|0|ecart_moyen|0|n|6"
 4:32:47 "HMT|B150B|regard|6|ecart_max|0|ecart_moyen|0|n|6"
 4:32:48 "HMT|B150B|regard|6|ecart_max|0|ecart_moyen|0|n|6"
 4:32:49 "HMT|B150B|regard|6|ecart_max|0|ecart_moyen|0|n|6"
 4:32:50 "HMT|B150B|regard|6|ecart_max|0|ecart_moyen|0|n|6"
 4:32:51 "HMT|B150B|regard|6|ecart_max|0|ecart_moyen|0|n|6"
 4:32:53 "HMT|B150B|regard|6|ecart_max|0|ecart_moyen|0|n|6"
 4:32:54 "HMT|B150B|regard|6|ecart_max|0|ecart_moyen|0|n|6"
 4:32:55 "HMT|B150B|regard|6|ecart_max|0|ecart_moyen|0|n|6"
 4:32:56 "HMT|B150B|regard|6|ecart_max|0|ecart_moyen|0|n|6"
 4:32:57 "HMT|B150B|regard|6|ecart_max|0|ecart_moyen|0|n|6"
 4:32:58 "HMT|B150B|regard|6|ecart_max|0|ecart_moyen|0|n|6"
 4:32:59 "HMT|B150B|regard|6|ecart_max|0|ecart_moyen|0|n|6"
 4:33:00 "HMT|B150B|regard|6|ecart_max|0|ecart_moyen|0|n|6"
 4:33:01 "HMT|B150B|regard|6|ecart_max|0|ecart_moyen|0|n|6"
 4:33:02 "HMT|B150B|regard|6|ecart_max|0|ecart_moyen|0|n|6"
 4:33:03 "HMT|B150B|regard|6|ecart_max|0|ecart_moyen|0|n|6"
 4:33:04 "HMT|B150B|regard|6|ecart_max|0|ecart_moyen|0|n|6"
 4:33:05 "HMT|B150B|regard|6|ecart_max|0|ecart_moyen|0|n|6"
 4:33:06 "HMT|B150B|regard|6|ecart_max|0|ecart_moyen|0|n|6"
 4:33:07 "HMT|B150B|regard|6|ecart_max|0|ecart_moyen|0|n|6"
 4:33:08 "HMT|B150B|regard|6|ecart_max|0|ecart_moyen|0|n|6"
 4:33:09 "HMT|B150B|regard|6|ecart_max|0|ecart_moyen|0|n|6"
 4:33:10 "HMT|B150B|regard|6|ecart_max|0|ecart_moyen|0|n|6"
 4:33:11 "HMT|B150B|regard|6|ecart_max|0|ecart_moyen|0|n|6"
 4:33:12 "HMT|B150B|regard|6|ecart_max|0|ecart_moyen|0|n|6"
 4:33:13 "HMT|B150B|regard|6|ecart_max|0|ecart_moyen|0|n|6"
 4:33:14 "HMT|B150B|regard|6|ecart_max|0|ecart_moyen|0|n|6"
 4:33:15 "HMT|B150B|regard|6|ecart_max|0|ecart_moyen|0|n|6"
 4:33:16 "HMT|B150B|regard|6|ecart_max|0|ecart_moyen|0|n|6"
 4:33:17 "HMT|B150B|regard|6|ecart_max|0|ecart_moyen|0|n|6"
 4:33:18 "HMT|B150B|regard|6|ecart_max|0|ecart_moyen|0|n|6"
 4:33:19 "HMT|B150B|regard|6|ecart_max|0|ecart_moyen|0|n|6"
 4:33:20 "HMT|B150B|regard|6|ecart_max|0|ecart_moyen|0|n|6"
 4:33:21 "HMT|B150B|regard|6|ecart_max|0|ecart_moyen|0|n|6"
 4:33:22 "HMT|B150B|regard|6|ecart_max|0|ecart_moyen|0|n|6"
 4:33:23 "HMT|B150B|regard|6|ecart_max|0|ecart_moyen|0|n|6"
 4:33:24 "HMT|B150B|regard|6|ecart_max|0|ecart_moyen|0|n|6"
 4:33:25 "HMT|B150B|regard|6|ecart_max|0|ecart_moyen|0|n|6"
 4:33:26 "HMT|B150B|regard|6|ecart_max|0|ecart_moyen|0|n|6"
 4:33:27 "HMT|B150B|regard|6|ecart_max|0|ecart_moyen|0|n|6"
 4:33:28 "HMT|B150B|regard|6|ecart_max|0|ecart_moyen|0|n|6"
 4:33:29 "HMT|B150B|regard|6|ecart_max|0|ecart_moyen|0|n|6"
 4:33:30 "HMT|B150B|regard|6|ecart_max|0|ecart_moyen|0|n|6"
 4:33:31 "HMT|B150B|regard|6|ecart_max|0|ecart_moyen|0|n|6"
 4:33:32 "HMT|B150B|regard|6|ecart_max|0|ecart_moyen|0|n|6"
 4:33:33 "HMT|B150B|regard|6|ecart_max|0|ecart_moyen|0|n|6"
 4:33:34 "HMT|B150B|regard|6|ecart_max|0|ecart_moyen|0|n|6"
 4:33:35 "HMT|B150B|regard|6|ecart_max|0|ecart_moyen|0|n|6"
 4:33:36 "HMT|B150B|regard|6|ecart_max|0|ecart_moyen|0|n|6"
 4:33:37 "HMT|B150B|regard|6|ecart_max|0|ecart_moyen|0|n|6"
 4:33:38 "HMT|B150B|regard|6|ecart_max|0|ecart_moyen|0|n|6"
 4:33:39 "HMT|B150B|regard|6|ecart_max|0|ecart_moyen|0|n|6"
 4:33:40 "HMT|B150B|regard|6|ecart_max|0|ecart_moyen|0|n|6"
 4:33:41 "HMT|B150B|regard|6|ecart_max|0|ecart_moyen|0|n|6"
 4:33:42 "HMT|B150B|regard|6|ecart_max|0|ecart_moyen|0|n|6"
 4:33:43 "HMT|B150B|regard|6|ecart_max|0|ecart_moyen|0|n|6"
 4:33:44 "HMT|B150B|regard|6|ecart_max|0|ecart_moyen|0|n|6"
 4:33:45 "HMT|B150B|regard|6|ecart_max|0|ecart_moyen|0|n|6"
 4:33:46 "HMT|B150B|regard|6|ecart_max|0|ecart_moyen|0|n|6"
 4:33:47 "HMT|B150B|regard|6|ecart_max|0|ecart_moyen|0|n|6"
 4:33:48 "HMT|B150B|regard|6|ecart_max|0|ecart_moyen|0|n|6"
 4:33:49 "HMT|B150B|regard|6|ecart_max|0|ecart_moyen|0|n|6"
 4:33:50 "HMT|B150B|regard|6|ecart_max|0|ecart_moyen|0|n|6"
 4:33:51 "HMT|B150B|regard|6|ecart_max|0|ecart_moyen|0|n|6"
 4:33:52 "HMT|B150B|regard|6|ecart_max|0|ecart_moyen|0|n|6"
 4:33:53 "HMT|B150B|regard|6|ecart_max|0|ecart_moyen|0|n|6"
 4:33:54 "HMT|B150B|regard|6|ecart_max|0|ecart_moyen|0|n|6"
 4:33:55 "HMT|B150B|regard|6|ecart_max|0|ecart_moyen|0|n|6"
 4:33:56 "HMT|B150B|regard|6|ecart_max|0|ecart_moyen|0|n|6"
 4:33:57 "HMT|B150B|regard|6|ecart_max|0|ecart_moyen|0|n|6"
 4:33:58 "HMT|B150B|regard|6|ecart_max|0|ecart_moyen|0|n|6"
 4:33:59 "HMT|B150B|regard|6|ecart_max|0|ecart_moyen|0|n|6"
 4:34:00 "HMT|B150B|regard|6|ecart_max|0|ecart_moyen|0|n|6"
 4:34:01 "HMT|B150B|regard|6|ecart_max|0|ecart_moyen|0|n|6"
 4:34:02 "HMT|B150B|regard|6|ecart_max|0|ecart_moyen|0|n|6"
 4:34:03 "HMT|B150B|regard|6|ecart_max|0|ecart_moyen|0|n|6"
 4:34:04 "HMT|B150B|regard|6|ecart_max|0|ecart_moyen|0|n|6"
 4:34:06 "HMT|B150B|regard|6|ecart_max|0|ecart_moyen|0|n|6"
 4:34:07 "HMT|B150B|regard|6|ecart_max|0|ecart_moyen|0|n|6"
 4:34:08 "HMT|B150B|regard|6|ecart_max|0|ecart_moyen|0|n|6"
 4:34:09 "HMT|B150B|regard|6|ecart_max|0|ecart_moyen|0|n|6"
 4:34:10 "HMT|B150B|regard|6|ecart_max|0|ecart_moyen|0|n|6"
 4:34:11 "HMT|B150B|regard|6|ecart_max|0|ecart_moyen|0|n|6"
 4:34:12 "HMT|B150B|regard|6|ecart_max|0|ecart_moyen|0|n|6"
 4:34:13 "HMT|B150B|regard|6|ecart_max|0|ecart_moyen|0|n|6"
 4:34:14 "HMT|B150B|regard|6|ecart_max|0|ecart_moyen|0|n|6"
 4:34:15 "HMT|B150B|regard|6|ecart_max|0|ecart_moyen|0|n|6"
 4:34:16 "HMT|B150B|regard|6|ecart_max|0|ecart_moyen|0|n|6"
 4:34:17 "HMT|B150B|regard|6|ecart_max|0|ecart_moyen|0|n|6"
 4:34:18 "HMT|B150B|regard|6|ecart_max|0|ecart_moyen|0|n|6"
 4:34:19 "HMT|B150B|regard|6|ecart_max|0|ecart_moyen|0|n|6"
 4:34:20 "HMT|B150B|regard|6|ecart_max|0|ecart_moyen|0|n|6"
 4:34:21 "HMT|B150B|regard|6|ecart_max|0|ecart_moyen|0|n|6"
 4:34:22 "HMT|B150B|regard|6|ecart_max|0|ecart_moyen|0|n|6"
 4:34:23 "HMT|B150B|regard|6|ecart_max|0|ecart_moyen|0|n|6"
 4:34:24 "HMT|B150B|regard|6|ecart_max|0|ecart_moyen|0|n|6"
 4:34:25 "HMT|B150B|regard|6|ecart_max|0|ecart_moyen|0|n|6"
 4:34:26 "HMT|B150B|regard|6|ecart_max|0|ecart_moyen|0|n|6"
 4:34:27 "HMT|B150B|regard|6|ecart_max|0|ecart_moyen|0|n|6"
 4:34:28 "HMT|B150B|regard|6|ecart_max|0|ecart_moyen|0|n|6"
 4:34:29 "HMT|B150B|regard|6|ecart_max|0|ecart_moyen|0|n|6"
 4:34:30 "HMT|B150B|regard|6|ecart_max|0|ecart_moyen|0|n|6"
 4:34:31 "HMT|B150B|regard|6|ecart_max|0|ecart_moyen|0|n|6"
 4:34:32 "HMT|B150B|regard|6|ecart_max|0|ecart_moyen|0|n|6"
 4:34:33 "HMT|B150B|regard|6|ecart_max|0|ecart_moyen|0|n|6"
 4:34:34 "HMT|B150B|regard|6|ecart_max|0|ecart_moyen|0|n|6"
 4:34:35 "HMT|B150B|regard|6|ecart_max|0|ecart_moyen|0|n|6"
 4:34:36 "HMT|B150B|regard|6|ecart_max|0|ecart_moyen|0|n|6"
 4:34:37 "HMT|B150B|regard|6|ecart_max|0|ecart_moyen|0|n|6"
 4:34:38 "HMT|B150B|regard|6|ecart_max|0|ecart_moyen|0|n|6"
 4:34:39 "HMT|B150B|regard|6|ecart_max|0|ecart_moyen|0|n|6"
 4:34:40 "HMT|B150B|regard|6|ecart_max|0|ecart_moyen|0|n|6"
 4:34:41 "HMT|B150B|regard|6|ecart_max|0|ecart_moyen|0|n|6"
 4:34:42 "HMT|B150B|regard|6|ecart_max|0|ecart_moyen|0|n|6"
 4:34:43 "HMT|B150B|regard|6|ecart_max|0|ecart_moyen|0|n|6"
 4:34:44 "HMT|B150B|regard|6|ecart_max|0|ecart_moyen|0|n|6"
 4:34:45 "HMT|B150B|regard|6|ecart_max|0|ecart_moyen|0|n|6"
 4:34:46 "HMT|B150B|regard|6|ecart_max|0|ecart_moyen|0|n|6"
 4:34:47 "HMT|B150B|regard|6|ecart_max|0|ecart_moyen|0|n|6"
 4:34:48 "HMT|B150B|regard|6|ecart_max|0|ecart_moyen|0|n|6"
 4:34:49 "HMT|B150B|regard|6|ecart_max|0|ecart_moyen|0|n|6"
 4:34:50 "HMT|B150B|regard|6|ecart_max|0|ecart_moyen|0|n|6"
 4:34:51 "HMT|B150B|regard|6|ecart_max|0|ecart_moyen|0|n|6"
 4:34:52 "HMT|B150B|regard|6|ecart_max|0|ecart_moyen|0|n|6"
 4:34:53 "HMT|B150B|regard|6|ecart_max|0|ecart_moyen|0|n|6"
 4:34:54 "HMT|B150B|regard|6|ecart_max|0|ecart_moyen|0|n|6"
 4:34:55 "HMT|B150B|regard|6|ecart_max|0|ecart_moyen|0|n|6"
 4:34:56 "HMT|B150B|regard|6|ecart_max|0|ecart_moyen|0|n|6"
 4:34:57 "HMT|B150B|regard|6|ecart_max|0|ecart_moyen|0|n|6"
 4:34:58 "HMT|B150B|regard|6|ecart_max|0|ecart_moyen|0|n|6"
 4:34:59 "HMT|B150B|regard|6|ecart_max|0|ecart_moyen|0|n|6"
 4:35:00 "HMT|B150B|regard|6|ecart_max|0|ecart_moyen|0|n|6"
 4:35:01 "HMT|B150B|regard|6|ecart_max|0|ecart_moyen|0|n|6"
 4:35:02 "HMT|B150B|regard|6|ecart_max|0|ecart_moyen|0|n|6"
 4:35:03 "HMT|B150B|regard|6|ecart_max|0|ecart_moyen|0|n|6"
 4:35:04 "HMT|B150B|regard|6|ecart_max|0|ecart_moyen|0|n|6"
 4:35:05 "HMT|B150B|regard|6|ecart_max|0|ecart_moyen|0|n|6"
 4:35:06 "HMT|B150B|regard|6|ecart_max|0|ecart_moyen|0|n|6"
 4:35:07 "HMT|B150B|regard|6|ecart_max|0|ecart_moyen|0|n|6"
 4:35:08 "HMT|B150B|regard|6|ecart_max|0|ecart_moyen|0|n|6"
 4:35:09 "HMT|B150B|regard|6|ecart_max|0|ecart_moyen|0|n|6"
 4:35:10 "HMT|B150B|regard|6|ecart_max|0|ecart_moyen|0|n|6"
 4:35:11 "HMT|B150B|regard|6|ecart_max|0|ecart_moyen|0|n|6"
 4:35:12 "HMT|B150B|regard|6|ecart_max|0|ecart_moyen|0|n|6"
 4:35:13 "HMT|B150B|regard|6|ecart_max|0|ecart_moyen|0|n|6"
 4:35:15 "HMT|B150B|regard|6|ecart_max|0|ecart_moyen|0|n|6"
 4:35:16 "HMT|B150B|regard|6|ecart_max|0|ecart_moyen|0|n|6"
 4:35:17 "HMT|B150B|regard|6|ecart_max|0|ecart_moyen|0|n|6"
 4:35:18 "HMT|B150B|regard|6|ecart_max|0|ecart_moyen|0|n|6"
 4:35:19 "HMT|B150B|regard|6|ecart_max|0|ecart_moyen|0|n|6"
 4:35:20 "HMT|B150B|regard|6|ecart_max|0|ecart_moyen|0|n|6"
 4:35:21 "HMT|B150B|regard|6|ecart_max|0|ecart_moyen|0|n|6"
 4:35:22 "HMT|B150B|regard|6|ecart_max|0|ecart_moyen|0|n|6"
 4:35:23 "HMT|B150B|regard|6|ecart_max|0|ecart_moyen|0|n|6"
 4:35:24 "HMT|B150B|regard|6|ecart_max|0|ecart_moyen|0|n|6"
 4:35:25 "HMT|B150B|regard|6|ecart_max|0|ecart_moyen|0|n|6"
 4:35:26 "HMT|B150B|regard|6|ecart_max|0|ecart_moyen|0|n|6"
 4:35:27 "HMT|B150B|regard|6|ecart_max|0|ecart_moyen|0|n|6"
 4:35:27 "HMT|B150B|essai|6|oracle|know|4|reste|40|jalons|[0,0,0,0]|points|130|couche|0"
 4:35:28 "HMT|B150B|regard|6|ecart_max|0|ecart_moyen|0|n|6"
 4:35:29 "HMT|B150B|regard|6|ecart_max|0|ecart_moyen|0|n|6"
 4:35:30 "HMT|B150B|regard|6|ecart_max|0|ecart_moyen|0|n|6"
 4:35:31 "HMT|B150B|regard|6|ecart_max|0|ecart_moyen|0|n|6"
 4:35:32 "HMT|B150B|regard|6|ecart_max|0|ecart_moyen|0|n|6"
 4:35:33 "HMT|B150B|regard|6|ecart_max|0|ecart_moyen|0|n|6"
 4:35:34 "HMT|B150B|regard|6|ecart_max|0|ecart_moyen|0|n|6"
 4:35:35 "HMT|B150B|regard|6|ecart_max|0|ecart_moyen|0|n|6"
 4:35:36 "HMT|B150B|regard|6|ecart_max|0|ecart_moyen|0|n|6"
 4:35:37 "HMT|B150B|regard|6|ecart_max|0|ecart_moyen|0|n|6"
 4:35:38 "HMT|B150B|regard|6|ecart_max|0|ecart_moyen|0|n|6"
 4:35:39 "HMT|B150B|regard|6|ecart_max|0|ecart_moyen|0|n|6"
 4:35:40 "HMT|B150B|regard|6|ecart_max|0|ecart_moyen|0|n|6"
 4:35:41 "HMT|B150B|regard|6|ecart_max|0|ecart_moyen|0|n|6"
 4:35:42 "HMT|B150B|regard|6|ecart_max|0|ecart_moyen|0|n|6"
 4:35:43 "HMT|B150B|regard|6|ecart_max|0|ecart_moyen|0|n|6"
 4:35:44 "HMT|B150B|regard|6|ecart_max|0|ecart_moyen|0|n|6"
 4:35:45 "HMT|B150B|regard|6|ecart_max|0|ecart_moyen|0|n|6"
 4:35:46 "HMT|B150B|regard|6|ecart_max|0|ecart_moyen|0|n|6"
 4:35:47 "HMT|B150B|regard|6|ecart_max|0|ecart_moyen|0|n|6"
 4:35:48 "HMT|B150B|regard|6|ecart_max|0|ecart_moyen|0|n|6"
 4:35:49 "HMT|B150B|regard|6|ecart_max|0|ecart_moyen|0|n|6"
 4:35:50 "HMT|B150B|regard|6|ecart_max|0|ecart_moyen|0|n|6"
 4:35:51 "HMT|B150B|regard|6|ecart_max|0|ecart_moyen|0|n|6"
 4:35:52 "HMT|B150B|regard|6|ecart_max|0|ecart_moyen|0|n|6"
 4:35:53 "HMT|B150B|regard|6|ecart_max|0|ecart_moyen|0|n|6"
 4:35:54 "HMT|B150B|regard|6|ecart_max|0|ecart_moyen|0|n|6"
 4:35:55 "HMT|B150B|regard|6|ecart_max|0|ecart_moyen|0|n|6"
 4:35:56 "HMT|B150B|regard|6|ecart_max|0|ecart_moyen|0|n|6"
 4:35:57 "HMT|B150B|regard|6|ecart_max|0|ecart_moyen|0|n|6"
 4:35:58 "HMT|B150B|regard|6|ecart_max|0|ecart_moyen|0|n|6"
 4:35:59 "HMT|B150B|regard|6|ecart_max|0|ecart_moyen|0|n|6"
 4:36:00 "HMT|B150B|regard|6|ecart_max|0|ecart_moyen|0|n|6"
 4:36:01 "HMT|B150B|regard|6|ecart_max|0|ecart_moyen|0|n|6"
 4:36:02 "HMT|B150B|regard|6|ecart_max|0|ecart_moyen|0|n|6"
 4:36:03 "HMT|B150B|regard|6|ecart_max|0|ecart_moyen|0|n|6"
 4:36:04 "HMT|B150B|regard|6|ecart_max|0|ecart_moyen|0|n|6"
 4:36:05 "HMT|B150B|regard|6|ecart_max|0|ecart_moyen|0|n|6"
 4:36:06 "HMT|B150B|regard|6|ecart_max|0|ecart_moyen|0|n|6"
 4:36:07 "HMT|B150B|regard|6|ecart_max|0|ecart_moyen|0|n|6"
 4:36:08 "HMT|B150B|essai|6|oracle_libre|know|3.14|reste|40|jalons|[1,1,1,0]|points|29|couche|0"
 4:36:08 "HMT|B150B|regard|6|ecart_max|0|ecart_moyen|0|n|6"
 4:36:09 "HMT|B150B|regard|6|ecart_max|0|ecart_moyen|0|n|6"
 4:36:10 "HMT|B150B|regard|6|ecart_max|0|ecart_moyen|0|n|6"
 4:36:11 "HMT|B150B|regard|6|ecart_max|0|ecart_moyen|0|n|6"
 4:36:15 "HMT|B150B|regard|7|ecart_max|0|ecart_moyen|0|n|8"
 4:36:16 "HMT|B150B|regard|7|ecart_max|0|ecart_moyen|0|n|8"
 4:36:17 "HMT|B150B|regard|7|ecart_max|0|ecart_moyen|0|n|8"
 4:36:18 "HMT|B150B|regard|7|ecart_max|0|ecart_moyen|0|n|8"
 4:36:19 "HMT|B150B|config|7|defenseurs|8|derive_max|0.9|caps|[71,60,71,71,116,71,73,129]"
 4:36:19 "HMT|B150B|regard|7|ecart_max|0|ecart_moyen|0|n|8"
 4:36:20 "HMT|B150B|regard|7|ecart_max|0|ecart_moyen|0|n|8"
 4:36:21 "HMT|B150B|regard|7|ecart_max|0|ecart_moyen|0|n|8"
 4:36:22 "HMT|B150B|regard|7|ecart_max|0|ecart_moyen|0|n|8"
 4:36:23 "HMT|B150B|regard|7|ecart_max|0|ecart_moyen|0|n|8"
 4:36:24 "HMT|B150B|regard|7|ecart_max|0|ecart_moyen|0|n|8"
 4:36:26 "HMT|B150B|regard|7|ecart_max|0|ecart_moyen|0|n|8"
 4:36:27 "HMT|B150B|regard|7|ecart_max|0|ecart_moyen|0|n|8"
 4:36:28 "HMT|B150B|regard|7|ecart_max|0|ecart_moyen|0|n|8"
 4:36:29 "HMT|B150B|regard|7|ecart_max|0|ecart_moyen|0|n|8"
 4:36:30 "HMT|B150B|regard|7|ecart_max|0|ecart_moyen|0|n|8"
 4:36:31 "HMT|B150B|regard|7|ecart_max|0|ecart_moyen|0|n|8"
 4:36:32 "HMT|B150B|regard|7|ecart_max|0|ecart_moyen|0|n|8"
 4:36:33 "HMT|B150B|regard|7|ecart_max|0|ecart_moyen|0|n|8"
 4:36:34 "HMT|B150B|regard|7|ecart_max|0|ecart_moyen|0|n|8"
 4:36:35 "HMT|B150B|regard|7|ecart_max|0|ecart_moyen|0|n|8"
 4:36:36 "HMT|B150B|regard|7|ecart_max|0|ecart_moyen|0|n|8"
 4:36:37 "HMT|B150B|regard|7|ecart_max|0|ecart_moyen|0|n|8"
 4:36:38 "HMT|B150B|regard|7|ecart_max|0|ecart_moyen|0|n|8"
 4:36:39 "HMT|B150B|regard|7|ecart_max|0|ecart_moyen|0|n|8"
 4:36:40 "HMT|B150B|regard|7|ecart_max|0|ecart_moyen|0|n|8"
 4:36:41 "HMT|B150B|regard|7|ecart_max|0|ecart_moyen|0|n|8"
 4:36:42 "HMT|B150B|regard|7|ecart_max|0|ecart_moyen|0|n|8"
 4:36:43 "HMT|B150B|regard|7|ecart_max|0|ecart_moyen|0|n|8"
 4:36:44 "HMT|B150B|regard|7|ecart_max|0|ecart_moyen|0|n|8"
 4:36:45 "HMT|B150B|regard|7|ecart_max|0|ecart_moyen|0|n|8"
 4:36:46 "HMT|B150B|regard|7|ecart_max|0|ecart_moyen|0|n|8"
 4:36:47 "HMT|B150B|regard|7|ecart_max|0|ecart_moyen|0|n|8"
 4:36:48 "HMT|B150B|regard|7|ecart_max|0|ecart_moyen|0|n|8"
 4:36:49 "HMT|B150B|regard|7|ecart_max|0|ecart_moyen|0|n|8"
 4:36:50 "HMT|B150B|regard|7|ecart_max|0|ecart_moyen|0|n|8"
 4:36:51 "HMT|B150B|regard|7|ecart_max|0|ecart_moyen|0|n|8"
 4:36:52 "HMT|B150B|regard|7|ecart_max|0|ecart_moyen|0|n|8"
 4:36:53 "HMT|B150B|regard|7|ecart_max|0|ecart_moyen|0|n|8"
 4:36:54 "HMT|B150B|regard|7|ecart_max|0|ecart_moyen|0|n|8"
 4:36:55 "HMT|B150B|regard|7|ecart_max|0|ecart_moyen|0|n|8"
 4:36:56 "HMT|B150B|regard|7|ecart_max|0|ecart_moyen|0|n|8"
 4:36:57 "HMT|B150B|essai|7|agent|know|4|reste|38|jalons|[1,1,0,0]|points|29|couche|0"
 4:36:57 "HMT|B150B|regard|7|ecart_max|0|ecart_moyen|0|n|8"
 4:36:58 "HMT|B150B|regard|7|ecart_max|0|ecart_moyen|0|n|8"
 4:36:59 "HMT|B150B|regard|7|ecart_max|0|ecart_moyen|0|n|8"
 4:37:00 "HMT|B150B|regard|7|ecart_max|0|ecart_moyen|0|n|8"
 4:37:01 "HMT|B150B|regard|7|ecart_max|0|ecart_moyen|0|n|8"
 4:37:02 "HMT|B150B|regard|7|ecart_max|0|ecart_moyen|0|n|8"
 4:37:03 "HMT|B150B|regard|7|ecart_max|0|ecart_moyen|0|n|8"
 4:37:04 "HMT|B150B|regard|7|ecart_max|0|ecart_moyen|0|n|8"
 4:37:05 "HMT|B150B|regard|7|ecart_max|0|ecart_moyen|0|n|8"
 4:37:06 "HMT|B150B|regard|7|ecart_max|0|ecart_moyen|0|n|8"
 4:37:07 "HMT|B150B|regard|7|ecart_max|0|ecart_moyen|0|n|8"
 4:37:08 "HMT|B150B|regard|7|ecart_max|0|ecart_moyen|0|n|8"
 4:37:09 "HMT|B150B|regard|7|ecart_max|0|ecart_moyen|0|n|8"
 4:37:10 "HMT|B150B|regard|7|ecart_max|0|ecart_moyen|0|n|8"
 4:37:11 "HMT|B150B|regard|7|ecart_max|0|ecart_moyen|0|n|8"
 4:37:12 "HMT|B150B|regard|7|ecart_max|0|ecart_moyen|0|n|8"
 4:37:13 "HMT|B150B|regard|7|ecart_max|0|ecart_moyen|0|n|8"
 4:37:14 "HMT|B150B|regard|7|ecart_max|0|ecart_moyen|0|n|8"
 4:37:15 "HMT|B150B|regard|7|ecart_max|0|ecart_moyen|0|n|8"
 4:37:16 "HMT|B150B|regard|7|ecart_max|0|ecart_moyen|0|n|8"
 4:37:17 "HMT|B150B|regard|7|ecart_max|0|ecart_moyen|0|n|8"
 4:37:18 "HMT|B150B|regard|7|ecart_max|0|ecart_moyen|0|n|8"
 4:37:19 "HMT|B150B|regard|7|ecart_max|0|ecart_moyen|0|n|8"
 4:37:20 "HMT|B150B|regard|7|ecart_max|0|ecart_moyen|0|n|8"
 4:37:21 "HMT|B150B|regard|7|ecart_max|0|ecart_moyen|0|n|8"
 4:37:22 "HMT|B150B|regard|7|ecart_max|0|ecart_moyen|0|n|8"
 4:37:23 "HMT|B150B|regard|7|ecart_max|0|ecart_moyen|0|n|8"
 4:37:24 "HMT|B150B|regard|7|ecart_max|0|ecart_moyen|0|n|8"
 4:37:25 "HMT|B150B|regard|7|ecart_max|0|ecart_moyen|0|n|8"
 4:37:26 "HMT|B150B|regard|7|ecart_max|0|ecart_moyen|0|n|8"
 4:37:27 "HMT|B150B|regard|7|ecart_max|0|ecart_moyen|0|n|8"
 4:37:28 "HMT|B150B|regard|7|ecart_max|0|ecart_moyen|0|n|8"
 4:37:29 "HMT|B150B|regard|7|ecart_max|0|ecart_moyen|0|n|8"
 4:37:30 "HMT|B150B|regard|7|ecart_max|0|ecart_moyen|0|n|8"
 4:37:31 "HMT|B150B|regard|7|ecart_max|0|ecart_moyen|0|n|8"
 4:37:32 "HMT|B150B|regard|7|ecart_max|0|ecart_moyen|0|n|8"
 4:37:33 "HMT|B150B|regard|7|ecart_max|0|ecart_moyen|0|n|8"
 4:37:34 "HMT|B150B|regard|7|ecart_max|0|ecart_moyen|0|n|8"
 4:37:36 "HMT|B150B|regard|7|ecart_max|0|ecart_moyen|0|n|8"
 4:37:37 "HMT|B150B|regard|7|ecart_max|0|ecart_moyen|0|n|8"
 4:37:38 "HMT|B150B|regard|7|ecart_max|0|ecart_moyen|0|n|8"
 4:37:38 "HMT|B150B|essai|7|droite|know|4|reste|40|jalons|[1,1,0,0]|points|29|couche|0"
 4:37:39 "HMT|B150B|regard|7|ecart_max|0|ecart_moyen|0|n|8"
 4:37:40 "HMT|B150B|regard|7|ecart_max|0|ecart_moyen|0|n|8"
 4:37:41 "HMT|B150B|regard|7|ecart_max|0|ecart_moyen|0|n|8"
 4:37:42 "HMT|B150B|regard|7|ecart_max|0|ecart_moyen|0|n|8"
 4:37:43 "HMT|B150B|regard|7|ecart_max|0|ecart_moyen|0|n|8"
 4:37:44 "HMT|B150B|regard|7|ecart_max|0|ecart_moyen|0|n|8"
 4:37:45 "HMT|B150B|regard|7|ecart_max|0|ecart_moyen|0|n|8"
 4:37:46 "HMT|B150B|regard|7|ecart_max|0|ecart_moyen|0|n|8"
 4:37:47 "HMT|B150B|regard|7|ecart_max|0|ecart_moyen|0|n|8"
 4:37:48 "HMT|B150B|regard|7|ecart_max|0|ecart_moyen|0|n|8"
 4:37:49 "HMT|B150B|regard|7|ecart_max|0|ecart_moyen|0|n|8"
 4:37:50 "HMT|B150B|regard|7|ecart_max|0|ecart_moyen|0|n|8"
 4:37:51 "HMT|B150B|regard|7|ecart_max|0|ecart_moyen|0|n|8"
 4:37:52 "HMT|B150B|regard|7|ecart_max|0|ecart_moyen|0|n|8"
 4:37:53 "HMT|B150B|regard|7|ecart_max|0|ecart_moyen|0|n|8"
 4:37:54 "HMT|B150B|regard|7|ecart_max|0|ecart_moyen|0|n|8"
 4:37:55 "HMT|B150B|regard|7|ecart_max|0|ecart_moyen|0|n|8"
 4:37:56 "HMT|B150B|regard|7|ecart_max|0|ecart_moyen|0|n|8"
 4:37:57 "HMT|B150B|regard|7|ecart_max|0|ecart_moyen|0|n|8"
 4:37:58 "HMT|B150B|regard|7|ecart_max|0|ecart_moyen|0|n|8"
 4:37:59 "HMT|B150B|regard|7|ecart_max|0|ecart_moyen|0|n|8"
 4:38:00 "HMT|B150B|regard|7|ecart_max|0|ecart_moyen|0|n|8"
 4:38:01 "HMT|B150B|regard|7|ecart_max|0|ecart_moyen|0|n|8"
 4:38:02 "HMT|B150B|regard|7|ecart_max|0|ecart_moyen|0|n|8"
 4:38:03 "HMT|B150B|regard|7|ecart_max|0|ecart_moyen|0|n|8"
 4:38:04 "HMT|B150B|regard|7|ecart_max|0|ecart_moyen|0|n|8"
 4:38:05 "HMT|B150B|regard|7|ecart_max|0|ecart_moyen|0|n|8"
 4:38:06 "HMT|B150B|regard|7|ecart_max|0|ecart_moyen|0|n|8"
 4:38:07 "HMT|B150B|regard|7|ecart_max|0|ecart_moyen|0|n|8"
 4:38:08 "HMT|B150B|regard|7|ecart_max|0|ecart_moyen|0|n|8"
 4:38:09 "HMT|B150B|regard|7|ecart_max|0|ecart_moyen|0|n|8"
 4:38:10 "HMT|B150B|regard|7|ecart_max|0|ecart_moyen|0|n|8"
 4:38:11 "HMT|B150B|regard|7|ecart_max|0|ecart_moyen|0|n|8"
 4:38:12 "HMT|B150B|regard|7|ecart_max|0|ecart_moyen|0|n|8"
 4:38:13 "HMT|B150B|regard|7|ecart_max|0|ecart_moyen|0|n|8"
 4:38:14 "HMT|B150B|regard|7|ecart_max|0|ecart_moyen|0|n|8"
 4:38:15 "HMT|B150B|regard|7|ecart_max|0|ecart_moyen|0|n|8"
 4:38:16 "HMT|B150B|regard|7|ecart_max|0|ecart_moyen|0|n|8"
 4:38:17 "HMT|B150B|regard|7|ecart_max|0|ecart_moyen|0|n|8"
 4:38:18 "HMT|B150B|regard|7|ecart_max|0|ecart_moyen|0|n|8"
 4:38:19 "HMT|B150B|essai|7|droite_bis|know|4|reste|40|jalons|[1,1,0,0]|points|29|couche|0"
 4:38:19 "HMT|B150B|regard|7|ecart_max|0|ecart_moyen|0|n|8"
 4:38:20 "HMT|B150B|regard|7|ecart_max|0|ecart_moyen|0|n|8"
 4:38:21 "HMT|B150B|regard|7|ecart_max|0|ecart_moyen|0|n|8"
 4:38:22 "HMT|B150B|regard|7|ecart_max|0|ecart_moyen|0|n|8"
 4:38:23 "HMT|B150B|regard|7|ecart_max|0|ecart_moyen|0|n|8"
 4:38:24 "HMT|B150B|regard|7|ecart_max|0|ecart_moyen|0|n|8"
 4:38:25 "HMT|B150B|regard|7|ecart_max|0|ecart_moyen|0|n|8"
 4:38:26 "HMT|B150B|regard|7|ecart_max|0|ecart_moyen|0|n|8"
 4:38:27 "HMT|B150B|regard|7|ecart_max|0|ecart_moyen|0|n|8"
 4:38:28 "HMT|B150B|regard|7|ecart_max|0|ecart_moyen|0|n|8"
 4:38:29 "HMT|B150B|regard|7|ecart_max|0|ecart_moyen|0|n|8"
 4:38:30 "HMT|B150B|regard|7|ecart_max|0|ecart_moyen|0|n|8"
 4:38:31 "HMT|B150B|regard|7|ecart_max|0|ecart_moyen|0|n|8"
 4:38:32 "HMT|B150B|regard|7|ecart_max|0|ecart_moyen|0|n|8"
 4:38:33 "HMT|B150B|regard|7|ecart_max|0|ecart_moyen|0|n|8"
 4:38:34 "HMT|B150B|regard|7|ecart_max|0|ecart_moyen|0|n|8"
 4:38:35 "HMT|B150B|regard|7|ecart_max|0|ecart_moyen|0|n|8"
 4:38:36 "HMT|B150B|regard|7|ecart_max|0|ecart_moyen|0|n|8"
 4:38:37 "HMT|B150B|regard|7|ecart_max|0|ecart_moyen|0|n|8"
 4:38:38 "HMT|B150B|regard|7|ecart_max|0|ecart_moyen|0|n|8"
 4:38:39 "HMT|B150B|regard|7|ecart_max|0|ecart_moyen|0|n|8"
 4:38:40 "HMT|B150B|regard|7|ecart_max|0|ecart_moyen|0|n|8"
 4:38:41 "HMT|B150B|regard|7|ecart_max|0|ecart_moyen|0|n|8"
 4:38:42 "HMT|B150B|regard|7|ecart_max|0|ecart_moyen|0|n|8"
 4:38:43 "HMT|B150B|regard|7|ecart_max|0|ecart_moyen|0|n|8"
 4:38:45 "HMT|B150B|regard|7|ecart_max|0|ecart_moyen|0|n|8"
 4:38:46 "HMT|B150B|regard|7|ecart_max|0|ecart_moyen|0|n|8"
 4:38:47 "HMT|B150B|regard|7|ecart_max|0|ecart_moyen|0|n|8"
 4:38:48 "HMT|B150B|regard|7|ecart_max|0|ecart_moyen|0|n|8"
 4:38:49 "HMT|B150B|regard|7|ecart_max|0|ecart_moyen|0|n|8"
 4:38:50 "HMT|B150B|regard|7|ecart_max|0|ecart_moyen|0|n|8"
 4:38:51 "HMT|B150B|regard|7|ecart_max|0|ecart_moyen|0|n|8"
 4:38:52 "HMT|B150B|regard|7|ecart_max|0|ecart_moyen|0|n|8"
 4:38:53 "HMT|B150B|regard|7|ecart_max|0|ecart_moyen|0|n|8"
 4:38:54 "HMT|B150B|regard|7|ecart_max|0|ecart_moyen|0|n|8"
 4:38:55 "HMT|B150B|regard|7|ecart_max|0|ecart_moyen|0|n|8"
 4:38:56 "HMT|B150B|regard|7|ecart_max|0|ecart_moyen|0|n|8"
 4:38:57 "HMT|B150B|regard|7|ecart_max|0|ecart_moyen|0|n|8"
 4:38:58 "HMT|B150B|regard|7|ecart_max|0|ecart_moyen|0|n|8"
 4:38:59 "HMT|B150B|regard|7|ecart_max|0|ecart_moyen|0|n|8"
 4:39:00 "HMT|B150B|regard|7|ecart_max|0|ecart_moyen|0|n|8"
 4:39:01 "HMT|B150B|regard|7|ecart_max|0|ecart_moyen|0|n|8"
 4:39:02 "HMT|B150B|regard|7|ecart_max|0|ecart_moyen|0|n|8"
 4:39:03 "HMT|B150B|regard|7|ecart_max|0|ecart_moyen|0|n|8"
 4:39:04 "HMT|B150B|regard|7|ecart_max|0|ecart_moyen|0|n|8"
 4:39:05 "HMT|B150B|regard|7|ecart_max|0|ecart_moyen|0|n|8"
 4:39:06 "HMT|B150B|regard|7|ecart_max|0|ecart_moyen|0|n|8"
 4:39:07 "HMT|B150B|regard|7|ecart_max|0|ecart_moyen|0|n|8"
 4:39:08 "HMT|B150B|regard|7|ecart_max|0|ecart_moyen|0|n|8"
 4:39:09 "HMT|B150B|regard|7|ecart_max|0|ecart_moyen|0|n|8"
 4:39:10 "HMT|B150B|regard|7|ecart_max|0|ecart_moyen|0|n|8"
 4:39:11 "HMT|B150B|regard|7|ecart_max|0|ecart_moyen|0|n|8"
 4:39:12 "HMT|B150B|regard|7|ecart_max|0|ecart_moyen|0|n|8"
 4:39:13 "HMT|B150B|regard|7|ecart_max|0|ecart_moyen|0|n|8"
 4:39:14 "HMT|B150B|regard|7|ecart_max|0|ecart_moyen|0|n|8"
 4:39:15 "HMT|B150B|regard|7|ecart_max|0|ecart_moyen|0|n|8"
 4:39:16 "HMT|B150B|regard|7|ecart_max|0|ecart_moyen|0|n|8"
 4:39:17 "HMT|B150B|regard|7|ecart_max|0|ecart_moyen|0|n|8"
 4:39:18 "HMT|B150B|regard|7|ecart_max|0|ecart_moyen|0|n|8"
 4:39:19 "HMT|B150B|regard|7|ecart_max|0|ecart_moyen|0|n|8"
 4:39:20 "HMT|B150B|regard|7|ecart_max|0|ecart_moyen|0|n|8"
 4:39:21 "HMT|B150B|regard|7|ecart_max|0|ecart_moyen|0|n|8"
 4:39:22 "HMT|B150B|regard|7|ecart_max|0|ecart_moyen|0|n|8"
 4:39:23 "HMT|B150B|regard|7|ecart_max|0|ecart_moyen|0|n|8"
 4:39:24 "HMT|B150B|regard|7|ecart_max|0|ecart_moyen|0|n|8"
 4:39:25 "HMT|B150B|regard|7|ecart_max|0|ecart_moyen|0|n|8"
 4:39:26 "HMT|B150B|regard|7|ecart_max|0|ecart_moyen|0|n|8"
 4:39:27 "HMT|B150B|regard|7|ecart_max|0|ecart_moyen|0|n|8"
 4:39:28 "HMT|B150B|regard|7|ecart_max|0|ecart_moyen|0|n|8"
 4:39:29 "HMT|B150B|regard|7|ecart_max|0|ecart_moyen|0|n|8"
 4:39:30 "HMT|B150B|regard|7|ecart_max|0|ecart_moyen|0|n|8"
 4:39:31 "HMT|B150B|regard|7|ecart_max|0|ecart_moyen|0|n|8"
 4:39:32 "HMT|B150B|regard|7|ecart_max|0|ecart_moyen|0|n|8"
 4:39:33 "HMT|B150B|regard|7|ecart_max|0|ecart_moyen|0|n|8"
 4:39:34 "HMT|B150B|regard|7|ecart_max|0|ecart_moyen|0|n|8"
 4:39:35 "HMT|B150B|regard|7|ecart_max|0|ecart_moyen|0|n|8"
 4:39:36 "HMT|B150B|regard|7|ecart_max|0|ecart_moyen|0|n|8"
 4:39:37 "HMT|B150B|regard|7|ecart_max|0|ecart_moyen|0|n|8"
 4:39:38 "HMT|B150B|regard|7|ecart_max|0|ecart_moyen|0|n|8"
 4:39:39 "HMT|B150B|regard|7|ecart_max|0|ecart_moyen|0|n|8"
 4:39:40 "HMT|B150B|regard|7|ecart_max|0|ecart_moyen|0|n|8"
 4:39:41 "HMT|B150B|regard|7|ecart_max|0|ecart_moyen|0|n|8"
 4:39:42 "HMT|B150B|regard|7|ecart_max|0|ecart_moyen|0|n|8"
 4:39:43 "HMT|B150B|regard|7|ecart_max|0|ecart_moyen|0|n|8"
 4:39:44 "HMT|B150B|regard|7|ecart_max|0|ecart_moyen|0|n|8"
 4:39:45 "HMT|B150B|regard|7|ecart_max|0|ecart_moyen|0|n|8"
 4:39:46 "HMT|B150B|regard|7|ecart_max|0|ecart_moyen|0|n|8"
 4:39:47 "HMT|B150B|regard|7|ecart_max|0|ecart_moyen|0|n|8"
 4:39:48 "HMT|B150B|regard|7|ecart_max|0|ecart_moyen|0|n|8"
 4:39:49 "HMT|B150B|regard|7|ecart_max|0|ecart_moyen|0|n|8"
 4:39:50 "HMT|B150B|regard|7|ecart_max|0|ecart_moyen|0|n|8"
 4:39:51 "HMT|B150B|regard|7|ecart_max|0|ecart_moyen|0|n|8"
 4:39:53 "HMT|B150B|regard|7|ecart_max|0|ecart_moyen|0|n|8"
 4:39:54 "HMT|B150B|regard|7|ecart_max|0|ecart_moyen|0|n|8"
 4:39:55 "HMT|B150B|regard|7|ecart_max|0|ecart_moyen|0|n|8"
 4:39:56 "HMT|B150B|regard|7|ecart_max|0|ecart_moyen|0|n|8"
 4:39:57 "HMT|B150B|regard|7|ecart_max|0|ecart_moyen|0|n|8"
 4:39:58 "HMT|B150B|regard|7|ecart_max|0|ecart_moyen|0|n|8"
 4:39:59 "HMT|B150B|regard|7|ecart_max|0|ecart_moyen|0|n|8"
 4:40:00 "HMT|B150B|regard|7|ecart_max|0|ecart_moyen|0|n|8"
 4:40:01 "HMT|B150B|regard|7|ecart_max|0|ecart_moyen|0|n|8"
 4:40:02 "HMT|B150B|regard|7|ecart_max|0|ecart_moyen|0|n|8"
 4:40:03 "HMT|B150B|regard|7|ecart_max|0|ecart_moyen|0|n|8"
 4:40:04 "HMT|B150B|regard|7|ecart_max|0|ecart_moyen|0|n|8"
 4:40:05 "HMT|B150B|regard|7|ecart_max|0|ecart_moyen|0|n|8"
 4:40:06 "HMT|B150B|regard|7|ecart_max|0|ecart_moyen|0|n|8"
 4:40:07 "HMT|B150B|regard|7|ecart_max|0|ecart_moyen|0|n|8"
 4:40:08 "HMT|B150B|regard|7|ecart_max|0|ecart_moyen|0|n|8"
 4:40:09 "HMT|B150B|regard|7|ecart_max|0|ecart_moyen|0|n|8"
 4:40:10 "HMT|B150B|regard|7|ecart_max|0|ecart_moyen|0|n|8"
 4:40:11 "HMT|B150B|regard|7|ecart_max|0|ecart_moyen|0|n|8"
 4:40:12 "HMT|B150B|regard|7|ecart_max|0|ecart_moyen|0|n|8"
 4:40:13 "HMT|B150B|regard|7|ecart_max|0|ecart_moyen|0|n|8"
 4:40:14 "HMT|B150B|regard|7|ecart_max|0|ecart_moyen|0|n|8"
 4:40:15 "HMT|B150B|regard|7|ecart_max|0|ecart_moyen|0|n|8"
 4:40:16 "HMT|B150B|regard|7|ecart_max|0|ecart_moyen|0|n|8"
 4:40:17 "HMT|B150B|regard|7|ecart_max|0|ecart_moyen|0|n|8"
 4:40:18 "HMT|B150B|regard|7|ecart_max|0|ecart_moyen|0|n|8"
 4:40:19 "HMT|B150B|regard|7|ecart_max|0|ecart_moyen|0|n|8"
 4:40:20 "HMT|B150B|regard|7|ecart_max|0|ecart_moyen|0|n|8"
 4:40:21 "HMT|B150B|regard|7|ecart_max|0|ecart_moyen|0|n|8"
 4:40:22 "HMT|B150B|regard|7|ecart_max|0|ecart_moyen|0|n|8"
 4:40:23 "HMT|B150B|regard|7|ecart_max|0|ecart_moyen|0|n|8"
 4:40:24 "HMT|B150B|regard|7|ecart_max|0|ecart_moyen|0|n|8"
 4:40:25 "HMT|B150B|regard|7|ecart_max|0|ecart_moyen|0|n|8"
 4:40:26 "HMT|B150B|regard|7|ecart_max|0|ecart_moyen|0|n|8"
 4:40:27 "HMT|B150B|regard|7|ecart_max|0|ecart_moyen|0|n|8"
 4:40:28 "HMT|B150B|regard|7|ecart_max|0|ecart_moyen|0|n|8"
 4:40:29 "HMT|B150B|regard|7|ecart_max|0|ecart_moyen|0|n|8"
 4:40:30 "HMT|B150B|regard|7|ecart_max|0|ecart_moyen|0|n|8"
 4:40:31 "HMT|B150B|regard|7|ecart_max|0|ecart_moyen|0|n|8"
 4:40:32 "HMT|B150B|regard|7|ecart_max|0|ecart_moyen|0|n|8"
 4:40:33 "HMT|B150B|regard|7|ecart_max|0|ecart_moyen|0|n|8"
 4:40:34 "HMT|B150B|regard|7|ecart_max|0|ecart_moyen|0|n|8"
 4:40:35 "HMT|B150B|regard|7|ecart_max|0|ecart_moyen|0|n|8"
 4:40:36 "HMT|B150B|regard|7|ecart_max|0|ecart_moyen|0|n|8"
 4:40:37 "HMT|B150B|regard|7|ecart_max|0|ecart_moyen|0|n|8"
 4:40:38 "HMT|B150B|regard|7|ecart_max|0|ecart_moyen|0|n|8"
 4:40:39 "HMT|B150B|regard|7|ecart_max|0|ecart_moyen|0|n|8"
 4:40:40 "HMT|B150B|regard|7|ecart_max|0|ecart_moyen|0|n|8"
 4:40:41 "HMT|B150B|regard|7|ecart_max|0|ecart_moyen|0|n|8"
 4:40:42 "HMT|B150B|regard|7|ecart_max|0|ecart_moyen|0|n|8"
 4:40:43 "HMT|B150B|regard|7|ecart_max|0|ecart_moyen|0|n|8"
 4:40:44 "HMT|B150B|regard|7|ecart_max|0|ecart_moyen|0|n|8"
 4:40:45 "HMT|B150B|regard|7|ecart_max|0|ecart_moyen|0|n|8"
 4:40:46 "HMT|B150B|regard|7|ecart_max|0|ecart_moyen|0|n|8"
 4:40:47 "HMT|B150B|regard|7|ecart_max|0|ecart_moyen|0|n|8"
 4:40:48 "HMT|B150B|regard|7|ecart_max|0|ecart_moyen|0|n|8"
 4:40:49 "HMT|B150B|regard|7|ecart_max|0|ecart_moyen|0|n|8"
 4:40:50 "HMT|B150B|regard|7|ecart_max|0|ecart_moyen|0|n|8"
 4:40:51 "HMT|B150B|regard|7|ecart_max|0|ecart_moyen|0|n|8"
 4:40:52 "HMT|B150B|regard|7|ecart_max|0|ecart_moyen|0|n|8"
 4:40:53 "HMT|B150B|regard|7|ecart_max|0|ecart_moyen|0|n|8"
 4:40:54 "HMT|B150B|regard|7|ecart_max|0|ecart_moyen|0|n|8"
 4:40:55 "HMT|B150B|regard|7|ecart_max|0|ecart_moyen|0|n|8"
 4:40:56 "HMT|B150B|regard|7|ecart_max|0|ecart_moyen|0|n|8"
 4:40:57 "HMT|B150B|regard|7|ecart_max|0|ecart_moyen|0|n|8"
 4:40:58 "HMT|B150B|regard|7|ecart_max|0|ecart_moyen|0|n|8"
 4:40:59 "HMT|B150B|regard|7|ecart_max|0|ecart_moyen|0|n|8"
 4:41:01 "HMT|B150B|regard|7|ecart_max|0|ecart_moyen|0|n|8"
 4:41:02 "HMT|B150B|regard|7|ecart_max|0|ecart_moyen|0|n|8"
 4:41:03 "HMT|B150B|regard|7|ecart_max|0|ecart_moyen|0|n|8"
 4:41:03 "HMT|B150B|essai|7|oracle|know|4|reste|40|jalons|[0,0,0,0]|points|130|couche|0"
 4:41:04 "HMT|B150B|regard|7|ecart_max|0|ecart_moyen|0|n|8"
 4:41:05 "HMT|B150B|regard|7|ecart_max|0|ecart_moyen|0|n|8"
 4:41:06 "HMT|B150B|regard|7|ecart_max|0|ecart_moyen|0|n|8"
 4:41:07 "HMT|B150B|regard|7|ecart_max|0|ecart_moyen|0|n|8"
 4:41:08 "HMT|B150B|regard|7|ecart_max|0|ecart_moyen|0|n|8"
 4:41:09 "HMT|B150B|regard|7|ecart_max|0|ecart_moyen|0|n|8"
 4:41:10 "HMT|B150B|regard|7|ecart_max|0|ecart_moyen|0|n|8"
 4:41:11 "HMT|B150B|regard|7|ecart_max|0|ecart_moyen|0|n|8"
 4:41:12 "HMT|B150B|regard|7|ecart_max|0|ecart_moyen|0|n|8"
 4:41:13 "HMT|B150B|regard|7|ecart_max|0|ecart_moyen|0|n|8"
 4:41:14 "HMT|B150B|regard|7|ecart_max|0|ecart_moyen|0|n|8"
 4:41:15 "HMT|B150B|regard|7|ecart_max|0|ecart_moyen|0|n|8"
 4:41:16 "HMT|B150B|regard|7|ecart_max|0|ecart_moyen|0|n|8"
 4:41:17 "HMT|B150B|regard|7|ecart_max|0|ecart_moyen|0|n|8"
 4:41:18 "HMT|B150B|regard|7|ecart_max|0|ecart_moyen|0|n|8"
 4:41:19 "HMT|B150B|regard|7|ecart_max|0|ecart_moyen|0|n|8"
 4:41:20 "HMT|B150B|regard|7|ecart_max|0|ecart_moyen|0|n|8"
 4:41:21 "HMT|B150B|regard|7|ecart_max|0|ecart_moyen|0|n|8"
 4:41:22 "HMT|B150B|regard|7|ecart_max|0|ecart_moyen|0|n|8"
 4:41:23 "HMT|B150B|regard|7|ecart_max|0|ecart_moyen|0|n|8"
 4:41:24 "HMT|B150B|regard|7|ecart_max|0|ecart_moyen|0|n|8"
 4:41:25 "HMT|B150B|regard|7|ecart_max|0|ecart_moyen|0|n|8"
 4:41:26 "HMT|B150B|regard|7|ecart_max|0|ecart_moyen|0|n|8"
 4:41:27 "HMT|B150B|regard|7|ecart_max|0|ecart_moyen|0|n|8"
 4:41:28 "HMT|B150B|regard|7|ecart_max|0|ecart_moyen|0|n|8"
 4:41:29 "HMT|B150B|regard|7|ecart_max|0|ecart_moyen|0|n|8"
 4:41:30 "HMT|B150B|regard|7|ecart_max|0|ecart_moyen|0|n|8"
 4:41:31 "HMT|B150B|regard|7|ecart_max|0|ecart_moyen|0|n|8"
 4:41:32 "HMT|B150B|regard|7|ecart_max|0|ecart_moyen|0|n|8"
 4:41:33 "HMT|B150B|regard|7|ecart_max|0|ecart_moyen|0|n|8"
 4:41:34 "HMT|B150B|regard|7|ecart_max|0|ecart_moyen|0|n|8"
 4:41:35 "HMT|B150B|regard|7|ecart_max|0|ecart_moyen|0|n|8"
 4:41:36 "HMT|B150B|regard|7|ecart_max|0|ecart_moyen|0|n|8"
 4:41:37 "HMT|B150B|regard|7|ecart_max|0|ecart_moyen|0|n|8"
 4:41:38 "HMT|B150B|regard|7|ecart_max|0|ecart_moyen|0|n|8"
 4:41:39 "HMT|B150B|regard|7|ecart_max|0|ecart_moyen|0|n|8"
 4:41:40 "HMT|B150B|regard|7|ecart_max|0|ecart_moyen|0|n|8"
 4:41:41 "HMT|B150B|regard|7|ecart_max|0|ecart_moyen|0|n|8"
 4:41:42 "HMT|B150B|regard|7|ecart_max|0|ecart_moyen|0|n|8"
 4:41:43 "HMT|B150B|regard|7|ecart_max|0|ecart_moyen|0|n|8"
 4:41:44 "HMT|B150B|essai|7|oracle_libre|know|0|reste|40|jalons|[1,1,1,1]|points|29|couche|0"
 4:41:44 "HMT|B150B|regard|7|ecart_max|0|ecart_moyen|0|n|8"
 4:41:45 "HMT|B150B|regard|7|ecart_max|0|ecart_moyen|0|n|8"
 4:41:46 "HMT|B150B|regard|7|ecart_max|0|ecart_moyen|0|n|8"
 4:41:47 "HMT|B150B|regard|7|ecart_max|0|ecart_moyen|0|n|8"
 4:41:51 "HMT|B150B|regard|8|ecart_max|0|ecart_moyen|0|n|5"
 4:41:52 "HMT|B150B|regard|8|ecart_max|0|ecart_moyen|0|n|5"
 4:41:53 "HMT|B150B|regard|8|ecart_max|0|ecart_moyen|0|n|5"
 4:41:54 "HMT|B150B|regard|8|ecart_max|0|ecart_moyen|0|n|5"
 4:41:55 "HMT|B150B|config|8|defenseurs|5|derive_max|0.2|caps|[27,168,112,73,156]"
 4:41:55 "HMT|B150B|regard|8|ecart_max|0|ecart_moyen|0|n|5"
 4:41:56 "HMT|B150B|regard|8|ecart_max|0|ecart_moyen|0|n|5"
 4:41:57 "HMT|B150B|regard|8|ecart_max|0|ecart_moyen|0|n|5"
 4:41:58 "HMT|B150B|regard|8|ecart_max|0|ecart_moyen|0|n|5"
 4:41:59 "HMT|B150B|regard|8|ecart_max|0|ecart_moyen|0|n|5"
 4:42:00 "HMT|B150B|regard|8|ecart_max|0|ecart_moyen|0|n|5"
 4:42:01 "HMT|B150B|regard|8|ecart_max|0|ecart_moyen|0|n|5"
 4:42:02 "HMT|B150B|regard|8|ecart_max|0|ecart_moyen|0|n|5"
 4:42:03 "HMT|B150B|regard|8|ecart_max|0|ecart_moyen|0|n|5"
 4:42:04 "HMT|B150B|regard|8|ecart_max|0|ecart_moyen|0|n|5"
 4:42:05 "HMT|B150B|regard|8|ecart_max|0|ecart_moyen|0|n|5"
 4:42:06 "HMT|B150B|regard|8|ecart_max|0|ecart_moyen|0|n|5"
 4:42:07 "HMT|B150B|regard|8|ecart_max|0|ecart_moyen|0|n|5"
 4:42:08 "HMT|B150B|regard|8|ecart_max|0|ecart_moyen|0|n|5"
 4:42:09 "HMT|B150B|regard|8|ecart_max|0|ecart_moyen|0|n|5"
 4:42:10 "HMT|B150B|regard|8|ecart_max|0|ecart_moyen|0|n|5"
 4:42:11 "HMT|B150B|regard|8|ecart_max|0|ecart_moyen|0|n|5"
 4:42:12 "HMT|B150B|regard|8|ecart_max|0|ecart_moyen|0|n|5"
 4:42:13 "HMT|B150B|regard|8|ecart_max|0|ecart_moyen|0|n|5"
 4:42:14 "HMT|B150B|regard|8|ecart_max|0|ecart_moyen|0|n|5"
 4:42:15 "HMT|B150B|regard|8|ecart_max|0|ecart_moyen|0|n|5"
 4:42:16 "HMT|B150B|regard|8|ecart_max|0|ecart_moyen|0|n|5"
 4:42:17 "HMT|B150B|regard|8|ecart_max|0|ecart_moyen|0|n|5"
 4:42:18 "HMT|B150B|regard|8|ecart_max|0|ecart_moyen|0|n|5"
 4:42:19 "HMT|B150B|regard|8|ecart_max|0|ecart_moyen|0|n|5"
 4:42:20 "HMT|B150B|regard|8|ecart_max|0|ecart_moyen|0|n|5"
 4:42:21 "HMT|B150B|regard|8|ecart_max|0|ecart_moyen|0|n|5"
 4:42:22 "HMT|B150B|regard|8|ecart_max|0|ecart_moyen|0|n|5"
 4:42:23 "HMT|B150B|regard|8|ecart_max|0|ecart_moyen|0|n|5"
 4:42:24 "HMT|B150B|regard|8|ecart_max|0|ecart_moyen|0|n|5"
 4:42:26 "HMT|B150B|regard|8|ecart_max|0|ecart_moyen|0|n|5"
 4:42:27 "HMT|B150B|regard|8|ecart_max|0|ecart_moyen|0|n|5"
 4:42:28 "HMT|B150B|regard|8|ecart_max|0|ecart_moyen|0|n|5"
 4:42:29 "HMT|B150B|regard|8|ecart_max|0|ecart_moyen|0|n|5"
 4:42:30 "HMT|B150B|regard|8|ecart_max|0|ecart_moyen|0|n|5"
 4:42:31 "HMT|B150B|regard|8|ecart_max|0|ecart_moyen|0|n|5"
 4:42:32 "HMT|B150B|regard|8|ecart_max|0|ecart_moyen|0|n|5"
 4:42:32 "HMT|B150B|essai|8|agent|know|4|reste|38|jalons|[1,1,0,0]|points|29|couche|0"
 4:42:33 "HMT|B150B|regard|8|ecart_max|0|ecart_moyen|0|n|5"
 4:42:34 "HMT|B150B|regard|8|ecart_max|0|ecart_moyen|0|n|5"
 4:42:35 "HMT|B150B|regard|8|ecart_max|0|ecart_moyen|0|n|5"
 4:42:36 "HMT|B150B|regard|8|ecart_max|0|ecart_moyen|0|n|5"
 4:42:37 "HMT|B150B|regard|8|ecart_max|0|ecart_moyen|0|n|5"
 4:42:38 "HMT|B150B|regard|8|ecart_max|0|ecart_moyen|0|n|5"
 4:42:39 "HMT|B150B|regard|8|ecart_max|0|ecart_moyen|0|n|5"
 4:42:40 "HMT|B150B|regard|8|ecart_max|0|ecart_moyen|0|n|5"
 4:42:41 "HMT|B150B|regard|8|ecart_max|0|ecart_moyen|0|n|5"
 4:42:42 "HMT|B150B|regard|8|ecart_max|0|ecart_moyen|0|n|5"
 4:42:43 "HMT|B150B|regard|8|ecart_max|0|ecart_moyen|0|n|5"
 4:42:44 "HMT|B150B|regard|8|ecart_max|0|ecart_moyen|0|n|5"
 4:42:45 "HMT|B150B|regard|8|ecart_max|0|ecart_moyen|0|n|5"
 4:42:46 "HMT|B150B|regard|8|ecart_max|0|ecart_moyen|0|n|5"
 4:42:47 "HMT|B150B|regard|8|ecart_max|0|ecart_moyen|0|n|5"
 4:42:48 "HMT|B150B|regard|8|ecart_max|0|ecart_moyen|0|n|5"
 4:42:49 "HMT|B150B|regard|8|ecart_max|0|ecart_moyen|0|n|5"
 4:42:50 "HMT|B150B|regard|8|ecart_max|0|ecart_moyen|0|n|5"
 4:42:51 "HMT|B150B|regard|8|ecart_max|0|ecart_moyen|0|n|5"
 4:42:52 "HMT|B150B|regard|8|ecart_max|0|ecart_moyen|0|n|5"
 4:42:53 "HMT|B150B|regard|8|ecart_max|0|ecart_moyen|0|n|5"
 4:42:54 "HMT|B150B|regard|8|ecart_max|0|ecart_moyen|0|n|5"
 4:42:55 "HMT|B150B|regard|8|ecart_max|0|ecart_moyen|0|n|5"
 4:42:56 "HMT|B150B|regard|8|ecart_max|0|ecart_moyen|0|n|5"
 4:42:57 "HMT|B150B|regard|8|ecart_max|0|ecart_moyen|0|n|5"
 4:42:58 "HMT|B150B|regard|8|ecart_max|0|ecart_moyen|0|n|5"
 4:42:59 "HMT|B150B|regard|8|ecart_max|0|ecart_moyen|0|n|5"
 4:43:00 "HMT|B150B|regard|8|ecart_max|0|ecart_moyen|0|n|5"
 4:43:01 "HMT|B150B|regard|8|ecart_max|0|ecart_moyen|0|n|5"
 4:43:02 "HMT|B150B|regard|8|ecart_max|0|ecart_moyen|0|n|5"
 4:43:03 "HMT|B150B|regard|8|ecart_max|0|ecart_moyen|0|n|5"
 4:43:04 "HMT|B150B|regard|8|ecart_max|0|ecart_moyen|0|n|5"
 4:43:05 "HMT|B150B|regard|8|ecart_max|0|ecart_moyen|0|n|5"
 4:43:06 "HMT|B150B|regard|8|ecart_max|0|ecart_moyen|0|n|5"
 4:43:07 "HMT|B150B|regard|8|ecart_max|0|ecart_moyen|0|n|5"
 4:43:08 "HMT|B150B|regard|8|ecart_max|0|ecart_moyen|0|n|5"
 4:43:09 "HMT|B150B|regard|8|ecart_max|0|ecart_moyen|0|n|5"
 4:43:10 "HMT|B150B|regard|8|ecart_max|0|ecart_moyen|0|n|5"
 4:43:11 "HMT|B150B|regard|8|ecart_max|0|ecart_moyen|0|n|5"
 4:43:12 "HMT|B150B|regard|8|ecart_max|0|ecart_moyen|0|n|5"
 4:43:13 "HMT|B150B|regard|8|ecart_max|0|ecart_moyen|0|n|5"
 4:43:13 "HMT|B150B|essai|8|droite|know|4|reste|40|jalons|[1,1,0,0]|points|29|couche|0"
 4:43:14 "HMT|B150B|regard|8|ecart_max|0|ecart_moyen|0|n|5"
 4:43:15 "HMT|B150B|regard|8|ecart_max|0|ecart_moyen|0|n|5"
 4:43:16 "HMT|B150B|regard|8|ecart_max|0|ecart_moyen|0|n|5"
 4:43:17 "HMT|B150B|regard|8|ecart_max|0|ecart_moyen|0|n|5"
 4:43:18 "HMT|B150B|regard|8|ecart_max|0|ecart_moyen|0|n|5"
 4:43:19 "HMT|B150B|regard|8|ecart_max|0|ecart_moyen|0|n|5"
 4:43:20 "HMT|B150B|regard|8|ecart_max|0|ecart_moyen|0|n|5"
 4:43:21 "HMT|B150B|regard|8|ecart_max|0|ecart_moyen|0|n|5"
 4:43:22 "HMT|B150B|regard|8|ecart_max|0|ecart_moyen|0|n|5"
 4:43:23 "HMT|B150B|regard|8|ecart_max|0|ecart_moyen|0|n|5"
 4:43:24 "HMT|B150B|regard|8|ecart_max|0|ecart_moyen|0|n|5"
 4:43:25 "HMT|B150B|regard|8|ecart_max|0|ecart_moyen|0|n|5"
 4:43:26 "HMT|B150B|regard|8|ecart_max|0|ecart_moyen|0|n|5"
 4:43:27 "HMT|B150B|regard|8|ecart_max|0|ecart_moyen|0|n|5"
 4:43:28 "HMT|B150B|regard|8|ecart_max|0|ecart_moyen|0|n|5"
 4:43:29 "HMT|B150B|regard|8|ecart_max|0|ecart_moyen|0|n|5"
 4:43:30 "HMT|B150B|regard|8|ecart_max|0|ecart_moyen|0|n|5"
 4:43:31 "HMT|B150B|regard|8|ecart_max|0|ecart_moyen|0|n|5"
 4:43:32 "HMT|B150B|regard|8|ecart_max|0|ecart_moyen|0|n|5"
 4:43:33 "HMT|B150B|regard|8|ecart_max|0|ecart_moyen|0|n|5"
 4:43:34 "HMT|B150B|regard|8|ecart_max|0|ecart_moyen|0|n|5"
 4:43:35 "HMT|B150B|regard|8|ecart_max|0|ecart_moyen|0|n|5"
 4:43:37 "HMT|B150B|regard|8|ecart_max|0|ecart_moyen|0|n|5"
 4:43:38 "HMT|B150B|regard|8|ecart_max|0|ecart_moyen|0|n|5"
 4:43:39 "HMT|B150B|regard|8|ecart_max|0|ecart_moyen|0|n|5"
 4:43:40 "HMT|B150B|regard|8|ecart_max|0|ecart_moyen|0|n|5"
 4:43:41 "HMT|B150B|regard|8|ecart_max|0|ecart_moyen|0|n|5"
 4:43:42 "HMT|B150B|regard|8|ecart_max|0|ecart_moyen|0|n|5"
 4:43:43 "HMT|B150B|regard|8|ecart_max|0|ecart_moyen|0|n|5"
 4:43:44 "HMT|B150B|regard|8|ecart_max|0|ecart_moyen|0|n|5"
 4:43:45 "HMT|B150B|regard|8|ecart_max|0|ecart_moyen|0|n|5"
 4:43:46 "HMT|B150B|regard|8|ecart_max|0|ecart_moyen|0|n|5"
 4:43:47 "HMT|B150B|regard|8|ecart_max|0|ecart_moyen|0|n|5"
 4:43:48 "HMT|B150B|regard|8|ecart_max|0|ecart_moyen|0|n|5"
 4:43:49 "HMT|B150B|regard|8|ecart_max|0|ecart_moyen|0|n|5"
 4:43:50 "HMT|B150B|regard|8|ecart_max|0|ecart_moyen|0|n|5"
 4:43:51 "HMT|B150B|regard|8|ecart_max|0|ecart_moyen|0|n|5"
 4:43:52 "HMT|B150B|regard|8|ecart_max|0|ecart_moyen|0|n|5"
 4:43:53 "HMT|B150B|regard|8|ecart_max|0|ecart_moyen|0|n|5"
 4:43:54 "HMT|B150B|regard|8|ecart_max|0|ecart_moyen|0|n|5"
 4:43:55 "HMT|B150B|essai|8|droite_bis|know|4|reste|40|jalons|[1,0,0,0]|points|29|couche|0"
 4:43:55 "HMT|B150B|regard|8|ecart_max|0|ecart_moyen|0|n|5"
 4:43:56 "HMT|B150B|regard|8|ecart_max|0|ecart_moyen|0|n|5"
 4:43:57 "HMT|B150B|regard|8|ecart_max|0|ecart_moyen|0|n|5"
 4:43:58 "HMT|B150B|regard|8|ecart_max|0|ecart_moyen|0|n|5"
 4:43:59 "HMT|B150B|regard|8|ecart_max|0|ecart_moyen|0|n|5"
 4:44:00 "HMT|B150B|regard|8|ecart_max|0|ecart_moyen|0|n|5"
 4:44:01 "HMT|B150B|regard|8|ecart_max|0|ecart_moyen|0|n|5"
 4:44:02 "HMT|B150B|regard|8|ecart_max|0|ecart_moyen|0|n|5"
 4:44:03 "HMT|B150B|regard|8|ecart_max|0|ecart_moyen|0|n|5"
 4:44:04 "HMT|B150B|regard|8|ecart_max|0|ecart_moyen|0|n|5"
 4:44:05 "HMT|B150B|regard|8|ecart_max|0|ecart_moyen|0|n|5"
 4:44:06 "HMT|B150B|regard|8|ecart_max|0|ecart_moyen|0|n|5"
 4:44:07 "HMT|B150B|regard|8|ecart_max|0|ecart_moyen|0|n|5"
 4:44:08 "HMT|B150B|regard|8|ecart_max|0|ecart_moyen|0|n|5"
 4:44:09 "HMT|B150B|regard|8|ecart_max|0|ecart_moyen|0|n|5"
 4:44:10 "HMT|B150B|regard|8|ecart_max|0|ecart_moyen|0|n|5"
 4:44:11 "HMT|B150B|regard|8|ecart_max|0|ecart_moyen|0|n|5"
 4:44:12 "HMT|B150B|regard|8|ecart_max|0|ecart_moyen|0|n|5"
 4:44:13 "HMT|B150B|regard|8|ecart_max|0|ecart_moyen|0|n|5"
 4:44:14 "HMT|B150B|regard|8|ecart_max|0|ecart_moyen|0|n|5"
 4:44:15 "HMT|B150B|regard|8|ecart_max|0|ecart_moyen|0|n|5"
 4:44:16 "HMT|B150B|regard|8|ecart_max|0|ecart_moyen|0|n|5"
 4:44:17 "HMT|B150B|regard|8|ecart_max|0|ecart_moyen|0|n|5"
 4:44:18 "HMT|B150B|regard|8|ecart_max|0|ecart_moyen|0|n|5"
 4:44:19 "HMT|B150B|regard|8|ecart_max|0|ecart_moyen|0|n|5"
 4:44:20 "HMT|B150B|regard|8|ecart_max|0|ecart_moyen|0|n|5"
 4:44:21 "HMT|B150B|regard|8|ecart_max|0|ecart_moyen|0|n|5"
 4:44:22 "HMT|B150B|regard|8|ecart_max|0|ecart_moyen|0|n|5"
 4:44:23 "HMT|B150B|regard|8|ecart_max|0|ecart_moyen|0|n|5"
 4:44:24 "HMT|B150B|regard|8|ecart_max|0|ecart_moyen|0|n|5"
 4:44:25 "HMT|B150B|regard|8|ecart_max|0|ecart_moyen|0|n|5"
 4:44:26 "HMT|B150B|regard|8|ecart_max|0|ecart_moyen|0|n|5"
 4:44:27 "HMT|B150B|regard|8|ecart_max|0|ecart_moyen|0|n|5"
 4:44:28 "HMT|B150B|regard|8|ecart_max|0|ecart_moyen|0|n|5"
 4:44:29 "HMT|B150B|regard|8|ecart_max|0|ecart_moyen|0|n|5"
 4:44:30 "HMT|B150B|regard|8|ecart_max|0|ecart_moyen|0|n|5"
 4:44:31 "HMT|B150B|regard|8|ecart_max|0|ecart_moyen|0|n|5"
 4:44:32 "HMT|B150B|regard|8|ecart_max|0|ecart_moyen|0|n|5"
 4:44:33 "HMT|B150B|regard|8|ecart_max|0|ecart_moyen|0|n|5"
 4:44:34 "HMT|B150B|regard|8|ecart_max|0|ecart_moyen|0|n|5"
 4:44:35 "HMT|B150B|regard|8|ecart_max|0|ecart_moyen|0|n|5"
 4:44:36 "HMT|B150B|regard|8|ecart_max|0|ecart_moyen|0|n|5"
 4:44:37 "HMT|B150B|regard|8|ecart_max|0|ecart_moyen|0|n|5"
 4:44:38 "HMT|B150B|regard|8|ecart_max|0|ecart_moyen|0|n|5"
 4:44:39 "HMT|B150B|regard|8|ecart_max|0|ecart_moyen|0|n|5"
 4:44:40 "HMT|B150B|regard|8|ecart_max|0|ecart_moyen|0|n|5"
 4:44:41 "HMT|B150B|regard|8|ecart_max|0|ecart_moyen|0|n|5"
 4:44:42 "HMT|B150B|regard|8|ecart_max|0|ecart_moyen|0|n|5"
 4:44:43 "HMT|B150B|regard|8|ecart_max|0|ecart_moyen|0|n|5"
 4:44:44 "HMT|B150B|regard|8|ecart_max|0|ecart_moyen|0|n|5"
 4:44:46 "HMT|B150B|regard|8|ecart_max|0|ecart_moyen|0|n|5"
 4:44:47 "HMT|B150B|regard|8|ecart_max|0|ecart_moyen|0|n|5"
 4:44:48 "HMT|B150B|regard|8|ecart_max|0|ecart_moyen|0|n|5"
 4:44:49 "HMT|B150B|regard|8|ecart_max|0|ecart_moyen|0|n|5"
 4:44:50 "HMT|B150B|regard|8|ecart_max|0|ecart_moyen|0|n|5"
 4:44:51 "HMT|B150B|regard|8|ecart_max|0|ecart_moyen|0|n|5"
 4:44:52 "HMT|B150B|regard|8|ecart_max|0|ecart_moyen|0|n|5"
 4:44:53 "HMT|B150B|regard|8|ecart_max|0|ecart_moyen|0|n|5"
 4:44:54 "HMT|B150B|regard|8|ecart_max|0|ecart_moyen|0|n|5"
 4:44:55 "HMT|B150B|regard|8|ecart_max|0|ecart_moyen|0|n|5"
 4:44:56 "HMT|B150B|regard|8|ecart_max|0|ecart_moyen|0|n|5"
 4:44:57 "HMT|B150B|regard|8|ecart_max|0|ecart_moyen|0|n|5"
 4:44:58 "HMT|B150B|regard|8|ecart_max|0|ecart_moyen|0|n|5"
 4:44:59 "HMT|B150B|regard|8|ecart_max|0|ecart_moyen|0|n|5"
 4:45:00 "HMT|B150B|regard|8|ecart_max|0|ecart_moyen|0|n|5"
 4:45:01 "HMT|B150B|regard|8|ecart_max|0|ecart_moyen|0|n|5"
 4:45:02 "HMT|B150B|regard|8|ecart_max|0|ecart_moyen|0|n|5"
 4:45:03 "HMT|B150B|regard|8|ecart_max|0|ecart_moyen|0|n|5"
 4:45:04 "HMT|B150B|regard|8|ecart_max|0|ecart_moyen|0|n|5"
 4:45:05 "HMT|B150B|regard|8|ecart_max|0|ecart_moyen|0|n|5"
 4:45:06 "HMT|B150B|regard|8|ecart_max|0|ecart_moyen|0|n|5"
 4:45:07 "HMT|B150B|regard|8|ecart_max|0|ecart_moyen|0|n|5"
 4:45:08 "HMT|B150B|regard|8|ecart_max|0|ecart_moyen|0|n|5"
 4:45:09 "HMT|B150B|regard|8|ecart_max|0|ecart_moyen|0|n|5"
 4:45:10 "HMT|B150B|regard|8|ecart_max|0|ecart_moyen|0|n|5"
 4:45:11 "HMT|B150B|regard|8|ecart_max|0|ecart_moyen|0|n|5"
 4:45:12 "HMT|B150B|regard|8|ecart_max|0|ecart_moyen|0|n|5"
 4:45:13 "HMT|B150B|regard|8|ecart_max|0|ecart_moyen|0|n|5"
 4:45:14 "HMT|B150B|regard|8|ecart_max|0|ecart_moyen|0|n|5"
 4:45:15 "HMT|B150B|regard|8|ecart_max|0|ecart_moyen|0|n|5"
 4:45:16 "HMT|B150B|regard|8|ecart_max|0|ecart_moyen|0|n|5"
 4:45:17 "HMT|B150B|regard|8|ecart_max|0|ecart_moyen|0|n|5"
 4:45:18 "HMT|B150B|regard|8|ecart_max|0|ecart_moyen|0|n|5"
 4:45:19 "HMT|B150B|regard|8|ecart_max|0|ecart_moyen|0|n|5"
 4:45:20 "HMT|B150B|regard|8|ecart_max|0|ecart_moyen|0|n|5"
 4:45:21 "HMT|B150B|regard|8|ecart_max|0|ecart_moyen|0|n|5"
 4:45:22 "HMT|B150B|regard|8|ecart_max|0|ecart_moyen|0|n|5"
 4:45:23 "HMT|B150B|regard|8|ecart_max|0|ecart_moyen|0|n|5"
 4:45:24 "HMT|B150B|regard|8|ecart_max|0|ecart_moyen|0|n|5"
 4:45:25 "HMT|B150B|regard|8|ecart_max|0|ecart_moyen|0|n|5"
 4:45:26 "HMT|B150B|regard|8|ecart_max|0|ecart_moyen|0|n|5"
 4:45:27 "HMT|B150B|regard|8|ecart_max|0|ecart_moyen|0|n|5"
 4:45:28 "HMT|B150B|regard|8|ecart_max|0|ecart_moyen|0|n|5"
 4:45:29 "HMT|B150B|regard|8|ecart_max|0|ecart_moyen|0|n|5"
 4:45:30 "HMT|B150B|regard|8|ecart_max|0|ecart_moyen|0|n|5"
 4:45:31 "HMT|B150B|regard|8|ecart_max|0|ecart_moyen|0|n|5"
 4:45:32 "HMT|B150B|regard|8|ecart_max|0|ecart_moyen|0|n|5"
 4:45:33 "HMT|B150B|regard|8|ecart_max|0|ecart_moyen|0|n|5"
 4:45:34 "HMT|B150B|regard|8|ecart_max|0|ecart_moyen|0|n|5"
 4:45:35 "HMT|B150B|regard|8|ecart_max|0|ecart_moyen|0|n|5"
 4:45:36 "HMT|B150B|regard|8|ecart_max|0|ecart_moyen|0|n|5"
 4:45:37 "HMT|B150B|regard|8|ecart_max|0|ecart_moyen|0|n|5"
 4:45:38 "HMT|B150B|regard|8|ecart_max|0|ecart_moyen|0|n|5"
 4:45:39 "HMT|B150B|regard|8|ecart_max|0|ecart_moyen|0|n|5"
 4:45:40 "HMT|B150B|regard|8|ecart_max|0|ecart_moyen|0|n|5"
 4:45:41 "HMT|B150B|regard|8|ecart_max|0|ecart_moyen|0|n|5"
 4:45:42 "HMT|B150B|regard|8|ecart_max|0|ecart_moyen|0|n|5"
 4:45:43 "HMT|B150B|regard|8|ecart_max|0|ecart_moyen|0|n|5"
 4:45:44 "HMT|B150B|regard|8|ecart_max|0|ecart_moyen|0|n|5"
 4:45:45 "HMT|B150B|regard|8|ecart_max|0|ecart_moyen|0|n|5"
 4:45:46 "HMT|B150B|regard|8|ecart_max|0|ecart_moyen|0|n|5"
 4:45:47 "HMT|B150B|regard|8|ecart_max|0|ecart_moyen|0|n|5"
 4:45:48 "HMT|B150B|regard|8|ecart_max|0|ecart_moyen|0|n|5"
 4:45:49 "HMT|B150B|regard|8|ecart_max|0|ecart_moyen|0|n|5"
 4:45:50 "HMT|B150B|regard|8|ecart_max|0|ecart_moyen|0|n|5"
 4:45:51 "HMT|B150B|regard|8|ecart_max|0|ecart_moyen|0|n|5"
 4:45:52 "HMT|B150B|regard|8|ecart_max|0|ecart_moyen|0|n|5"
 4:45:54 "HMT|B150B|regard|8|ecart_max|0|ecart_moyen|0|n|5"
 4:45:55 "HMT|B150B|regard|8|ecart_max|0|ecart_moyen|0|n|5"
 4:45:56 "HMT|B150B|regard|8|ecart_max|0|ecart_moyen|0|n|5"
 4:45:57 "HMT|B150B|regard|8|ecart_max|0|ecart_moyen|0|n|5"
 4:45:58 "HMT|B150B|regard|8|ecart_max|0|ecart_moyen|0|n|5"
 4:45:59 "HMT|B150B|regard|8|ecart_max|0|ecart_moyen|0|n|5"
 4:46:00 "HMT|B150B|regard|8|ecart_max|0|ecart_moyen|0|n|5"
 4:46:01 "HMT|B150B|regard|8|ecart_max|0|ecart_moyen|0|n|5"
 4:46:02 "HMT|B150B|regard|8|ecart_max|0|ecart_moyen|0|n|5"
 4:46:03 "HMT|B150B|regard|8|ecart_max|0|ecart_moyen|0|n|5"
 4:46:04 "HMT|B150B|regard|8|ecart_max|0|ecart_moyen|0|n|5"
 4:46:05 "HMT|B150B|regard|8|ecart_max|0|ecart_moyen|0|n|5"
 4:46:06 "HMT|B150B|regard|8|ecart_max|0|ecart_moyen|0|n|5"
 4:46:07 "HMT|B150B|regard|8|ecart_max|0|ecart_moyen|0|n|5"
 4:46:08 "HMT|B150B|regard|8|ecart_max|0|ecart_moyen|0|n|5"
 4:46:09 "HMT|B150B|regard|8|ecart_max|0|ecart_moyen|0|n|5"
 4:46:10 "HMT|B150B|regard|8|ecart_max|0|ecart_moyen|0|n|5"
 4:46:11 "HMT|B150B|regard|8|ecart_max|0|ecart_moyen|0|n|5"
 4:46:12 "HMT|B150B|regard|8|ecart_max|0|ecart_moyen|0|n|5"
 4:46:13 "HMT|B150B|regard|8|ecart_max|0|ecart_moyen|0|n|5"
 4:46:14 "HMT|B150B|regard|8|ecart_max|0|ecart_moyen|0|n|5"
 4:46:15 "HMT|B150B|regard|8|ecart_max|0|ecart_moyen|0|n|5"
 4:46:16 "HMT|B150B|regard|8|ecart_max|0|ecart_moyen|0|n|5"
 4:46:17 "HMT|B150B|regard|8|ecart_max|0|ecart_moyen|0|n|5"
 4:46:18 "HMT|B150B|regard|8|ecart_max|0|ecart_moyen|0|n|5"
 4:46:19 "HMT|B150B|regard|8|ecart_max|0|ecart_moyen|0|n|5"
 4:46:20 "HMT|B150B|regard|8|ecart_max|0|ecart_moyen|0|n|5"
 4:46:21 "HMT|B150B|regard|8|ecart_max|0|ecart_moyen|0|n|5"
 4:46:22 "HMT|B150B|regard|8|ecart_max|0|ecart_moyen|0|n|5"
 4:46:23 "HMT|B150B|regard|8|ecart_max|0|ecart_moyen|0|n|5"
 4:46:24 "HMT|B150B|regard|8|ecart_max|0|ecart_moyen|0|n|5"
 4:46:25 "HMT|B150B|regard|8|ecart_max|0|ecart_moyen|0|n|5"
 4:46:26 "HMT|B150B|regard|8|ecart_max|0|ecart_moyen|0|n|5"
 4:46:27 "HMT|B150B|regard|8|ecart_max|0|ecart_moyen|0|n|5"
 4:46:28 "HMT|B150B|regard|8|ecart_max|0|ecart_moyen|0|n|5"
 4:46:29 "HMT|B150B|regard|8|ecart_max|0|ecart_moyen|0|n|5"
 4:46:30 "HMT|B150B|regard|8|ecart_max|0|ecart_moyen|0|n|5"
 4:46:31 "HMT|B150B|regard|8|ecart_max|0|ecart_moyen|0|n|5"
 4:46:32 "HMT|B150B|regard|8|ecart_max|0|ecart_moyen|0|n|5"
 4:46:33 "HMT|B150B|regard|8|ecart_max|0|ecart_moyen|0|n|5"
 4:46:34 "HMT|B150B|regard|8|ecart_max|0|ecart_moyen|0|n|5"
 4:46:35 "HMT|B150B|regard|8|ecart_max|0|ecart_moyen|0|n|5"
 4:46:36 "HMT|B150B|regard|8|ecart_max|0|ecart_moyen|0|n|5"
 4:46:37 "HMT|B150B|regard|8|ecart_max|0|ecart_moyen|0|n|5"
 4:46:38 "HMT|B150B|regard|8|ecart_max|0|ecart_moyen|0|n|5"
 4:46:39 "HMT|B150B|regard|8|ecart_max|0|ecart_moyen|0|n|5"
 4:46:40 "HMT|B150B|regard|8|ecart_max|0|ecart_moyen|0|n|5"
 4:46:41 "HMT|B150B|regard|8|ecart_max|0|ecart_moyen|0|n|5"
 4:46:42 "HMT|B150B|regard|8|ecart_max|0|ecart_moyen|0|n|5"
 4:46:43 "HMT|B150B|regard|8|ecart_max|0|ecart_moyen|0|n|5"
 4:46:44 "HMT|B150B|regard|8|ecart_max|0|ecart_moyen|0|n|5"
 4:46:45 "HMT|B150B|regard|8|ecart_max|0|ecart_moyen|0|n|5"
 4:46:46 "HMT|B150B|regard|8|ecart_max|0|ecart_moyen|0|n|5"
 4:46:47 "HMT|B150B|regard|8|ecart_max|0|ecart_moyen|0|n|5"
 4:46:48 "HMT|B150B|regard|8|ecart_max|0|ecart_moyen|0|n|5"
 4:46:49 "HMT|B150B|regard|8|ecart_max|0|ecart_moyen|0|n|5"
 4:46:50 "HMT|B150B|regard|8|ecart_max|0|ecart_moyen|0|n|5"
 4:46:51 "HMT|B150B|regard|8|ecart_max|0|ecart_moyen|0|n|5"
 4:46:52 "HMT|B150B|regard|8|ecart_max|0|ecart_moyen|0|n|5"
 4:46:53 "HMT|B150B|regard|8|ecart_max|0|ecart_moyen|0|n|5"
 4:46:54 "HMT|B150B|regard|8|ecart_max|0|ecart_moyen|0|n|5"
 4:46:55 "HMT|B150B|regard|8|ecart_max|0|ecart_moyen|0|n|5"
 4:46:56 "HMT|B150B|regard|8|ecart_max|0|ecart_moyen|0|n|5"
 4:46:57 "HMT|B150B|regard|8|ecart_max|0|ecart_moyen|0|n|5"
 4:46:58 "HMT|B150B|regard|8|ecart_max|0|ecart_moyen|0|n|5"
 4:46:59 "HMT|B150B|regard|8|ecart_max|0|ecart_moyen|0|n|5"
 4:47:00 "HMT|B150B|regard|8|ecart_max|0|ecart_moyen|0|n|5"
 4:47:02 "HMT|B150B|regard|8|ecart_max|0|ecart_moyen|0|n|5"
 4:47:03 "HMT|B150B|regard|8|ecart_max|0|ecart_moyen|0|n|5"
 4:47:04 "HMT|B150B|regard|8|ecart_max|0|ecart_moyen|0|n|5"
 4:47:05 "HMT|B150B|regard|8|ecart_max|0|ecart_moyen|0|n|5"
 4:47:06 "HMT|B150B|regard|8|ecart_max|0|ecart_moyen|0|n|5"
 4:47:07 "HMT|B150B|regard|8|ecart_max|0|ecart_moyen|0|n|5"
 4:47:08 "HMT|B150B|regard|8|ecart_max|0|ecart_moyen|0|n|5"
 4:47:09 "HMT|B150B|regard|8|ecart_max|0|ecart_moyen|0|n|5"
 4:47:10 "HMT|B150B|regard|8|ecart_max|0|ecart_moyen|0|n|5"
 4:47:11 "HMT|B150B|regard|8|ecart_max|0|ecart_moyen|0|n|5"
 4:47:12 "HMT|B150B|regard|8|ecart_max|0|ecart_moyen|0|n|5"
 4:47:13 "HMT|B150B|regard|8|ecart_max|0|ecart_moyen|0|n|5"
 4:47:14 "HMT|B150B|regard|8|ecart_max|0|ecart_moyen|0|n|5"
 4:47:15 "HMT|B150B|regard|8|ecart_max|0|ecart_moyen|0|n|5"
 4:47:16 "HMT|B150B|regard|8|ecart_max|0|ecart_moyen|0|n|5"
 4:47:17 "HMT|B150B|regard|8|ecart_max|0|ecart_moyen|0|n|5"
 4:47:18 "HMT|B150B|regard|8|ecart_max|0|ecart_moyen|0|n|5"
 4:47:19 "HMT|B150B|regard|8|ecart_max|0|ecart_moyen|0|n|5"
 4:47:20 "HMT|B150B|regard|8|ecart_max|0|ecart_moyen|0|n|5"
 4:47:21 "HMT|B150B|regard|8|ecart_max|0|ecart_moyen|0|n|5"
 4:47:22 "HMT|B150B|regard|8|ecart_max|0|ecart_moyen|0|n|5"
 4:47:23 "HMT|B150B|regard|8|ecart_max|0|ecart_moyen|0|n|5"
 4:47:24 "HMT|B150B|regard|8|ecart_max|0|ecart_moyen|0|n|5"
 4:47:25 "HMT|B150B|regard|8|ecart_max|0|ecart_moyen|0|n|5"
 4:47:26 "HMT|B150B|regard|8|ecart_max|0|ecart_moyen|0|n|5"
 4:47:27 "HMT|B150B|regard|8|ecart_max|0|ecart_moyen|0|n|5"
 4:47:28 "HMT|B150B|regard|8|ecart_max|0|ecart_moyen|0|n|5"
 4:47:29 "HMT|B150B|regard|8|ecart_max|0|ecart_moyen|0|n|5"
 4:47:30 "HMT|B150B|regard|8|ecart_max|0|ecart_moyen|0|n|5"
 4:47:31 "HMT|B150B|regard|8|ecart_max|0|ecart_moyen|0|n|5"
 4:47:32 "HMT|B150B|regard|8|ecart_max|0|ecart_moyen|0|n|5"
 4:47:33 "HMT|B150B|regard|8|ecart_max|0|ecart_moyen|0|n|5"
 4:47:34 "HMT|B150B|regard|8|ecart_max|0|ecart_moyen|0|n|5"
 4:47:35 "HMT|B150B|regard|8|ecart_max|0|ecart_moyen|0|n|5"
 4:47:36 "HMT|B150B|regard|8|ecart_max|0|ecart_moyen|0|n|5"
 4:47:37 "HMT|B150B|essai|8|oracle|know|4|reste|39|jalons|[0,0,0,0]|points|178|couche|0"
 4:47:37 "HMT|B150B|regard|8|ecart_max|0|ecart_moyen|0|n|5"
 4:47:38 "HMT|B150B|regard|8|ecart_max|0|ecart_moyen|0|n|5"
 4:47:39 "HMT|B150B|regard|8|ecart_max|0|ecart_moyen|0|n|5"
 4:47:40 "HMT|B150B|regard|8|ecart_max|0|ecart_moyen|0|n|5"
 4:47:41 "HMT|B150B|regard|8|ecart_max|0|ecart_moyen|0|n|5"
 4:47:42 "HMT|B150B|regard|8|ecart_max|0|ecart_moyen|0|n|5"
 4:47:43 "HMT|B150B|regard|8|ecart_max|0|ecart_moyen|0|n|5"
 4:47:44 "HMT|B150B|regard|8|ecart_max|0|ecart_moyen|0|n|5"
 4:47:45 "HMT|B150B|regard|8|ecart_max|0|ecart_moyen|0|n|5"
 4:47:46 "HMT|B150B|regard|8|ecart_max|0|ecart_moyen|0|n|5"
 4:47:47 "HMT|B150B|regard|8|ecart_max|0|ecart_moyen|0|n|5"
 4:47:48 "HMT|B150B|regard|8|ecart_max|0|ecart_moyen|0|n|5"
 4:47:49 "HMT|B150B|regard|8|ecart_max|0|ecart_moyen|0|n|5"
 4:47:50 "HMT|B150B|regard|8|ecart_max|0|ecart_moyen|0|n|5"
 4:47:51 "HMT|B150B|regard|8|ecart_max|0|ecart_moyen|0|n|5"
 4:47:52 "HMT|B150B|regard|8|ecart_max|0|ecart_moyen|0|n|5"
 4:47:53 "HMT|B150B|regard|8|ecart_max|0|ecart_moyen|0|n|5"
 4:47:54 "HMT|B150B|regard|8|ecart_max|0|ecart_moyen|0|n|5"
 4:47:55 "HMT|B150B|regard|8|ecart_max|0|ecart_moyen|0|n|5"
 4:47:56 "HMT|B150B|regard|8|ecart_max|0|ecart_moyen|0|n|5"
 4:47:57 "HMT|B150B|regard|8|ecart_max|0|ecart_moyen|0|n|5"
 4:47:58 "HMT|B150B|regard|8|ecart_max|0|ecart_moyen|0|n|5"
 4:47:59 "HMT|B150B|regard|8|ecart_max|0|ecart_moyen|0|n|5"
 4:48:00 "HMT|B150B|regard|8|ecart_max|0|ecart_moyen|0|n|5"
 4:48:01 "HMT|B150B|regard|8|ecart_max|0|ecart_moyen|0|n|5"
 4:48:02 "HMT|B150B|regard|8|ecart_max|0|ecart_moyen|0|n|5"
 4:48:03 "HMT|B150B|regard|8|ecart_max|0|ecart_moyen|0|n|5"
 4:48:04 "HMT|B150B|regard|8|ecart_max|0|ecart_moyen|0|n|5"
 4:48:05 "HMT|B150B|regard|8|ecart_max|0|ecart_moyen|0|n|5"
 4:48:06 "HMT|B150B|regard|8|ecart_max|0|ecart_moyen|0|n|5"
 4:48:08 "HMT|B150B|regard|8|ecart_max|0|ecart_moyen|0|n|5"
 4:48:09 "HMT|B150B|regard|8|ecart_max|0|ecart_moyen|0|n|5"
 4:48:10 "HMT|B150B|regard|8|ecart_max|0|ecart_moyen|0|n|5"
 4:48:11 "HMT|B150B|regard|8|ecart_max|0|ecart_moyen|0|n|5"
 4:48:12 "HMT|B150B|regard|8|ecart_max|0|ecart_moyen|0|n|5"
 4:48:13 "HMT|B150B|regard|8|ecart_max|0|ecart_moyen|0|n|5"
 4:48:14 "HMT|B150B|regard|8|ecart_max|0|ecart_moyen|0|n|5"
 4:48:15 "HMT|B150B|regard|8|ecart_max|0|ecart_moyen|0|n|5"
 4:48:16 "HMT|B150B|regard|8|ecart_max|0|ecart_moyen|0|n|5"
 4:48:17 "HMT|B150B|regard|8|ecart_max|0|ecart_moyen|0|n|5"
 4:48:18 "HMT|B150B|regard|8|ecart_max|0|ecart_moyen|0|n|5"
 4:48:18 "HMT|B150B|essai|8|oracle_libre|know|4|reste|40|jalons|[1,1,0,0]|points|29|couche|0"
 4:48:19 "HMT|B150B|regard|8|ecart_max|0|ecart_moyen|0|n|5"
 4:48:20 "HMT|B150B|regard|8|ecart_max|0|ecart_moyen|0|n|5"
 4:48:21 "HMT|B150B|regard|8|ecart_max|0|ecart_moyen|0|n|5"
 4:48:22 "HMT|B150B|regard|8|ecart_max|0|ecart_moyen|0|n|5"
 4:48:25 "HMT|B150B|regard|9|ecart_max|0|ecart_moyen|0|n|12"
 4:48:26 "HMT|B150B|regard|9|ecart_max|0|ecart_moyen|0|n|12"
 4:48:27 "HMT|B150B|regard|9|ecart_max|0|ecart_moyen|0|n|12"
 4:48:28 "HMT|B150B|regard|9|ecart_max|0|ecart_moyen|0|n|12"
 4:48:29 "HMT|B150B|config|9|defenseurs|12|derive_max|0|caps|[50,46,90,49,37,45,293,18,353,1,1,1]"
 4:48:29 "HMT|B150B|regard|9|ecart_max|0|ecart_moyen|0|n|12"
 4:48:30 "HMT|B150B|regard|9|ecart_max|0|ecart_moyen|0|n|12"
 4:48:31 "HMT|B150B|regard|9|ecart_max|0|ecart_moyen|0|n|12"
 4:48:32 "HMT|B150B|regard|9|ecart_max|0|ecart_moyen|0|n|12"
 4:48:33 "HMT|B150B|regard|9|ecart_max|0|ecart_moyen|0|n|12"
 4:48:34 "HMT|B150B|regard|9|ecart_max|0|ecart_moyen|0|n|12"
 4:48:35 "HMT|B150B|regard|9|ecart_max|0|ecart_moyen|0|n|12"
 4:48:36 "HMT|B150B|regard|9|ecart_max|0|ecart_moyen|0|n|12"
 4:48:37 "HMT|B150B|regard|9|ecart_max|0|ecart_moyen|0|n|12"
 4:48:38 "HMT|B150B|regard|9|ecart_max|0|ecart_moyen|0|n|12"
 4:48:39 "HMT|B150B|regard|9|ecart_max|0|ecart_moyen|0|n|12"
 4:48:40 "HMT|B150B|regard|9|ecart_max|0|ecart_moyen|0|n|12"
 4:48:41 "HMT|B150B|regard|9|ecart_max|0|ecart_moyen|0|n|12"
 4:48:42 "HMT|B150B|regard|9|ecart_max|0|ecart_moyen|0|n|12"
 4:48:43 "HMT|B150B|regard|9|ecart_max|0|ecart_moyen|0|n|12"
 4:48:44 "HMT|B150B|regard|9|ecart_max|0|ecart_moyen|0|n|12"
 4:48:45 "HMT|B150B|regard|9|ecart_max|0|ecart_moyen|0|n|12"
 4:48:46 "HMT|B150B|regard|9|ecart_max|0|ecart_moyen|0|n|12"
 4:48:47 "HMT|B150B|regard|9|ecart_max|0|ecart_moyen|0|n|12"
 4:48:48 "HMT|B150B|regard|9|ecart_max|0|ecart_moyen|0|n|12"
 4:48:49 "HMT|B150B|regard|9|ecart_max|0|ecart_moyen|0|n|12"
 4:48:50 "HMT|B150B|regard|9|ecart_max|0|ecart_moyen|0|n|12"
 4:48:51 "HMT|B150B|regard|9|ecart_max|0|ecart_moyen|0|n|12"
 4:48:52 "HMT|B150B|regard|9|ecart_max|0|ecart_moyen|0|n|12"
 4:48:53 "HMT|B150B|regard|9|ecart_max|0|ecart_moyen|0|n|12"
 4:48:54 "HMT|B150B|regard|9|ecart_max|0|ecart_moyen|0|n|12"
 4:48:55 "HMT|B150B|regard|9|ecart_max|0|ecart_moyen|0|n|12"
 4:48:56 "HMT|B150B|regard|9|ecart_max|0|ecart_moyen|0|n|12"
 4:48:57 "HMT|B150B|regard|9|ecart_max|0|ecart_moyen|0|n|12"
 4:48:59 "HMT|B150B|regard|9|ecart_max|0|ecart_moyen|0|n|12"
 4:49:00 "HMT|B150B|regard|9|ecart_max|0|ecart_moyen|0|n|12"
 4:49:01 "HMT|B150B|regard|9|ecart_max|0|ecart_moyen|0|n|12"
 4:49:02 "HMT|B150B|regard|9|ecart_max|0|ecart_moyen|0|n|12"
 4:49:03 "HMT|B150B|regard|9|ecart_max|0|ecart_moyen|0|n|12"
 4:49:04 "HMT|B150B|regard|9|ecart_max|0|ecart_moyen|0|n|12"
 4:49:05 "HMT|B150B|regard|9|ecart_max|0|ecart_moyen|0|n|12"
 4:49:06 "HMT|B150B|regard|9|ecart_max|0|ecart_moyen|0|n|12"
 4:49:06 "HMT|B150B|essai|9|agent|know|4|reste|38|jalons|[1,1,0,0]|points|29|couche|0"
 4:49:07 "HMT|B150B|regard|9|ecart_max|0|ecart_moyen|0|n|12"
 4:49:08 "HMT|B150B|regard|9|ecart_max|0|ecart_moyen|0|n|12"
 4:49:09 "HMT|B150B|regard|9|ecart_max|0|ecart_moyen|0|n|12"
 4:49:10 "HMT|B150B|regard|9|ecart_max|0|ecart_moyen|0|n|12"
 4:49:11 "HMT|B150B|regard|9|ecart_max|0|ecart_moyen|0|n|12"
 4:49:12 "HMT|B150B|regard|9|ecart_max|0|ecart_moyen|0|n|12"
 4:49:13 "HMT|B150B|regard|9|ecart_max|0|ecart_moyen|0|n|12"
 4:49:14 "HMT|B150B|regard|9|ecart_max|0|ecart_moyen|0|n|12"
 4:49:15 "HMT|B150B|regard|9|ecart_max|0|ecart_moyen|0|n|12"
 4:49:16 "HMT|B150B|regard|9|ecart_max|0|ecart_moyen|0|n|12"
 4:49:17 "HMT|B150B|regard|9|ecart_max|0|ecart_moyen|0|n|12"
 4:49:18 "HMT|B150B|regard|9|ecart_max|0|ecart_moyen|0|n|12"
 4:49:19 "HMT|B150B|regard|9|ecart_max|0|ecart_moyen|0|n|12"
 4:49:20 "HMT|B150B|regard|9|ecart_max|0|ecart_moyen|0|n|12"
 4:49:21 "HMT|B150B|regard|9|ecart_max|0|ecart_moyen|0|n|12"
 4:49:22 "HMT|B150B|regard|9|ecart_max|0|ecart_moyen|0|n|12"
 4:49:23 "HMT|B150B|regard|9|ecart_max|0|ecart_moyen|0|n|12"
 4:49:24 "HMT|B150B|regard|9|ecart_max|0|ecart_moyen|0|n|12"
 4:49:25 "HMT|B150B|regard|9|ecart_max|0|ecart_moyen|0|n|12"
 4:49:26 "HMT|B150B|regard|9|ecart_max|0|ecart_moyen|0|n|12"
 4:49:27 "HMT|B150B|regard|9|ecart_max|0|ecart_moyen|0|n|12"
 4:49:28 "HMT|B150B|regard|9|ecart_max|0|ecart_moyen|0|n|12"
 4:49:29 "HMT|B150B|regard|9|ecart_max|0|ecart_moyen|0|n|12"
 4:49:30 "HMT|B150B|regard|9|ecart_max|0|ecart_moyen|0|n|12"
 4:49:31 "HMT|B150B|regard|9|ecart_max|0|ecart_moyen|0|n|12"
 4:49:32 "HMT|B150B|regard|9|ecart_max|0|ecart_moyen|0|n|12"
 4:49:33 "HMT|B150B|regard|9|ecart_max|0|ecart_moyen|0|n|12"
 4:49:34 "HMT|B150B|regard|9|ecart_max|0|ecart_moyen|0|n|12"
 4:49:35 "HMT|B150B|regard|9|ecart_max|0|ecart_moyen|0|n|12"
 4:49:36 "HMT|B150B|regard|9|ecart_max|0|ecart_moyen|0|n|12"
 4:49:37 "HMT|B150B|regard|9|ecart_max|0|ecart_moyen|0|n|12"
 4:49:38 "HMT|B150B|regard|9|ecart_max|0|ecart_moyen|0|n|12"
 4:49:39 "HMT|B150B|regard|9|ecart_max|0|ecart_moyen|0|n|12"
 4:49:40 "HMT|B150B|regard|9|ecart_max|0|ecart_moyen|0|n|12"
 4:49:41 "HMT|B150B|regard|9|ecart_max|0|ecart_moyen|0|n|12"
 4:49:42 "HMT|B150B|regard|9|ecart_max|0|ecart_moyen|0|n|12"
 4:49:43 "HMT|B150B|regard|9|ecart_max|0|ecart_moyen|0|n|12"
 4:49:44 "HMT|B150B|regard|9|ecart_max|0|ecart_moyen|0|n|12"
 4:49:45 "HMT|B150B|regard|9|ecart_max|0|ecart_moyen|0|n|12"
 4:49:46 "HMT|B150B|regard|9|ecart_max|0|ecart_moyen|0|n|12"
 4:49:47 "HMT|B150B|regard|9|ecart_max|0|ecart_moyen|0|n|12"
 4:49:47 "HMT|B150B|essai|9|droite|know|4|reste|40|jalons|[1,1,0,-1]|points|29|couche|0"
 4:49:48 "HMT|B150B|regard|9|ecart_max|0|ecart_moyen|0|n|12"
 4:49:49 "HMT|B150B|regard|9|ecart_max|0|ecart_moyen|0|n|12"
 4:49:50 "HMT|B150B|regard|9|ecart_max|0|ecart_moyen|0|n|12"
 4:49:51 "HMT|B150B|regard|9|ecart_max|0|ecart_moyen|0|n|12"
 4:49:52 "HMT|B150B|regard|9|ecart_max|0|ecart_moyen|0|n|12"
 4:49:53 "HMT|B150B|regard|9|ecart_max|0|ecart_moyen|0|n|12"
 4:49:54 "HMT|B150B|regard|9|ecart_max|0|ecart_moyen|0|n|12"
 4:49:55 "HMT|B150B|regard|9|ecart_max|0|ecart_moyen|0|n|12"
 4:49:56 "HMT|B150B|regard|9|ecart_max|0|ecart_moyen|0|n|12"
 4:49:57 "HMT|B150B|regard|9|ecart_max|0|ecart_moyen|0|n|12"
 4:49:58 "HMT|B150B|regard|9|ecart_max|0|ecart_moyen|0|n|12"
 4:49:59 "HMT|B150B|regard|9|ecart_max|0|ecart_moyen|0|n|12"
 4:50:00 "HMT|B150B|regard|9|ecart_max|0|ecart_moyen|0|n|12"
 4:50:01 "HMT|B150B|regard|9|ecart_max|0|ecart_moyen|0|n|12"
 4:50:02 "HMT|B150B|regard|9|ecart_max|0|ecart_moyen|0|n|12"
 4:50:03 "HMT|B150B|regard|9|ecart_max|0|ecart_moyen|0|n|12"
 4:50:04 "HMT|B150B|regard|9|ecart_max|0|ecart_moyen|0|n|12"
 4:50:05 "HMT|B150B|regard|9|ecart_max|0|ecart_moyen|0|n|12"
 4:50:07 "HMT|B150B|regard|9|ecart_max|0|ecart_moyen|0|n|12"
 4:50:08 "HMT|B150B|regard|9|ecart_max|0|ecart_moyen|0|n|12"
 4:50:09 "HMT|B150B|regard|9|ecart_max|0|ecart_moyen|0|n|12"
 4:50:10 "HMT|B150B|regard|9|ecart_max|0|ecart_moyen|0|n|12"
 4:50:11 "HMT|B150B|regard|9|ecart_max|0|ecart_moyen|0|n|12"
 4:50:12 "HMT|B150B|regard|9|ecart_max|0|ecart_moyen|0|n|12"
 4:50:13 "HMT|B150B|regard|9|ecart_max|0|ecart_moyen|0|n|12"
 4:50:14 "HMT|B150B|regard|9|ecart_max|0|ecart_moyen|0|n|12"
 4:50:15 "HMT|B150B|regard|9|ecart_max|0|ecart_moyen|0|n|12"
 4:50:16 "HMT|B150B|regard|9|ecart_max|0|ecart_moyen|0|n|12"
 4:50:17 "HMT|B150B|regard|9|ecart_max|0|ecart_moyen|0|n|12"
 4:50:18 "HMT|B150B|regard|9|ecart_max|0|ecart_moyen|0|n|12"
 4:50:19 "HMT|B150B|regard|9|ecart_max|0|ecart_moyen|0|n|12"
 4:50:20 "HMT|B150B|regard|9|ecart_max|0|ecart_moyen|0|n|12"
 4:50:21 "HMT|B150B|regard|9|ecart_max|0|ecart_moyen|0|n|12"
 4:50:22 "HMT|B150B|regard|9|ecart_max|0|ecart_moyen|0|n|12"
 4:50:23 "HMT|B150B|regard|9|ecart_max|0|ecart_moyen|0|n|12"
 4:50:24 "HMT|B150B|regard|9|ecart_max|0|ecart_moyen|0|n|12"
 4:50:25 "HMT|B150B|regard|9|ecart_max|0|ecart_moyen|0|n|12"
 4:50:26 "HMT|B150B|regard|9|ecart_max|0|ecart_moyen|0|n|12"
 4:50:27 "HMT|B150B|regard|9|ecart_max|0|ecart_moyen|0|n|12"
 4:50:28 "HMT|B150B|regard|9|ecart_max|0|ecart_moyen|0|n|12"
 4:50:29 "HMT|B150B|essai|9|droite_bis|know|4|reste|40|jalons|[1,0,0,-1]|points|29|couche|0"
 4:50:29 "HMT|B150B|regard|9|ecart_max|0|ecart_moyen|0|n|12"
 4:50:30 "HMT|B150B|regard|9|ecart_max|0|ecart_moyen|0|n|12"
 4:50:31 "HMT|B150B|regard|9|ecart_max|0|ecart_moyen|0|n|12"
 4:50:32 "HMT|B150B|regard|9|ecart_max|0|ecart_moyen|0|n|12"
 4:50:33 "HMT|B150B|regard|9|ecart_max|0|ecart_moyen|0|n|12"
 4:50:34 "HMT|B150B|regard|9|ecart_max|0|ecart_moyen|0|n|12"
 4:50:35 "HMT|B150B|regard|9|ecart_max|0|ecart_moyen|0|n|12"
 4:50:36 "HMT|B150B|regard|9|ecart_max|0|ecart_moyen|0|n|12"
 4:50:37 "HMT|B150B|regard|9|ecart_max|0|ecart_moyen|0|n|12"
 4:50:38 "HMT|B150B|regard|9|ecart_max|0|ecart_moyen|0|n|12"
 4:50:39 "HMT|B150B|regard|9|ecart_max|0|ecart_moyen|0|n|12"
 4:50:40 "HMT|B150B|regard|9|ecart_max|0|ecart_moyen|0|n|12"
 4:50:41 "HMT|B150B|regard|9|ecart_max|0|ecart_moyen|0|n|12"
 4:50:42 "HMT|B150B|regard|9|ecart_max|0|ecart_moyen|0|n|12"
 4:50:43 "HMT|B150B|regard|9|ecart_max|0|ecart_moyen|0|n|12"
 4:50:44 "HMT|B150B|regard|9|ecart_max|0|ecart_moyen|0|n|12"
 4:50:45 "HMT|B150B|regard|9|ecart_max|0|ecart_moyen|0|n|12"
 4:50:46 "HMT|B150B|regard|9|ecart_max|0|ecart_moyen|0|n|12"
 4:50:47 "HMT|B150B|regard|9|ecart_max|0|ecart_moyen|0|n|12"
 4:50:48 "HMT|B150B|regard|9|ecart_max|0|ecart_moyen|0|n|12"
 4:50:49 "HMT|B150B|regard|9|ecart_max|0|ecart_moyen|0|n|12"
 4:50:50 "HMT|B150B|regard|9|ecart_max|0|ecart_moyen|0|n|12"
 4:50:51 "HMT|B150B|regard|9|ecart_max|0|ecart_moyen|0|n|12"
 4:50:52 "HMT|B150B|regard|9|ecart_max|0|ecart_moyen|0|n|12"
 4:50:53 "HMT|B150B|regard|9|ecart_max|0|ecart_moyen|0|n|12"
 4:50:54 "HMT|B150B|regard|9|ecart_max|0|ecart_moyen|0|n|12"
 4:50:55 "HMT|B150B|regard|9|ecart_max|0|ecart_moyen|0|n|12"
 4:50:56 "HMT|B150B|regard|9|ecart_max|0|ecart_moyen|0|n|12"
 4:50:57 "HMT|B150B|regard|9|ecart_max|0|ecart_moyen|0|n|12"
 4:50:58 "HMT|B150B|regard|9|ecart_max|0|ecart_moyen|0|n|12"
 4:50:59 "HMT|B150B|regard|9|ecart_max|0|ecart_moyen|0|n|12"
 4:51:00 "HMT|B150B|regard|9|ecart_max|0|ecart_moyen|0|n|12"
 4:51:01 "HMT|B150B|regard|9|ecart_max|0|ecart_moyen|0|n|12"
 4:51:02 "HMT|B150B|regard|9|ecart_max|0|ecart_moyen|0|n|12"
 4:51:03 "HMT|B150B|regard|9|ecart_max|0|ecart_moyen|0|n|12"
 4:51:04 "HMT|B150B|regard|9|ecart_max|0|ecart_moyen|0|n|12"
 4:51:05 "HMT|B150B|regard|9|ecart_max|0|ecart_moyen|0|n|12"
 4:51:06 "HMT|B150B|regard|9|ecart_max|0|ecart_moyen|0|n|12"
 4:51:07 "HMT|B150B|regard|9|ecart_max|0|ecart_moyen|0|n|12"
 4:51:08 "HMT|B150B|regard|9|ecart_max|0|ecart_moyen|0|n|12"
 4:51:09 "HMT|B150B|regard|9|ecart_max|0|ecart_moyen|0|n|12"
 4:51:10 "HMT|B150B|regard|9|ecart_max|0|ecart_moyen|0|n|12"
 4:51:11 "HMT|B150B|regard|9|ecart_max|0|ecart_moyen|0|n|12"
 4:51:12 "HMT|B150B|regard|9|ecart_max|0|ecart_moyen|0|n|12"
 4:51:13 "HMT|B150B|regard|9|ecart_max|0|ecart_moyen|0|n|12"
 4:51:15 "HMT|B150B|regard|9|ecart_max|0|ecart_moyen|0|n|12"
 4:51:16 "HMT|B150B|regard|9|ecart_max|0|ecart_moyen|0|n|12"
 4:51:17 "HMT|B150B|regard|9|ecart_max|0|ecart_moyen|0|n|12"
 4:51:18 "HMT|B150B|regard|9|ecart_max|0|ecart_moyen|0|n|12"
 4:51:19 "HMT|B150B|regard|9|ecart_max|0|ecart_moyen|0|n|12"
 4:51:20 "HMT|B150B|regard|9|ecart_max|0|ecart_moyen|0|n|12"
 4:51:21 "HMT|B150B|regard|9|ecart_max|0|ecart_moyen|0|n|12"
 4:51:22 "HMT|B150B|regard|9|ecart_max|0|ecart_moyen|0|n|12"
 4:51:23 "HMT|B150B|regard|9|ecart_max|0|ecart_moyen|0|n|12"
 4:51:24 "HMT|B150B|regard|9|ecart_max|0|ecart_moyen|0|n|12"
 4:51:25 "HMT|B150B|regard|9|ecart_max|0|ecart_moyen|0|n|12"
 4:51:26 "HMT|B150B|regard|9|ecart_max|0|ecart_moyen|0|n|12"
 4:51:27 "HMT|B150B|regard|9|ecart_max|0|ecart_moyen|0|n|12"
 4:51:28 "HMT|B150B|regard|9|ecart_max|0|ecart_moyen|0|n|12"
 4:51:29 "HMT|B150B|regard|9|ecart_max|0|ecart_moyen|0|n|12"
 4:51:30 "HMT|B150B|regard|9|ecart_max|0|ecart_moyen|0|n|12"
 4:51:31 "HMT|B150B|regard|9|ecart_max|0|ecart_moyen|0|n|12"
 4:51:32 "HMT|B150B|regard|9|ecart_max|0|ecart_moyen|0|n|12"
 4:51:33 "HMT|B150B|regard|9|ecart_max|0|ecart_moyen|0|n|12"
 4:51:34 "HMT|B150B|regard|9|ecart_max|0|ecart_moyen|0|n|12"
 4:51:35 "HMT|B150B|regard|9|ecart_max|0|ecart_moyen|0|n|12"
 4:51:36 "HMT|B150B|regard|9|ecart_max|0|ecart_moyen|0|n|12"
 4:51:37 "HMT|B150B|regard|9|ecart_max|0|ecart_moyen|0|n|12"
 4:51:38 "HMT|B150B|regard|9|ecart_max|0|ecart_moyen|0|n|12"
 4:51:39 "HMT|B150B|regard|9|ecart_max|0|ecart_moyen|0|n|12"
 4:51:40 "HMT|B150B|regard|9|ecart_max|0|ecart_moyen|0|n|12"
 4:51:41 "HMT|B150B|regard|9|ecart_max|0|ecart_moyen|0|n|12"
 4:51:42 "HMT|B150B|regard|9|ecart_max|0|ecart_moyen|0|n|12"
 4:51:43 "HMT|B150B|regard|9|ecart_max|0|ecart_moyen|0|n|12"
 4:51:44 "HMT|B150B|regard|9|ecart_max|0|ecart_moyen|0|n|12"
 4:51:45 "HMT|B150B|regard|9|ecart_max|0|ecart_moyen|0|n|12"
 4:51:46 "HMT|B150B|regard|9|ecart_max|0|ecart_moyen|0|n|12"
 4:51:47 "HMT|B150B|regard|9|ecart_max|0|ecart_moyen|0|n|12"
 4:51:48 "HMT|B150B|regard|9|ecart_max|0|ecart_moyen|0|n|12"
 4:51:49 "HMT|B150B|regard|9|ecart_max|0|ecart_moyen|0|n|12"
 4:51:50 "HMT|B150B|regard|9|ecart_max|0|ecart_moyen|0|n|12"
 4:51:51 "HMT|B150B|regard|9|ecart_max|0|ecart_moyen|0|n|12"
 4:51:52 "HMT|B150B|regard|9|ecart_max|0|ecart_moyen|0|n|12"
 4:51:53 "HMT|B150B|regard|9|ecart_max|0|ecart_moyen|0|n|12"
 4:51:54 "HMT|B150B|regard|9|ecart_max|0|ecart_moyen|0|n|12"
 4:51:55 "HMT|B150B|regard|9|ecart_max|0|ecart_moyen|0|n|12"
 4:51:56 "HMT|B150B|regard|9|ecart_max|0|ecart_moyen|0|n|12"
 4:51:57 "HMT|B150B|regard|9|ecart_max|0|ecart_moyen|0|n|12"
 4:51:58 "HMT|B150B|regard|9|ecart_max|0|ecart_moyen|0|n|12"
 4:51:59 "HMT|B150B|regard|9|ecart_max|0|ecart_moyen|0|n|12"
 4:52:00 "HMT|B150B|regard|9|ecart_max|0|ecart_moyen|0|n|12"
 4:52:01 "HMT|B150B|regard|9|ecart_max|0|ecart_moyen|0|n|12"
 4:52:02 "HMT|B150B|regard|9|ecart_max|0|ecart_moyen|0|n|12"
 4:52:03 "HMT|B150B|regard|9|ecart_max|0|ecart_moyen|0|n|12"
 4:52:04 "HMT|B150B|regard|9|ecart_max|0|ecart_moyen|0|n|12"
 4:52:05 "HMT|B150B|regard|9|ecart_max|0|ecart_moyen|0|n|12"
 4:52:06 "HMT|B150B|regard|9|ecart_max|0|ecart_moyen|0|n|12"
 4:52:07 "HMT|B150B|regard|9|ecart_max|0|ecart_moyen|0|n|12"
 4:52:08 "HMT|B150B|regard|9|ecart_max|0|ecart_moyen|0|n|12"
 4:52:09 "HMT|B150B|regard|9|ecart_max|0|ecart_moyen|0|n|12"
 4:52:10 "HMT|B150B|regard|9|ecart_max|0|ecart_moyen|0|n|12"
 4:52:11 "HMT|B150B|regard|9|ecart_max|0|ecart_moyen|0|n|12"
 4:52:12 "HMT|B150B|regard|9|ecart_max|0|ecart_moyen|0|n|12"
 4:52:13 "HMT|B150B|regard|9|ecart_max|0|ecart_moyen|0|n|12"
 4:52:14 "HMT|B150B|regard|9|ecart_max|0|ecart_moyen|0|n|12"
 4:52:15 "HMT|B150B|regard|9|ecart_max|0|ecart_moyen|0|n|12"
 4:52:16 "HMT|B150B|regard|9|ecart_max|0|ecart_moyen|0|n|12"
 4:52:17 "HMT|B150B|regard|9|ecart_max|0|ecart_moyen|0|n|12"
 4:52:18 "HMT|B150B|regard|9|ecart_max|0|ecart_moyen|0|n|12"
 4:52:19 "HMT|B150B|regard|9|ecart_max|0|ecart_moyen|0|n|12"
 4:52:20 "HMT|B150B|regard|9|ecart_max|0|ecart_moyen|0|n|12"
 4:52:21 "HMT|B150B|regard|9|ecart_max|0|ecart_moyen|0|n|12"
 4:52:22 "HMT|B150B|regard|9|ecart_max|0|ecart_moyen|0|n|12"
 4:52:23 "HMT|B150B|regard|9|ecart_max|0|ecart_moyen|0|n|12"
 4:52:24 "HMT|B150B|regard|9|ecart_max|0|ecart_moyen|0|n|12"
 4:52:25 "HMT|B150B|regard|9|ecart_max|0|ecart_moyen|0|n|12"
 4:52:27 "HMT|B150B|regard|9|ecart_max|0|ecart_moyen|0|n|12"
 4:52:28 "HMT|B150B|regard|9|ecart_max|0|ecart_moyen|0|n|12"
 4:52:29 "HMT|B150B|regard|9|ecart_max|0|ecart_moyen|0|n|12"
 4:52:30 "HMT|B150B|regard|9|ecart_max|0|ecart_moyen|0|n|12"
 4:52:31 "HMT|B150B|regard|9|ecart_max|0|ecart_moyen|0|n|12"
 4:52:32 "HMT|B150B|regard|9|ecart_max|0|ecart_moyen|0|n|12"
 4:52:33 "HMT|B150B|regard|9|ecart_max|0|ecart_moyen|0|n|12"
 4:52:34 "HMT|B150B|regard|9|ecart_max|0|ecart_moyen|0|n|12"
 4:52:35 "HMT|B150B|regard|9|ecart_max|0|ecart_moyen|0|n|12"
 4:52:36 "HMT|B150B|regard|9|ecart_max|0|ecart_moyen|0|n|12"
 4:52:37 "HMT|B150B|regard|9|ecart_max|0|ecart_moyen|0|n|12"
 4:52:38 "HMT|B150B|regard|9|ecart_max|0|ecart_moyen|0|n|12"
 4:52:39 "HMT|B150B|regard|9|ecart_max|0|ecart_moyen|0|n|12"
 4:52:40 "HMT|B150B|regard|9|ecart_max|0|ecart_moyen|0|n|12"
 4:52:41 "HMT|B150B|regard|9|ecart_max|0|ecart_moyen|0|n|12"
 4:52:42 "HMT|B150B|regard|9|ecart_max|0|ecart_moyen|0|n|12"
 4:52:43 "HMT|B150B|regard|9|ecart_max|0|ecart_moyen|0|n|12"
 4:52:44 "HMT|B150B|regard|9|ecart_max|0|ecart_moyen|0|n|12"
 4:52:45 "HMT|B150B|regard|9|ecart_max|0|ecart_moyen|0|n|12"
 4:52:46 "HMT|B150B|essai|9|oracle|know|4|reste|39|jalons|[1,0,0,0]|points|108|couche|0"
 4:52:46 "HMT|B150B|regard|9|ecart_max|0|ecart_moyen|0|n|12"
 4:52:47 "HMT|B150B|regard|9|ecart_max|0|ecart_moyen|0|n|12"
 4:52:48 "HMT|B150B|regard|9|ecart_max|0|ecart_moyen|0|n|12"
 4:52:49 "HMT|B150B|regard|9|ecart_max|0|ecart_moyen|0|n|12"
 4:52:50 "HMT|B150B|regard|9|ecart_max|0|ecart_moyen|0|n|12"
 4:52:51 "HMT|B150B|regard|9|ecart_max|0|ecart_moyen|0|n|12"
 4:52:52 "HMT|B150B|regard|9|ecart_max|0|ecart_moyen|0|n|12"
 4:52:53 "HMT|B150B|regard|9|ecart_max|0|ecart_moyen|0|n|12"
 4:52:54 "HMT|B150B|regard|9|ecart_max|0|ecart_moyen|0|n|12"
 4:52:55 "HMT|B150B|regard|9|ecart_max|0|ecart_moyen|0|n|12"
 4:52:56 "HMT|B150B|regard|9|ecart_max|0|ecart_moyen|0|n|12"
 4:52:57 "HMT|B150B|regard|9|ecart_max|0|ecart_moyen|0|n|12"
 4:52:58 "HMT|B150B|regard|9|ecart_max|0|ecart_moyen|0|n|12"
 4:52:59 "HMT|B150B|regard|9|ecart_max|0|ecart_moyen|0|n|12"
 4:53:00 "HMT|B150B|regard|9|ecart_max|0|ecart_moyen|0|n|12"
 4:53:01 "HMT|B150B|regard|9|ecart_max|0|ecart_moyen|0|n|12"
 4:53:02 "HMT|B150B|regard|9|ecart_max|0|ecart_moyen|0|n|12"
 4:53:03 "HMT|B150B|regard|9|ecart_max|0|ecart_moyen|0|n|12"
 4:53:04 "HMT|B150B|regard|9|ecart_max|0|ecart_moyen|0|n|12"
 4:53:05 "HMT|B150B|regard|9|ecart_max|0|ecart_moyen|0|n|12"
 4:53:06 "HMT|B150B|regard|9|ecart_max|0|ecart_moyen|0|n|12"
 4:53:07 "HMT|B150B|regard|9|ecart_max|0|ecart_moyen|0|n|12"
 4:53:08 "HMT|B150B|regard|9|ecart_max|0|ecart_moyen|0|n|12"
 4:53:09 "HMT|B150B|regard|9|ecart_max|0|ecart_moyen|0|n|12"
 4:53:10 "HMT|B150B|regard|9|ecart_max|0|ecart_moyen|0|n|12"
 4:53:11 "HMT|B150B|regard|9|ecart_max|0|ecart_moyen|0|n|12"
 4:53:12 "HMT|B150B|regard|9|ecart_max|0|ecart_moyen|0|n|12"
 4:53:13 "HMT|B150B|regard|9|ecart_max|0|ecart_moyen|0|n|12"
 4:53:14 "HMT|B150B|regard|9|ecart_max|0|ecart_moyen|0|n|12"
 4:53:15 "HMT|B150B|regard|9|ecart_max|0|ecart_moyen|0|n|12"
 4:53:16 "HMT|B150B|regard|9|ecart_max|0|ecart_moyen|0|n|12"
 4:53:17 "HMT|B150B|regard|9|ecart_max|0|ecart_moyen|0|n|12"
 4:53:18 "HMT|B150B|regard|9|ecart_max|0|ecart_moyen|0|n|12"
 4:53:19 "HMT|B150B|regard|9|ecart_max|0|ecart_moyen|0|n|12"
 4:53:20 "HMT|B150B|regard|9|ecart_max|0|ecart_moyen|0|n|12"
 4:53:21 "HMT|B150B|regard|9|ecart_max|0|ecart_moyen|0|n|12"
 4:53:22 "HMT|B150B|regard|9|ecart_max|0|ecart_moyen|0|n|12"
 4:53:23 "HMT|B150B|regard|9|ecart_max|0|ecart_moyen|0|n|12"
 4:53:24 "HMT|B150B|regard|9|ecart_max|0|ecart_moyen|0|n|12"
 4:53:25 "HMT|B150B|regard|9|ecart_max|0|ecart_moyen|0|n|12"
 4:53:26 "HMT|B150B|regard|9|ecart_max|0|ecart_moyen|0|n|12"
 4:53:27 "HMT|B150B|regard|9|ecart_max|0|ecart_moyen|0|n|12"
 4:53:28 "HMT|B150B|essai|9|oracle_libre|know|3.73|reste|40|jalons|[1,1,0,0]|points|30|couche|0"
 4:53:28 "HMT|B150B|regard|9|ecart_max|0|ecart_moyen|0|n|12"
 4:53:29 "HMT|B150B|regard|9|ecart_max|0|ecart_moyen|0|n|12"
 4:53:30 "HMT|B150B|regard|9|ecart_max|0|ecart_moyen|0|n|12"
 4:53:31 "HMT|B150B|regard|9|ecart_max|0|ecart_moyen|0|n|12"
 4:53:35 "HMT|B150B|regard|10|ecart_max|0|ecart_moyen|0|n|7"
 4:53:36 "HMT|B150B|regard|10|ecart_max|0|ecart_moyen|0|n|7"
 4:53:37 "HMT|B150B|regard|10|ecart_max|0|ecart_moyen|0|n|7"
 4:53:38 "HMT|B150B|regard|10|ecart_max|0|ecart_moyen|0|n|7"
 4:53:39 "HMT|B150B|config|10|defenseurs|7|derive_max|0|caps|[47,188,191,112,180,181,180]"
 4:53:39 "HMT|B150B|regard|10|ecart_max|0|ecart_moyen|0|n|7"
 4:53:40 "HMT|B150B|regard|10|ecart_max|0|ecart_moyen|0|n|7"
 4:53:41 "HMT|B150B|regard|10|ecart_max|0|ecart_moyen|0|n|7"
 4:53:42 "HMT|B150B|regard|10|ecart_max|0|ecart_moyen|0|n|7"
 4:53:43 "HMT|B150B|regard|10|ecart_max|0|ecart_moyen|0|n|7"
 4:53:44 "HMT|B150B|regard|10|ecart_max|0|ecart_moyen|0|n|7"
 4:53:45 "HMT|B150B|regard|10|ecart_max|0|ecart_moyen|0|n|7"
 4:53:46 "HMT|B150B|regard|10|ecart_max|0|ecart_moyen|0|n|7"
 4:53:47 "HMT|B150B|regard|10|ecart_max|0|ecart_moyen|0|n|7"
 4:53:48 "HMT|B150B|regard|10|ecart_max|0|ecart_moyen|0|n|7"
 4:53:49 "HMT|B150B|regard|10|ecart_max|0|ecart_moyen|0|n|7"
 4:53:50 "HMT|B150B|regard|10|ecart_max|0|ecart_moyen|0|n|7"
 4:53:51 "HMT|B150B|regard|10|ecart_max|0|ecart_moyen|0|n|7"
 4:53:52 "HMT|B150B|regard|10|ecart_max|0|ecart_moyen|0|n|7"
 4:53:53 "HMT|B150B|regard|10|ecart_max|0|ecart_moyen|0|n|7"
 4:53:54 "HMT|B150B|regard|10|ecart_max|0|ecart_moyen|0|n|7"
 4:53:55 "HMT|B150B|regard|10|ecart_max|0|ecart_moyen|0|n|7"
 4:53:56 "HMT|B150B|regard|10|ecart_max|0|ecart_moyen|0|n|7"
 4:53:57 "HMT|B150B|regard|10|ecart_max|0|ecart_moyen|0|n|7"
 4:53:58 "HMT|B150B|regard|10|ecart_max|0|ecart_moyen|0|n|7"
 4:53:59 "HMT|B150B|regard|10|ecart_max|0|ecart_moyen|0|n|7"
 4:54:00 "HMT|B150B|regard|10|ecart_max|0|ecart_moyen|0|n|7"
 4:54:02 "HMT|B150B|regard|10|ecart_max|0|ecart_moyen|0|n|7"
 4:54:03 "HMT|B150B|regard|10|ecart_max|0|ecart_moyen|0|n|7"
 4:54:04 "HMT|B150B|regard|10|ecart_max|0|ecart_moyen|0|n|7"
 4:54:05 "HMT|B150B|regard|10|ecart_max|0|ecart_moyen|0|n|7"
 4:54:06 "HMT|B150B|regard|10|ecart_max|0|ecart_moyen|0|n|7"
 4:54:07 "HMT|B150B|regard|10|ecart_max|0|ecart_moyen|0|n|7"
 4:54:08 "HMT|B150B|regard|10|ecart_max|0|ecart_moyen|0|n|7"
 4:54:09 "HMT|B150B|regard|10|ecart_max|0|ecart_moyen|0|n|7"
 4:54:10 "HMT|B150B|regard|10|ecart_max|0|ecart_moyen|0|n|7"
 4:54:11 "HMT|B150B|regard|10|ecart_max|0|ecart_moyen|0|n|7"
 4:54:12 "HMT|B150B|regard|10|ecart_max|0|ecart_moyen|0|n|7"
 4:54:13 "HMT|B150B|regard|10|ecart_max|0|ecart_moyen|0|n|7"
 4:54:14 "HMT|B150B|regard|10|ecart_max|0|ecart_moyen|0|n|7"
 4:54:15 "HMT|B150B|regard|10|ecart_max|0|ecart_moyen|0|n|7"
 4:54:16 "HMT|B150B|regard|10|ecart_max|0|ecart_moyen|0|n|7"
 4:54:16 "HMT|B150B|essai|10|agent|know|4|reste|38|jalons|[1,1,0,0]|points|29|couche|0"
 4:54:17 "HMT|B150B|regard|10|ecart_max|0|ecart_moyen|0|n|7"
 4:54:18 "HMT|B150B|regard|10|ecart_max|0|ecart_moyen|0|n|7"
 4:54:19 "HMT|B150B|regard|10|ecart_max|0|ecart_moyen|0|n|7"
 4:54:20 "HMT|B150B|regard|10|ecart_max|0|ecart_moyen|0|n|7"
 4:54:21 "HMT|B150B|regard|10|ecart_max|0|ecart_moyen|0|n|7"
 4:54:22 "HMT|B150B|regard|10|ecart_max|0|ecart_moyen|0|n|7"
 4:54:23 "HMT|B150B|regard|10|ecart_max|0|ecart_moyen|0|n|7"
 4:54:24 "HMT|B150B|regard|10|ecart_max|0|ecart_moyen|0|n|7"
 4:54:25 "HMT|B150B|regard|10|ecart_max|0|ecart_moyen|0|n|7"
 4:54:26 "HMT|B150B|regard|10|ecart_max|0|ecart_moyen|0|n|7"
 4:54:27 "HMT|B150B|regard|10|ecart_max|0|ecart_moyen|0|n|7"
 4:54:28 "HMT|B150B|regard|10|ecart_max|0|ecart_moyen|0|n|7"
 4:54:29 "HMT|B150B|regard|10|ecart_max|0|ecart_moyen|0|n|7"
 4:54:30 "HMT|B150B|regard|10|ecart_max|0|ecart_moyen|0|n|7"
 4:54:31 "HMT|B150B|regard|10|ecart_max|0|ecart_moyen|0|n|7"
 4:54:32 "HMT|B150B|regard|10|ecart_max|0|ecart_moyen|0|n|7"
 4:54:33 "HMT|B150B|regard|10|ecart_max|0|ecart_moyen|0|n|7"
 4:54:34 "HMT|B150B|regard|10|ecart_max|0|ecart_moyen|0|n|7"
 4:54:35 "HMT|B150B|regard|10|ecart_max|0|ecart_moyen|0|n|7"
 4:54:36 "HMT|B150B|regard|10|ecart_max|0|ecart_moyen|0|n|7"
 4:54:37 "HMT|B150B|regard|10|ecart_max|0|ecart_moyen|0|n|7"
 4:54:38 "HMT|B150B|regard|10|ecart_max|0|ecart_moyen|0|n|7"
 4:54:39 "HMT|B150B|regard|10|ecart_max|0|ecart_moyen|0|n|7"
 4:54:40 "HMT|B150B|regard|10|ecart_max|0|ecart_moyen|0|n|7"
 4:54:41 "HMT|B150B|regard|10|ecart_max|0|ecart_moyen|0|n|7"
 4:54:42 "HMT|B150B|regard|10|ecart_max|0|ecart_moyen|0|n|7"
 4:54:43 "HMT|B150B|regard|10|ecart_max|0|ecart_moyen|0|n|7"
 4:54:44 "HMT|B150B|regard|10|ecart_max|0|ecart_moyen|0|n|7"
 4:54:45 "HMT|B150B|regard|10|ecart_max|0|ecart_moyen|0|n|7"
 4:54:46 "HMT|B150B|regard|10|ecart_max|0|ecart_moyen|0|n|7"
 4:54:47 "HMT|B150B|regard|10|ecart_max|0|ecart_moyen|0|n|7"
 4:54:48 "HMT|B150B|regard|10|ecart_max|0|ecart_moyen|0|n|7"
 4:54:49 "HMT|B150B|regard|10|ecart_max|0|ecart_moyen|0|n|7"
 4:54:50 "HMT|B150B|regard|10|ecart_max|0|ecart_moyen|0|n|7"
 4:54:51 "HMT|B150B|regard|10|ecart_max|0|ecart_moyen|0|n|7"
 4:54:52 "HMT|B150B|regard|10|ecart_max|0|ecart_moyen|0|n|7"
 4:54:53 "HMT|B150B|regard|10|ecart_max|0|ecart_moyen|0|n|7"
 4:54:54 "HMT|B150B|regard|10|ecart_max|0|ecart_moyen|0|n|7"
 4:54:55 "HMT|B150B|regard|10|ecart_max|0|ecart_moyen|0|n|7"
 4:54:56 "HMT|B150B|regard|10|ecart_max|0|ecart_moyen|0|n|7"
 4:54:57 "HMT|B150B|regard|10|ecart_max|0|ecart_moyen|0|n|7"
 4:54:58 "HMT|B150B|essai|10|droite|know|4|reste|40|jalons|[1,1,0,-1]|points|29|couche|0"
 4:54:58 "HMT|B150B|regard|10|ecart_max|0|ecart_moyen|0|n|7"
 4:54:59 "HMT|B150B|regard|10|ecart_max|0|ecart_moyen|0|n|7"
 4:55:00 "HMT|B150B|regard|10|ecart_max|0|ecart_moyen|0|n|7"
 4:55:01 "HMT|B150B|regard|10|ecart_max|0|ecart_moyen|0|n|7"
 4:55:02 "HMT|B150B|regard|10|ecart_max|0|ecart_moyen|0|n|7"
 4:55:03 "HMT|B150B|regard|10|ecart_max|0|ecart_moyen|0|n|7"
 4:55:04 "HMT|B150B|regard|10|ecart_max|0|ecart_moyen|0|n|7"
 4:55:05 "HMT|B150B|regard|10|ecart_max|0|ecart_moyen|0|n|7"
 4:55:06 "HMT|B150B|regard|10|ecart_max|0|ecart_moyen|0|n|7"
 4:55:07 "HMT|B150B|regard|10|ecart_max|0|ecart_moyen|0|n|7"
 4:55:08 "HMT|B150B|regard|10|ecart_max|0|ecart_moyen|0|n|7"
 4:55:09 "HMT|B150B|regard|10|ecart_max|0|ecart_moyen|0|n|7"
 4:55:10 "HMT|B150B|regard|10|ecart_max|0|ecart_moyen|0|n|7"
 4:55:11 "HMT|B150B|regard|10|ecart_max|0|ecart_moyen|0|n|7"
 4:55:13 "HMT|B150B|regard|10|ecart_max|0|ecart_moyen|0|n|7"
 4:55:14 "HMT|B150B|regard|10|ecart_max|0|ecart_moyen|0|n|7"
 4:55:15 "HMT|B150B|regard|10|ecart_max|0|ecart_moyen|0|n|7"
 4:55:16 "HMT|B150B|regard|10|ecart_max|0|ecart_moyen|0|n|7"
 4:55:17 "HMT|B150B|regard|10|ecart_max|0|ecart_moyen|0|n|7"
 4:55:18 "HMT|B150B|regard|10|ecart_max|0|ecart_moyen|0|n|7"
 4:55:19 "HMT|B150B|regard|10|ecart_max|0|ecart_moyen|0|n|7"
 4:55:20 "HMT|B150B|regard|10|ecart_max|0|ecart_moyen|0|n|7"
 4:55:21 "HMT|B150B|regard|10|ecart_max|0|ecart_moyen|0|n|7"
 4:55:22 "HMT|B150B|regard|10|ecart_max|0|ecart_moyen|0|n|7"
 4:55:23 "HMT|B150B|regard|10|ecart_max|0|ecart_moyen|0|n|7"
 4:55:24 "HMT|B150B|regard|10|ecart_max|0|ecart_moyen|0|n|7"
 4:55:25 "HMT|B150B|regard|10|ecart_max|0|ecart_moyen|0|n|7"
 4:55:26 "HMT|B150B|regard|10|ecart_max|0|ecart_moyen|0|n|7"
 4:55:27 "HMT|B150B|regard|10|ecart_max|0|ecart_moyen|0|n|7"
 4:55:28 "HMT|B150B|regard|10|ecart_max|0|ecart_moyen|0|n|7"
 4:55:29 "HMT|B150B|regard|10|ecart_max|0|ecart_moyen|0|n|7"
 4:55:30 "HMT|B150B|regard|10|ecart_max|0|ecart_moyen|0|n|7"
 4:55:31 "HMT|B150B|regard|10|ecart_max|0|ecart_moyen|0|n|7"
 4:55:32 "HMT|B150B|regard|10|ecart_max|0|ecart_moyen|0|n|7"
 4:55:33 "HMT|B150B|regard|10|ecart_max|0|ecart_moyen|0|n|7"
 4:55:34 "HMT|B150B|regard|10|ecart_max|0|ecart_moyen|0|n|7"
 4:55:35 "HMT|B150B|regard|10|ecart_max|0|ecart_moyen|0|n|7"
 4:55:36 "HMT|B150B|regard|10|ecart_max|0|ecart_moyen|0|n|7"
 4:55:37 "HMT|B150B|regard|10|ecart_max|0|ecart_moyen|0|n|7"
 4:55:38 "HMT|B150B|regard|10|ecart_max|0|ecart_moyen|0|n|7"
 4:55:39 "HMT|B150B|essai|10|droite_bis|know|4|reste|40|jalons|[0,0,0,-1]|points|29|couche|0"
 4:55:39 "HMT|B150B|regard|10|ecart_max|0|ecart_moyen|0|n|7"
 4:55:40 "HMT|B150B|regard|10|ecart_max|0|ecart_moyen|0|n|7"
 4:55:41 "HMT|B150B|regard|10|ecart_max|0|ecart_moyen|0|n|7"
 4:55:42 "HMT|B150B|regard|10|ecart_max|0|ecart_moyen|0|n|7"
 4:55:43 "HMT|B150B|regard|10|ecart_max|0|ecart_moyen|0|n|7"
 4:55:44 "HMT|B150B|regard|10|ecart_max|0|ecart_moyen|0|n|7"
 4:55:45 "HMT|B150B|regard|10|ecart_max|0|ecart_moyen|0|n|7"
 4:55:46 "HMT|B150B|regard|10|ecart_max|0|ecart_moyen|0|n|7"
 4:55:47 "HMT|B150B|regard|10|ecart_max|0|ecart_moyen|0|n|7"
 4:55:48 "HMT|B150B|regard|10|ecart_max|0|ecart_moyen|0|n|7"
 4:55:49 "HMT|B150B|regard|10|ecart_max|0|ecart_moyen|0|n|7"
 4:55:50 "HMT|B150B|regard|10|ecart_max|0|ecart_moyen|0|n|7"
 4:55:51 "HMT|B150B|regard|10|ecart_max|0|ecart_moyen|0|n|7"
 4:55:52 "HMT|B150B|regard|10|ecart_max|0|ecart_moyen|0|n|7"
 4:55:53 "HMT|B150B|regard|10|ecart_max|0|ecart_moyen|0|n|7"
 4:55:54 "HMT|B150B|regard|10|ecart_max|0|ecart_moyen|0|n|7"
 4:55:55 "HMT|B150B|regard|10|ecart_max|0|ecart_moyen|0|n|7"
 4:55:56 "HMT|B150B|regard|10|ecart_max|0|ecart_moyen|0|n|7"
 4:55:57 "HMT|B150B|regard|10|ecart_max|0|ecart_moyen|0|n|7"
 4:55:58 "HMT|B150B|regard|10|ecart_max|0|ecart_moyen|0|n|7"
 4:55:59 "HMT|B150B|regard|10|ecart_max|0|ecart_moyen|0|n|7"
 4:56:00 "HMT|B150B|regard|10|ecart_max|0|ecart_moyen|0|n|7"
 4:56:01 "HMT|B150B|regard|10|ecart_max|0|ecart_moyen|0|n|7"
 4:56:02 "HMT|B150B|regard|10|ecart_max|0|ecart_moyen|0|n|7"
 4:56:03 "HMT|B150B|regard|10|ecart_max|0|ecart_moyen|0|n|7"
 4:56:04 "HMT|B150B|regard|10|ecart_max|0|ecart_moyen|0|n|7"
 4:56:05 "HMT|B150B|regard|10|ecart_max|0|ecart_moyen|0|n|7"
 4:56:06 "HMT|B150B|regard|10|ecart_max|0|ecart_moyen|0|n|7"
 4:56:07 "HMT|B150B|regard|10|ecart_max|0|ecart_moyen|0|n|7"
 4:56:08 "HMT|B150B|regard|10|ecart_max|0|ecart_moyen|0|n|7"
 4:56:09 "HMT|B150B|regard|10|ecart_max|0|ecart_moyen|0|n|7"
 4:56:10 "HMT|B150B|regard|10|ecart_max|0|ecart_moyen|0|n|7"
 4:56:11 "HMT|B150B|regard|10|ecart_max|0|ecart_moyen|0|n|7"
 4:56:12 "HMT|B150B|regard|10|ecart_max|0|ecart_moyen|0|n|7"
 4:56:13 "HMT|B150B|regard|10|ecart_max|0|ecart_moyen|0|n|7"
 4:56:14 "HMT|B150B|regard|10|ecart_max|0|ecart_moyen|0|n|7"
 4:56:15 "HMT|B150B|regard|10|ecart_max|0|ecart_moyen|0|n|7"
 4:56:16 "HMT|B150B|regard|10|ecart_max|0|ecart_moyen|0|n|7"
 4:56:17 "HMT|B150B|regard|10|ecart_max|0|ecart_moyen|0|n|7"
 4:56:18 "HMT|B150B|regard|10|ecart_max|0|ecart_moyen|0|n|7"
 4:56:19 "HMT|B150B|regard|10|ecart_max|0|ecart_moyen|0|n|7"
 4:56:20 "HMT|B150B|regard|10|ecart_max|0|ecart_moyen|0|n|7"
 4:56:21 "HMT|B150B|regard|10|ecart_max|0|ecart_moyen|0|n|7"
 4:56:22 "HMT|B150B|regard|10|ecart_max|0|ecart_moyen|0|n|7"
 4:56:23 "HMT|B150B|regard|10|ecart_max|0|ecart_moyen|0|n|7"
 4:56:25 "HMT|B150B|regard|10|ecart_max|0|ecart_moyen|0|n|7"
 4:56:26 "HMT|B150B|regard|10|ecart_max|0|ecart_moyen|0|n|7"
 4:56:27 "HMT|B150B|regard|10|ecart_max|0|ecart_moyen|0|n|7"
 4:56:28 "HMT|B150B|regard|10|ecart_max|0|ecart_moyen|0|n|7"
 4:56:29 "HMT|B150B|regard|10|ecart_max|0|ecart_moyen|0|n|7"
 4:56:30 "HMT|B150B|regard|10|ecart_max|0|ecart_moyen|0|n|7"
 4:56:31 "HMT|B150B|regard|10|ecart_max|0|ecart_moyen|0|n|7"
 4:56:32 "HMT|B150B|regard|10|ecart_max|0|ecart_moyen|0|n|7"
 4:56:33 "HMT|B150B|regard|10|ecart_max|0|ecart_moyen|0|n|7"
 4:56:34 "HMT|B150B|regard|10|ecart_max|0|ecart_moyen|0|n|7"
 4:56:35 "HMT|B150B|regard|10|ecart_max|0|ecart_moyen|0|n|7"
 4:56:36 "HMT|B150B|regard|10|ecart_max|0|ecart_moyen|0|n|7"
 4:56:37 "HMT|B150B|regard|10|ecart_max|0|ecart_moyen|0|n|7"
 4:56:38 "HMT|B150B|regard|10|ecart_max|0|ecart_moyen|0|n|7"
 4:56:39 "HMT|B150B|regard|10|ecart_max|0|ecart_moyen|0|n|7"
 4:56:40 "HMT|B150B|regard|10|ecart_max|0|ecart_moyen|0|n|7"
 4:56:41 "HMT|B150B|regard|10|ecart_max|0|ecart_moyen|0|n|7"
 4:56:42 "HMT|B150B|regard|10|ecart_max|0|ecart_moyen|0|n|7"
 4:56:43 "HMT|B150B|regard|10|ecart_max|0|ecart_moyen|0|n|7"
 4:56:44 "HMT|B150B|regard|10|ecart_max|0|ecart_moyen|0|n|7"
 4:56:45 "HMT|B150B|regard|10|ecart_max|0|ecart_moyen|0|n|7"
 4:56:46 "HMT|B150B|regard|10|ecart_max|0|ecart_moyen|0|n|7"
 4:56:47 "HMT|B150B|regard|10|ecart_max|0|ecart_moyen|0|n|7"
 4:56:48 "HMT|B150B|regard|10|ecart_max|0|ecart_moyen|0|n|7"
 4:56:49 "HMT|B150B|regard|10|ecart_max|0|ecart_moyen|0|n|7"
 4:56:50 "HMT|B150B|regard|10|ecart_max|0|ecart_moyen|0|n|7"
 4:56:51 "HMT|B150B|regard|10|ecart_max|0|ecart_moyen|0|n|7"
 4:56:52 "HMT|B150B|regard|10|ecart_max|0|ecart_moyen|0|n|7"
 4:56:53 "HMT|B150B|regard|10|ecart_max|0|ecart_moyen|0|n|7"
 4:56:54 "HMT|B150B|regard|10|ecart_max|0|ecart_moyen|0|n|7"
 4:56:55 "HMT|B150B|regard|10|ecart_max|0|ecart_moyen|0|n|7"
 4:56:56 "HMT|B150B|regard|10|ecart_max|0|ecart_moyen|0|n|7"
 4:56:57 "HMT|B150B|regard|10|ecart_max|0|ecart_moyen|0|n|7"
 4:56:58 "HMT|B150B|regard|10|ecart_max|0|ecart_moyen|0|n|7"
 4:56:59 "HMT|B150B|regard|10|ecart_max|0|ecart_moyen|0|n|7"
 4:57:00 "HMT|B150B|essai|10|oracle|know|4|reste|40|jalons|[0,0,0,0]|points|62|couche|0"
 4:57:00 "HMT|B150B|regard|10|ecart_max|0|ecart_moyen|0|n|7"
 4:57:01 "HMT|B150B|regard|10|ecart_max|0|ecart_moyen|0|n|7"
 4:57:02 "HMT|B150B|regard|10|ecart_max|0|ecart_moyen|0|n|7"
 4:57:03 "HMT|B150B|regard|10|ecart_max|0|ecart_moyen|0|n|7"
 4:57:04 "HMT|B150B|regard|10|ecart_max|0|ecart_moyen|0|n|7"
 4:57:05 "HMT|B150B|regard|10|ecart_max|0|ecart_moyen|0|n|7"
 4:57:06 "HMT|B150B|regard|10|ecart_max|0|ecart_moyen|0|n|7"
 4:57:07 "HMT|B150B|regard|10|ecart_max|0|ecart_moyen|0|n|7"
 4:57:08 "HMT|B150B|regard|10|ecart_max|0|ecart_moyen|0|n|7"
 4:57:09 "HMT|B150B|regard|10|ecart_max|0|ecart_moyen|0|n|7"
 4:57:10 "HMT|B150B|regard|10|ecart_max|0|ecart_moyen|0|n|7"
 4:57:11 "HMT|B150B|regard|10|ecart_max|0|ecart_moyen|0|n|7"
 4:57:12 "HMT|B150B|regard|10|ecart_max|0|ecart_moyen|0|n|7"
 4:57:13 "HMT|B150B|regard|10|ecart_max|0|ecart_moyen|0|n|7"
 4:57:14 "HMT|B150B|regard|10|ecart_max|0|ecart_moyen|0|n|7"
 4:57:15 "HMT|B150B|regard|10|ecart_max|0|ecart_moyen|0|n|7"
 4:57:16 "HMT|B150B|regard|10|ecart_max|0|ecart_moyen|0|n|7"
 4:57:17 "HMT|B150B|regard|10|ecart_max|0|ecart_moyen|0|n|7"
 4:57:18 "HMT|B150B|regard|10|ecart_max|0|ecart_moyen|0|n|7"
 4:57:19 "HMT|B150B|regard|10|ecart_max|0|ecart_moyen|0|n|7"
 4:57:20 "HMT|B150B|regard|10|ecart_max|0|ecart_moyen|0|n|7"
 4:57:21 "HMT|B150B|regard|10|ecart_max|0|ecart_moyen|0|n|7"
 4:57:22 "HMT|B150B|regard|10|ecart_max|0|ecart_moyen|0|n|7"
 4:57:23 "HMT|B150B|regard|10|ecart_max|0|ecart_moyen|0|n|7"
 4:57:24 "HMT|B150B|regard|10|ecart_max|0|ecart_moyen|0|n|7"
 4:57:25 "HMT|B150B|regard|10|ecart_max|0|ecart_moyen|0|n|7"
 4:57:26 "HMT|B150B|regard|10|ecart_max|0|ecart_moyen|0|n|7"
 4:57:27 "HMT|B150B|regard|10|ecart_max|0|ecart_moyen|0|n|7"
 4:57:28 "HMT|B150B|regard|10|ecart_max|0|ecart_moyen|0|n|7"
 4:57:29 "HMT|B150B|regard|10|ecart_max|0|ecart_moyen|0|n|7"
 4:57:30 "HMT|B150B|regard|10|ecart_max|0|ecart_moyen|0|n|7"
 4:57:31 "HMT|B150B|regard|10|ecart_max|0|ecart_moyen|0|n|7"
 4:57:32 "HMT|B150B|regard|10|ecart_max|0|ecart_moyen|0|n|7"
 4:57:33 "HMT|B150B|regard|10|ecart_max|0|ecart_moyen|0|n|7"
 4:57:34 "HMT|B150B|regard|10|ecart_max|0|ecart_moyen|0|n|7"
 4:57:35 "HMT|B150B|regard|10|ecart_max|0|ecart_moyen|0|n|7"
 4:57:37 "HMT|B150B|regard|10|ecart_max|0|ecart_moyen|0|n|7"
 4:57:38 "HMT|B150B|regard|10|ecart_max|0|ecart_moyen|0|n|7"
 4:57:39 "HMT|B150B|regard|10|ecart_max|0|ecart_moyen|0|n|7"
 4:57:40 "HMT|B150B|regard|10|ecart_max|0|ecart_moyen|0|n|7"
 4:57:41 "HMT|B150B|regard|10|ecart_max|0|ecart_moyen|0|n|7"
 4:57:42 "HMT|B150B|regard|10|ecart_max|0|ecart_moyen|0|n|7"
 4:57:43 "HMT|B150B|regard|10|ecart_max|0|ecart_moyen|0|n|7"
 4:57:44 "HMT|B150B|regard|10|ecart_max|0|ecart_moyen|0|n|7"
 4:57:45 "HMT|B150B|regard|10|ecart_max|0|ecart_moyen|0|n|7"
 4:57:45 "HMT|B150B|essai|10|oracle_libre|know|4|reste|40|jalons|[1,1,0,0]|points|32|couche|0"
 4:57:46 "HMT|B150B|regard|10|ecart_max|0|ecart_moyen|0|n|7"
 4:57:47 "HMT|B150B|regard|10|ecart_max|0|ecart_moyen|0|n|7"
 4:57:48 "HMT|B150B|regard|10|ecart_max|0|ecart_moyen|0|n|7"
 4:57:49 "HMT|B150B|regard|10|ecart_max|0|ecart_moyen|0|n|7"
 4:57:52 "HMT|B150B|regard|11|ecart_max|0|ecart_moyen|0|n|8"
 4:57:53 "HMT|B150B|regard|11|ecart_max|0|ecart_moyen|0|n|8"
 4:57:54 "HMT|B150B|regard|11|ecart_max|0|ecart_moyen|0|n|8"
 4:57:55 "HMT|B150B|regard|11|ecart_max|0|ecart_moyen|0|n|8"
 4:57:56 "HMT|B150B|config|11|defenseurs|8|derive_max|0.6|caps|[156,134,89,112,44,44,44,55]"
 4:57:56 "HMT|B150B|regard|11|ecart_max|0|ecart_moyen|0|n|8"
 4:57:57 "HMT|B150B|regard|11|ecart_max|0|ecart_moyen|0|n|8"
 4:57:58 "HMT|B150B|regard|11|ecart_max|0|ecart_moyen|0|n|8"
 4:57:59 "HMT|B150B|regard|11|ecart_max|0|ecart_moyen|0|n|8"
 4:58:00 "HMT|B150B|regard|11|ecart_max|0|ecart_moyen|0|n|8"
 4:58:01 "HMT|B150B|regard|11|ecart_max|0|ecart_moyen|0|n|8"
 4:58:02 "HMT|B150B|regard|11|ecart_max|0|ecart_moyen|0|n|8"
 4:58:03 "HMT|B150B|regard|11|ecart_max|0|ecart_moyen|0|n|8"
 4:58:04 "HMT|B150B|regard|11|ecart_max|0|ecart_moyen|0|n|8"
 4:58:05 "HMT|B150B|regard|11|ecart_max|0|ecart_moyen|0|n|8"
 4:58:06 "HMT|B150B|regard|11|ecart_max|0|ecart_moyen|0|n|8"
 4:58:07 "HMT|B150B|regard|11|ecart_max|0|ecart_moyen|0|n|8"
 4:58:08 "HMT|B150B|regard|11|ecart_max|0|ecart_moyen|0|n|8"
 4:58:09 "HMT|B150B|regard|11|ecart_max|0|ecart_moyen|0|n|8"
 4:58:10 "HMT|B150B|regard|11|ecart_max|0|ecart_moyen|0|n|8"
 4:58:11 "HMT|B150B|regard|11|ecart_max|0|ecart_moyen|0|n|8"
 4:58:12 "HMT|B150B|regard|11|ecart_max|0|ecart_moyen|0|n|8"
 4:58:13 "HMT|B150B|regard|11|ecart_max|0|ecart_moyen|0|n|8"
 4:58:14 "HMT|B150B|regard|11|ecart_max|0|ecart_moyen|0|n|8"
 4:58:15 "HMT|B150B|regard|11|ecart_max|0|ecart_moyen|0|n|8"
 4:58:16 "HMT|B150B|regard|11|ecart_max|0|ecart_moyen|0|n|8"
 4:58:17 "HMT|B150B|regard|11|ecart_max|0|ecart_moyen|0|n|8"
 4:58:18 "HMT|B150B|regard|11|ecart_max|0|ecart_moyen|0|n|8"
 4:58:19 "HMT|B150B|regard|11|ecart_max|0|ecart_moyen|0|n|8"
 4:58:20 "HMT|B150B|regard|11|ecart_max|0|ecart_moyen|0|n|8"
 4:58:21 "HMT|B150B|regard|11|ecart_max|0|ecart_moyen|0|n|8"
 4:58:22 "HMT|B150B|regard|11|ecart_max|0|ecart_moyen|0|n|8"
 4:58:23 "HMT|B150B|regard|11|ecart_max|0|ecart_moyen|0|n|8"
 4:58:24 "HMT|B150B|regard|11|ecart_max|0|ecart_moyen|0|n|8"
 4:58:25 "HMT|B150B|regard|11|ecart_max|0|ecart_moyen|0|n|8"
 4:58:26 "HMT|B150B|regard|11|ecart_max|0|ecart_moyen|0|n|8"
 4:58:27 "HMT|B150B|regard|11|ecart_max|0|ecart_moyen|0|n|8"
 4:58:28 "HMT|B150B|regard|11|ecart_max|0|ecart_moyen|0|n|8"
 4:58:30 "HMT|B150B|regard|11|ecart_max|0|ecart_moyen|0|n|8"
 4:58:31 "HMT|B150B|regard|11|ecart_max|0|ecart_moyen|0|n|8"
 4:58:32 "HMT|B150B|regard|11|ecart_max|0|ecart_moyen|0|n|8"
 4:58:33 "HMT|B150B|regard|11|ecart_max|0|ecart_moyen|0|n|8"
 4:58:33 "HMT|B150B|essai|11|agent|know|4|reste|38|jalons|[1,1,0,0]|points|29|couche|0"
 4:58:34 "HMT|B150B|regard|11|ecart_max|0|ecart_moyen|0|n|8"
 4:58:35 "HMT|B150B|regard|11|ecart_max|0|ecart_moyen|0|n|8"
 4:58:36 "HMT|B150B|regard|11|ecart_max|0|ecart_moyen|0|n|8"
 4:58:37 "HMT|B150B|regard|11|ecart_max|0|ecart_moyen|0|n|8"
 4:58:38 "HMT|B150B|regard|11|ecart_max|0|ecart_moyen|0|n|8"
 4:58:39 "HMT|B150B|regard|11|ecart_max|0|ecart_moyen|0|n|8"
 4:58:40 "HMT|B150B|regard|11|ecart_max|0|ecart_moyen|0|n|8"
 4:58:41 "HMT|B150B|regard|11|ecart_max|0|ecart_moyen|0|n|8"
 4:58:42 "HMT|B150B|regard|11|ecart_max|0|ecart_moyen|0|n|8"
 4:58:43 "HMT|B150B|regard|11|ecart_max|0|ecart_moyen|0|n|8"
 4:58:44 "HMT|B150B|regard|11|ecart_max|0|ecart_moyen|0|n|8"
 4:58:45 "HMT|B150B|regard|11|ecart_max|0|ecart_moyen|0|n|8"
 4:58:46 "HMT|B150B|regard|11|ecart_max|0|ecart_moyen|0|n|8"
 4:58:47 "HMT|B150B|regard|11|ecart_max|0|ecart_moyen|0|n|8"
 4:58:48 "HMT|B150B|regard|11|ecart_max|0|ecart_moyen|0|n|8"
 4:58:49 "HMT|B150B|regard|11|ecart_max|0|ecart_moyen|0|n|8"
 4:58:50 "HMT|B150B|regard|11|ecart_max|0|ecart_moyen|0|n|8"
 4:58:51 "HMT|B150B|regard|11|ecart_max|0|ecart_moyen|0|n|8"
 4:58:52 "HMT|B150B|regard|11|ecart_max|0|ecart_moyen|0|n|8"
 4:58:53 "HMT|B150B|regard|11|ecart_max|0|ecart_moyen|0|n|8"
 4:58:54 "HMT|B150B|regard|11|ecart_max|0|ecart_moyen|0|n|8"
 4:58:55 "HMT|B150B|regard|11|ecart_max|0|ecart_moyen|0|n|8"
 4:58:56 "HMT|B150B|regard|11|ecart_max|0|ecart_moyen|0|n|8"
 4:58:57 "HMT|B150B|regard|11|ecart_max|0|ecart_moyen|0|n|8"
 4:58:58 "HMT|B150B|regard|11|ecart_max|0|ecart_moyen|0|n|8"
 4:58:59 "HMT|B150B|regard|11|ecart_max|0|ecart_moyen|0|n|8"
 4:59:00 "HMT|B150B|regard|11|ecart_max|0|ecart_moyen|0|n|8"
 4:59:01 "HMT|B150B|regard|11|ecart_max|0|ecart_moyen|0|n|8"
 4:59:02 "HMT|B150B|regard|11|ecart_max|0|ecart_moyen|0|n|8"
 4:59:03 "HMT|B150B|regard|11|ecart_max|0|ecart_moyen|0|n|8"
 4:59:04 "HMT|B150B|regard|11|ecart_max|0|ecart_moyen|0|n|8"
 4:59:05 "HMT|B150B|regard|11|ecart_max|0|ecart_moyen|0|n|8"
 4:59:06 "HMT|B150B|regard|11|ecart_max|0|ecart_moyen|0|n|8"
 4:59:07 "HMT|B150B|regard|11|ecart_max|0|ecart_moyen|0|n|8"
 4:59:08 "HMT|B150B|regard|11|ecart_max|0|ecart_moyen|0|n|8"
 4:59:09 "HMT|B150B|regard|11|ecart_max|0|ecart_moyen|0|n|8"
 4:59:10 "HMT|B150B|regard|11|ecart_max|0|ecart_moyen|0|n|8"
 4:59:11 "HMT|B150B|regard|11|ecart_max|0|ecart_moyen|0|n|8"
 4:59:12 "HMT|B150B|regard|11|ecart_max|0|ecart_moyen|0|n|8"
 4:59:13 "HMT|B150B|regard|11|ecart_max|0|ecart_moyen|0|n|8"
 4:59:14 "HMT|B150B|regard|11|ecart_max|0|ecart_moyen|0|n|8"
 4:59:14 "HMT|B150B|essai|11|droite|know|4|reste|40|jalons|[1,1,0,0]|points|29|couche|0"
 4:59:15 "HMT|B150B|regard|11|ecart_max|0|ecart_moyen|0|n|8"
 4:59:16 "HMT|B150B|regard|11|ecart_max|0|ecart_moyen|0|n|8"
 4:59:17 "HMT|B150B|regard|11|ecart_max|0|ecart_moyen|0|n|8"
 4:59:18 "HMT|B150B|regard|11|ecart_max|0|ecart_moyen|0|n|8"
 4:59:19 "HMT|B150B|regard|11|ecart_max|0|ecart_moyen|0|n|8"
 4:59:20 "HMT|B150B|regard|11|ecart_max|0|ecart_moyen|0|n|8"
 4:59:21 "HMT|B150B|regard|11|ecart_max|0|ecart_moyen|0|n|8"
 4:59:22 "HMT|B150B|regard|11|ecart_max|0|ecart_moyen|0|n|8"
 4:59:23 "HMT|B150B|regard|11|ecart_max|0|ecart_moyen|0|n|8"
 4:59:24 "HMT|B150B|regard|11|ecart_max|0|ecart_moyen|0|n|8"
 4:59:25 "HMT|B150B|regard|11|ecart_max|0|ecart_moyen|0|n|8"
 4:59:26 "HMT|B150B|regard|11|ecart_max|0|ecart_moyen|0|n|8"
 4:59:27 "HMT|B150B|regard|11|ecart_max|0|ecart_moyen|0|n|8"
 4:59:28 "HMT|B150B|regard|11|ecart_max|0|ecart_moyen|0|n|8"
 4:59:29 "HMT|B150B|regard|11|ecart_max|0|ecart_moyen|0|n|8"
 4:59:30 "HMT|B150B|regard|11|ecart_max|0|ecart_moyen|0|n|8"
 4:59:31 "HMT|B150B|regard|11|ecart_max|0|ecart_moyen|0|n|8"
 4:59:32 "HMT|B150B|regard|11|ecart_max|0|ecart_moyen|0|n|8"
 4:59:33 "HMT|B150B|regard|11|ecart_max|0|ecart_moyen|0|n|8"
 4:59:34 "HMT|B150B|regard|11|ecart_max|0|ecart_moyen|0|n|8"
 4:59:35 "HMT|B150B|regard|11|ecart_max|0|ecart_moyen|0|n|8"
 4:59:36 "HMT|B150B|regard|11|ecart_max|0|ecart_moyen|0|n|8"
 4:59:37 "HMT|B150B|regard|11|ecart_max|0|ecart_moyen|0|n|8"
 4:59:39 "HMT|B150B|regard|11|ecart_max|0|ecart_moyen|0|n|8"
 4:59:40 "HMT|B150B|regard|11|ecart_max|0|ecart_moyen|0|n|8"
 4:59:41 "HMT|B150B|regard|11|ecart_max|0|ecart_moyen|0|n|8"
 4:59:42 "HMT|B150B|regard|11|ecart_max|0|ecart_moyen|0|n|8"
 4:59:43 "HMT|B150B|regard|11|ecart_max|0|ecart_moyen|0|n|8"
 4:59:44 "HMT|B150B|regard|11|ecart_max|0|ecart_moyen|0|n|8"
 4:59:45 "HMT|B150B|regard|11|ecart_max|0|ecart_moyen|0|n|8"
 4:59:46 "HMT|B150B|regard|11|ecart_max|0|ecart_moyen|0|n|8"
 4:59:47 "HMT|B150B|regard|11|ecart_max|0|ecart_moyen|0|n|8"
 4:59:48 "HMT|B150B|regard|11|ecart_max|0|ecart_moyen|0|n|8"
 4:59:49 "HMT|B150B|regard|11|ecart_max|0|ecart_moyen|0|n|8"
 4:59:50 "HMT|B150B|regard|11|ecart_max|0|ecart_moyen|0|n|8"
 4:59:51 "HMT|B150B|regard|11|ecart_max|0|ecart_moyen|0|n|8"
 4:59:52 "HMT|B150B|regard|11|ecart_max|0|ecart_moyen|0|n|8"
 4:59:53 "HMT|B150B|regard|11|ecart_max|0|ecart_moyen|0|n|8"
 4:59:54 "HMT|B150B|regard|11|ecart_max|0|ecart_moyen|0|n|8"
 4:59:55 "HMT|B150B|regard|11|ecart_max|0|ecart_moyen|0|n|8"
 4:59:56 "HMT|B150B|essai|11|droite_bis|know|4|reste|40|jalons|[1,1,0,0]|points|29|couche|0"
 4:59:56 "HMT|B150B|regard|11|ecart_max|0|ecart_moyen|0|n|8"
 4:59:57 "HMT|B150B|regard|11|ecart_max|0|ecart_moyen|0|n|8"
 4:59:58 "HMT|B150B|regard|11|ecart_max|0|ecart_moyen|0|n|8"
 4:59:59 "HMT|B150B|regard|11|ecart_max|0|ecart_moyen|0|n|8"
 5:00:00 "HMT|B150B|regard|11|ecart_max|0|ecart_moyen|0|n|8"
 5:00:01 "HMT|B150B|regard|11|ecart_max|0|ecart_moyen|0|n|8"
 5:00:02 "HMT|B150B|regard|11|ecart_max|0|ecart_moyen|0|n|8"
 5:00:03 "HMT|B150B|regard|11|ecart_max|0|ecart_moyen|0|n|8"
 5:00:04 "HMT|B150B|regard|11|ecart_max|0|ecart_moyen|0|n|8"
 5:00:05 "HMT|B150B|regard|11|ecart_max|0|ecart_moyen|0|n|8"
 5:00:06 "HMT|B150B|regard|11|ecart_max|0|ecart_moyen|0|n|8"
 5:00:07 "HMT|B150B|regard|11|ecart_max|0|ecart_moyen|0|n|8"
 5:00:08 "HMT|B150B|regard|11|ecart_max|0|ecart_moyen|0|n|8"
 5:00:09 "HMT|B150B|regard|11|ecart_max|0|ecart_moyen|0|n|8"
 5:00:10 "HMT|B150B|regard|11|ecart_max|0|ecart_moyen|0|n|8"
 5:00:11 "HMT|B150B|regard|11|ecart_max|0|ecart_moyen|0|n|8"
 5:00:12 "HMT|B150B|regard|11|ecart_max|0|ecart_moyen|0|n|8"
 5:00:13 "HMT|B150B|regard|11|ecart_max|0|ecart_moyen|0|n|8"
 5:00:14 "HMT|B150B|regard|11|ecart_max|0|ecart_moyen|0|n|8"
 5:00:15 "HMT|B150B|regard|11|ecart_max|0|ecart_moyen|0|n|8"
 5:00:16 "HMT|B150B|regard|11|ecart_max|0|ecart_moyen|0|n|8"
 5:00:17 "HMT|B150B|regard|11|ecart_max|0|ecart_moyen|0|n|8"
 5:00:18 "HMT|B150B|regard|11|ecart_max|0|ecart_moyen|0|n|8"
 5:00:19 "HMT|B150B|regard|11|ecart_max|0|ecart_moyen|0|n|8"
 5:00:20 "HMT|B150B|regard|11|ecart_max|0|ecart_moyen|0|n|8"
 5:00:21 "HMT|B150B|regard|11|ecart_max|0|ecart_moyen|0|n|8"
 5:00:22 "HMT|B150B|regard|11|ecart_max|0|ecart_moyen|0|n|8"
 5:00:23 "HMT|B150B|regard|11|ecart_max|0|ecart_moyen|0|n|8"
 5:00:24 "HMT|B150B|regard|11|ecart_max|0|ecart_moyen|0|n|8"
 5:00:25 "HMT|B150B|regard|11|ecart_max|0|ecart_moyen|0|n|8"
 5:00:26 "HMT|B150B|regard|11|ecart_max|0|ecart_moyen|0|n|8"
 5:00:27 "HMT|B150B|regard|11|ecart_max|0|ecart_moyen|0|n|8"
 5:00:28 "HMT|B150B|regard|11|ecart_max|0|ecart_moyen|0|n|8"
 5:00:29 "HMT|B150B|regard|11|ecart_max|0|ecart_moyen|0|n|8"
 5:00:30 "HMT|B150B|regard|11|ecart_max|0|ecart_moyen|0|n|8"
 5:00:31 "HMT|B150B|regard|11|ecart_max|0|ecart_moyen|0|n|8"
 5:00:32 "HMT|B150B|regard|11|ecart_max|0|ecart_moyen|0|n|8"
 5:00:33 "HMT|B150B|regard|11|ecart_max|0|ecart_moyen|0|n|8"
 5:00:34 "HMT|B150B|regard|11|ecart_max|0|ecart_moyen|0|n|8"
 5:00:35 "HMT|B150B|regard|11|ecart_max|0|ecart_moyen|0|n|8"
 5:00:36 "HMT|B150B|regard|11|ecart_max|0|ecart_moyen|0|n|8"
 5:00:37 "HMT|B150B|regard|11|ecart_max|0|ecart_moyen|0|n|8"
 5:00:38 "HMT|B150B|regard|11|ecart_max|0|ecart_moyen|0|n|8"
 5:00:39 "HMT|B150B|regard|11|ecart_max|0|ecart_moyen|0|n|8"
 5:00:40 "HMT|B150B|regard|11|ecart_max|0|ecart_moyen|0|n|8"
 5:00:41 "HMT|B150B|regard|11|ecart_max|0|ecart_moyen|0|n|8"
 5:00:42 "HMT|B150B|regard|11|ecart_max|0|ecart_moyen|0|n|8"
 5:00:43 "HMT|B150B|regard|11|ecart_max|0|ecart_moyen|0|n|8"
 5:00:44 "HMT|B150B|regard|11|ecart_max|0|ecart_moyen|0|n|8"
 5:00:45 "HMT|B150B|regard|11|ecart_max|0|ecart_moyen|0|n|8"
 5:00:46 "HMT|B150B|regard|11|ecart_max|0|ecart_moyen|0|n|8"
 5:00:47 "HMT|B150B|regard|11|ecart_max|0|ecart_moyen|0|n|8"
 5:00:48 "HMT|B150B|regard|11|ecart_max|0|ecart_moyen|0|n|8"
 5:00:49 "HMT|B150B|regard|11|ecart_max|0|ecart_moyen|0|n|8"
 5:00:50 "HMT|B150B|regard|11|ecart_max|0|ecart_moyen|0|n|8"
 5:00:51 "HMT|B150B|regard|11|ecart_max|0|ecart_moyen|0|n|8"
 5:00:52 "HMT|B150B|regard|11|ecart_max|0|ecart_moyen|0|n|8"
 5:00:54 "HMT|B150B|regard|11|ecart_max|0|ecart_moyen|0|n|8"
 5:00:55 "HMT|B150B|regard|11|ecart_max|0|ecart_moyen|0|n|8"
 5:00:56 "HMT|B150B|regard|11|ecart_max|0|ecart_moyen|0|n|8"
 5:00:57 "HMT|B150B|regard|11|ecart_max|0|ecart_moyen|0|n|8"
 5:00:58 "HMT|B150B|regard|11|ecart_max|0|ecart_moyen|0|n|8"
 5:00:59 "HMT|B150B|regard|11|ecart_max|0|ecart_moyen|0|n|8"
 5:01:00 "HMT|B150B|regard|11|ecart_max|0|ecart_moyen|0|n|8"
 5:01:01 "HMT|B150B|regard|11|ecart_max|0|ecart_moyen|0|n|8"
 5:01:02 "HMT|B150B|regard|11|ecart_max|0|ecart_moyen|0|n|8"
 5:01:03 "HMT|B150B|regard|11|ecart_max|0|ecart_moyen|0|n|8"
 5:01:04 "HMT|B150B|regard|11|ecart_max|0|ecart_moyen|0|n|8"
 5:01:05 "HMT|B150B|regard|11|ecart_max|0|ecart_moyen|0|n|8"
 5:01:06 "HMT|B150B|regard|11|ecart_max|0|ecart_moyen|0|n|8"
 5:01:07 "HMT|B150B|regard|11|ecart_max|0|ecart_moyen|0|n|8"
 5:01:08 "HMT|B150B|regard|11|ecart_max|0|ecart_moyen|0|n|8"
 5:01:09 "HMT|B150B|regard|11|ecart_max|0|ecart_moyen|0|n|8"
 5:01:10 "HMT|B150B|regard|11|ecart_max|0|ecart_moyen|0|n|8"
 5:01:11 "HMT|B150B|regard|11|ecart_max|0|ecart_moyen|0|n|8"
 5:01:12 "HMT|B150B|regard|11|ecart_max|0|ecart_moyen|0|n|8"
 5:01:13 "HMT|B150B|regard|11|ecart_max|0|ecart_moyen|0|n|8"
 5:01:14 "HMT|B150B|regard|11|ecart_max|0|ecart_moyen|0|n|8"
 5:01:15 "HMT|B150B|regard|11|ecart_max|0|ecart_moyen|0|n|8"
 5:01:16 "HMT|B150B|regard|11|ecart_max|0|ecart_moyen|0|n|8"
 5:01:17 "HMT|B150B|regard|11|ecart_max|0|ecart_moyen|0|n|8"
 5:01:18 "HMT|B150B|regard|11|ecart_max|0|ecart_moyen|0|n|8"
 5:01:19 "HMT|B150B|regard|11|ecart_max|0|ecart_moyen|0|n|8"
 5:01:20 "HMT|B150B|regard|11|ecart_max|0|ecart_moyen|0|n|8"
 5:01:21 "HMT|B150B|regard|11|ecart_max|0|ecart_moyen|0|n|8"
 5:01:22 "HMT|B150B|regard|11|ecart_max|0|ecart_moyen|0|n|8"
 5:01:23 "HMT|B150B|regard|11|ecart_max|0|ecart_moyen|0|n|8"
 5:01:24 "HMT|B150B|regard|11|ecart_max|0|ecart_moyen|0|n|8"
 5:01:25 "HMT|B150B|regard|11|ecart_max|0|ecart_moyen|0|n|8"
 5:01:26 "HMT|B150B|regard|11|ecart_max|0|ecart_moyen|0|n|8"
 5:01:27 "HMT|B150B|regard|11|ecart_max|0|ecart_moyen|0|n|8"
 5:01:28 "HMT|B150B|regard|11|ecart_max|0|ecart_moyen|0|n|8"
 5:01:29 "HMT|B150B|regard|11|ecart_max|0|ecart_moyen|0|n|8"
 5:01:30 "HMT|B150B|regard|11|ecart_max|0|ecart_moyen|0|n|8"
 5:01:31 "HMT|B150B|regard|11|ecart_max|0|ecart_moyen|0|n|8"
 5:01:32 "HMT|B150B|regard|11|ecart_max|0|ecart_moyen|0|n|8"
 5:01:33 "HMT|B150B|regard|11|ecart_max|0|ecart_moyen|0|n|8"
 5:01:34 "HMT|B150B|regard|11|ecart_max|0|ecart_moyen|0|n|8"
 5:01:35 "HMT|B150B|regard|11|ecart_max|0|ecart_moyen|0|n|8"
 5:01:36 "HMT|B150B|regard|11|ecart_max|0|ecart_moyen|0|n|8"
 5:01:37 "HMT|B150B|regard|11|ecart_max|0|ecart_moyen|0|n|8"
 5:01:38 "HMT|B150B|regard|11|ecart_max|0|ecart_moyen|0|n|8"
 5:01:39 "HMT|B150B|regard|11|ecart_max|0|ecart_moyen|0|n|8"
 5:01:40 "HMT|B150B|regard|11|ecart_max|0|ecart_moyen|0|n|8"
 5:01:41 "HMT|B150B|regard|11|ecart_max|0|ecart_moyen|0|n|8"
 5:01:42 "HMT|B150B|regard|11|ecart_max|0|ecart_moyen|0|n|8"
 5:01:43 "HMT|B150B|regard|11|ecart_max|0|ecart_moyen|0|n|8"
 5:01:44 "HMT|B150B|regard|11|ecart_max|0|ecart_moyen|0|n|8"
 5:01:45 "HMT|B150B|regard|11|ecart_max|0|ecart_moyen|0|n|8"
 5:01:46 "HMT|B150B|regard|11|ecart_max|0|ecart_moyen|0|n|8"
 5:01:47 "HMT|B150B|regard|11|ecart_max|0|ecart_moyen|0|n|8"
 5:01:48 "HMT|B150B|regard|11|ecart_max|0|ecart_moyen|0|n|8"
 5:01:49 "HMT|B150B|regard|11|ecart_max|0|ecart_moyen|0|n|8"
 5:01:50 "HMT|B150B|regard|11|ecart_max|0|ecart_moyen|0|n|8"
 5:01:51 "HMT|B150B|regard|11|ecart_max|0|ecart_moyen|0|n|8"
 5:01:52 "HMT|B150B|regard|11|ecart_max|0|ecart_moyen|0|n|8"
 5:01:53 "HMT|B150B|regard|11|ecart_max|0|ecart_moyen|0|n|8"
 5:01:54 "HMT|B150B|regard|11|ecart_max|0|ecart_moyen|0|n|8"
 5:01:55 "HMT|B150B|regard|11|ecart_max|0|ecart_moyen|0|n|8"
 5:01:56 "HMT|B150B|regard|11|ecart_max|0|ecart_moyen|0|n|8"
 5:01:57 "HMT|B150B|regard|11|ecart_max|0|ecart_moyen|0|n|8"
 5:01:58 "HMT|B150B|regard|11|ecart_max|0|ecart_moyen|0|n|8"
 5:01:59 "HMT|B150B|essai|11|oracle|know|4|reste|40|jalons|[0,0,0,0]|points|97|couche|0"
 5:01:59 "HMT|B150B|regard|11|ecart_max|0|ecart_moyen|0|n|8"
 5:02:00 "HMT|B150B|regard|11|ecart_max|0|ecart_moyen|0|n|8"
 5:02:01 "HMT|B150B|regard|11|ecart_max|0|ecart_moyen|0|n|8"
 5:02:02 "HMT|B150B|regard|11|ecart_max|0|ecart_moyen|0|n|8"
 5:02:04 "HMT|B150B|regard|11|ecart_max|0|ecart_moyen|0|n|8"
 5:02:05 "HMT|B150B|regard|11|ecart_max|0|ecart_moyen|0|n|8"
 5:02:06 "HMT|B150B|regard|11|ecart_max|0|ecart_moyen|0|n|8"
 5:02:07 "HMT|B150B|regard|11|ecart_max|0|ecart_moyen|0|n|8"
 5:02:08 "HMT|B150B|regard|11|ecart_max|0|ecart_moyen|0|n|8"
 5:02:09 "HMT|B150B|regard|11|ecart_max|0|ecart_moyen|0|n|8"
 5:02:10 "HMT|B150B|regard|11|ecart_max|0|ecart_moyen|0|n|8"
 5:02:11 "HMT|B150B|regard|11|ecart_max|0|ecart_moyen|0|n|8"
 5:02:12 "HMT|B150B|regard|11|ecart_max|0|ecart_moyen|0|n|8"
 5:02:13 "HMT|B150B|regard|11|ecart_max|0|ecart_moyen|0|n|8"
 5:02:14 "HMT|B150B|regard|11|ecart_max|0|ecart_moyen|0|n|8"
 5:02:15 "HMT|B150B|regard|11|ecart_max|0|ecart_moyen|0|n|8"
 5:02:16 "HMT|B150B|regard|11|ecart_max|0|ecart_moyen|0|n|8"
 5:02:17 "HMT|B150B|regard|11|ecart_max|0|ecart_moyen|0|n|8"
 5:02:18 "HMT|B150B|regard|11|ecart_max|0|ecart_moyen|0|n|8"
 5:02:19 "HMT|B150B|regard|11|ecart_max|0|ecart_moyen|0|n|8"
 5:02:20 "HMT|B150B|regard|11|ecart_max|0|ecart_moyen|0|n|8"
 5:02:21 "HMT|B150B|regard|11|ecart_max|0|ecart_moyen|0|n|8"
 5:02:22 "HMT|B150B|regard|11|ecart_max|0|ecart_moyen|0|n|8"
 5:02:23 "HMT|B150B|regard|11|ecart_max|0|ecart_moyen|0|n|8"
 5:02:24 "HMT|B150B|regard|11|ecart_max|0|ecart_moyen|0|n|8"
 5:02:25 "HMT|B150B|regard|11|ecart_max|0|ecart_moyen|0|n|8"
 5:02:26 "HMT|B150B|regard|11|ecart_max|0|ecart_moyen|0|n|8"
 5:02:27 "HMT|B150B|regard|11|ecart_max|0|ecart_moyen|0|n|8"
 5:02:28 "HMT|B150B|regard|11|ecart_max|0|ecart_moyen|0|n|8"
 5:02:29 "HMT|B150B|regard|11|ecart_max|0|ecart_moyen|0|n|8"
 5:02:30 "HMT|B150B|regard|11|ecart_max|0|ecart_moyen|0|n|8"
 5:02:31 "HMT|B150B|regard|11|ecart_max|0|ecart_moyen|0|n|8"
 5:02:32 "HMT|B150B|regard|11|ecart_max|0|ecart_moyen|0|n|8"
 5:02:33 "HMT|B150B|regard|11|ecart_max|0|ecart_moyen|0|n|8"
 5:02:34 "HMT|B150B|regard|11|ecart_max|0|ecart_moyen|0|n|8"
 5:02:35 "HMT|B150B|regard|11|ecart_max|0|ecart_moyen|0|n|8"
 5:02:36 "HMT|B150B|regard|11|ecart_max|0|ecart_moyen|0|n|8"
 5:02:37 "HMT|B150B|regard|11|ecart_max|0|ecart_moyen|0|n|8"
 5:02:38 "HMT|B150B|regard|11|ecart_max|0|ecart_moyen|0|n|8"
 5:02:39 "HMT|B150B|regard|11|ecart_max|0|ecart_moyen|0|n|8"
 5:02:40 "HMT|B150B|regard|11|ecart_max|0|ecart_moyen|0|n|8"
 5:02:41 "HMT|B150B|regard|11|ecart_max|0|ecart_moyen|0|n|8"
 5:02:42 "HMT|B150B|regard|11|ecart_max|0|ecart_moyen|0|n|8"
 5:02:43 "HMT|B150B|regard|11|ecart_max|0|ecart_moyen|0|n|8"
 5:02:44 "HMT|B150B|regard|11|ecart_max|0|ecart_moyen|0|n|8"
 5:02:45 "HMT|B150B|regard|11|ecart_max|0|ecart_moyen|0|n|8"
 5:02:46 "HMT|B150B|regard|11|ecart_max|0|ecart_moyen|0|n|8"
 5:02:47 "HMT|B150B|essai|11|oracle_libre|know|0|reste|40|jalons|[1,1,1,1]|points|34|couche|0"
 5:02:47 "HMT|B150B|regard|11|ecart_max|0|ecart_moyen|0|n|8"
 5:02:48 "HMT|B150B|regard|11|ecart_max|0|ecart_moyen|0|n|8"
 5:02:49 "HMT|B150B|regard|11|ecart_max|0|ecart_moyen|0|n|8"
 5:02:50 "HMT|B150B|regard|11|ecart_max|0|ecart_moyen|0|n|8"
 5:02:54 "HMT|B150B|regard|12|ecart_max|0|ecart_moyen|0|n|4"
 5:02:55 "HMT|B150B|regard|12|ecart_max|0|ecart_moyen|0|n|4"
 5:02:56 "HMT|B150B|regard|12|ecart_max|0|ecart_moyen|0|n|4"
 5:02:57 "HMT|B150B|regard|12|ecart_max|0|ecart_moyen|0|n|4"
 5:02:58 "HMT|B150B|config|12|defenseurs|4|derive_max|0|caps|[171,330,150,229]"
 5:02:58 "HMT|B150B|regard|12|ecart_max|0|ecart_moyen|0|n|4"
 5:02:59 "HMT|B150B|regard|12|ecart_max|0|ecart_moyen|0|n|4"
 5:03:00 "HMT|B150B|regard|12|ecart_max|0|ecart_moyen|0|n|4"
 5:03:01 "HMT|B150B|regard|12|ecart_max|0|ecart_moyen|0|n|4"
 5:03:02 "HMT|B150B|regard|12|ecart_max|0|ecart_moyen|0|n|4"
 5:03:03 "HMT|B150B|regard|12|ecart_max|0|ecart_moyen|0|n|4"
 5:03:04 "HMT|B150B|regard|12|ecart_max|0|ecart_moyen|0|n|4"
 5:03:05 "HMT|B150B|regard|12|ecart_max|0|ecart_moyen|0|n|4"
 5:03:06 "HMT|B150B|regard|12|ecart_max|0|ecart_moyen|0|n|4"
 5:03:07 "HMT|B150B|regard|12|ecart_max|0|ecart_moyen|0|n|4"
 5:03:08 "HMT|B150B|regard|12|ecart_max|0|ecart_moyen|0|n|4"
 5:03:09 "HMT|B150B|regard|12|ecart_max|0|ecart_moyen|0|n|4"
 5:03:10 "HMT|B150B|regard|12|ecart_max|0|ecart_moyen|0|n|4"
 5:03:11 "HMT|B150B|regard|12|ecart_max|0|ecart_moyen|0|n|4"
 5:03:12 "HMT|B150B|regard|12|ecart_max|0|ecart_moyen|0|n|4"
 5:03:13 "HMT|B150B|regard|12|ecart_max|0|ecart_moyen|0|n|4"
 5:03:14 "HMT|B150B|regard|12|ecart_max|0|ecart_moyen|0|n|4"
 5:03:15 "HMT|B150B|regard|12|ecart_max|0|ecart_moyen|0|n|4"
 5:03:16 "HMT|B150B|regard|12|ecart_max|0|ecart_moyen|0|n|4"
 5:03:17 "HMT|B150B|regard|12|ecart_max|0|ecart_moyen|0|n|4"
 5:03:18 "HMT|B150B|regard|12|ecart_max|0|ecart_moyen|0|n|4"
 5:03:19 "HMT|B150B|regard|12|ecart_max|0|ecart_moyen|0|n|4"
 5:03:20 "HMT|B150B|regard|12|ecart_max|0|ecart_moyen|0|n|4"
 5:03:21 "HMT|B150B|regard|12|ecart_max|0|ecart_moyen|0|n|4"
 5:03:22 "HMT|B150B|regard|12|ecart_max|0|ecart_moyen|0|n|4"
 5:03:23 "HMT|B150B|regard|12|ecart_max|0|ecart_moyen|0|n|4"
 5:03:24 "HMT|B150B|regard|12|ecart_max|0|ecart_moyen|0|n|4"
 5:03:25 "HMT|B150B|regard|12|ecart_max|0|ecart_moyen|0|n|4"
 5:03:26 "HMT|B150B|regard|12|ecart_max|0|ecart_moyen|0|n|4"
 5:03:27 "HMT|B150B|regard|12|ecart_max|0|ecart_moyen|0|n|4"
 5:03:28 "HMT|B150B|regard|12|ecart_max|0|ecart_moyen|0|n|4"
 5:03:29 "HMT|B150B|regard|12|ecart_max|0|ecart_moyen|0|n|4"
 5:03:30 "HMT|B150B|regard|12|ecart_max|0|ecart_moyen|0|n|4"
 5:03:31 "HMT|B150B|regard|12|ecart_max|0|ecart_moyen|0|n|4"
 5:03:32 "HMT|B150B|regard|12|ecart_max|0|ecart_moyen|0|n|4"
 5:03:33 "HMT|B150B|regard|12|ecart_max|0|ecart_moyen|0|n|4"
 5:03:34 "HMT|B150B|regard|12|ecart_max|0|ecart_moyen|0|n|4"
 5:03:35 "HMT|B150B|essai|12|agent|know|4|reste|38|jalons|[1,1,0,0]|points|29|couche|0"
 5:03:35 "HMT|B150B|regard|12|ecart_max|0|ecart_moyen|0|n|4"
 5:03:36 "HMT|B150B|regard|12|ecart_max|0|ecart_moyen|0|n|4"
 5:03:37 "HMT|B150B|regard|12|ecart_max|0|ecart_moyen|0|n|4"
 5:03:38 "HMT|B150B|regard|12|ecart_max|0|ecart_moyen|0|n|4"
 5:03:39 "HMT|B150B|regard|12|ecart_max|0|ecart_moyen|0|n|4"
 5:03:40 "HMT|B150B|regard|12|ecart_max|0|ecart_moyen|0|n|4"
 5:03:41 "HMT|B150B|regard|12|ecart_max|0|ecart_moyen|0|n|4"
 5:03:42 "HMT|B150B|regard|12|ecart_max|0|ecart_moyen|0|n|4"
 5:03:43 "HMT|B150B|regard|12|ecart_max|0|ecart_moyen|0|n|4"
 5:03:44 "HMT|B150B|regard|12|ecart_max|0|ecart_moyen|0|n|4"
 5:03:45 "HMT|B150B|regard|12|ecart_max|0|ecart_moyen|0|n|4"
 5:03:46 "HMT|B150B|regard|12|ecart_max|0|ecart_moyen|0|n|4"
 5:03:47 "HMT|B150B|regard|12|ecart_max|0|ecart_moyen|0|n|4"
 5:03:48 "HMT|B150B|regard|12|ecart_max|0|ecart_moyen|0|n|4"
 5:03:49 "HMT|B150B|regard|12|ecart_max|0|ecart_moyen|0|n|4"
 5:03:50 "HMT|B150B|regard|12|ecart_max|0|ecart_moyen|0|n|4"
 5:03:51 "HMT|B150B|regard|12|ecart_max|0|ecart_moyen|0|n|4"
 5:03:53 "HMT|B150B|regard|12|ecart_max|0|ecart_moyen|0|n|4"
 5:03:54 "HMT|B150B|regard|12|ecart_max|0|ecart_moyen|0|n|4"
 5:03:55 "HMT|B150B|regard|12|ecart_max|0|ecart_moyen|0|n|4"
 5:03:56 "HMT|B150B|regard|12|ecart_max|0|ecart_moyen|0|n|4"
 5:03:57 "HMT|B150B|regard|12|ecart_max|0|ecart_moyen|0|n|4"
 5:03:58 "HMT|B150B|regard|12|ecart_max|0|ecart_moyen|0|n|4"
 5:03:59 "HMT|B150B|regard|12|ecart_max|0|ecart_moyen|0|n|4"
 5:04:00 "HMT|B150B|regard|12|ecart_max|0|ecart_moyen|0|n|4"
 5:04:01 "HMT|B150B|regard|12|ecart_max|0|ecart_moyen|0|n|4"
 5:04:02 "HMT|B150B|regard|12|ecart_max|0|ecart_moyen|0|n|4"
 5:04:03 "HMT|B150B|regard|12|ecart_max|0|ecart_moyen|0|n|4"
 5:04:04 "HMT|B150B|regard|12|ecart_max|0|ecart_moyen|0|n|4"
 5:04:05 "HMT|B150B|regard|12|ecart_max|0|ecart_moyen|0|n|4"
 5:04:06 "HMT|B150B|regard|12|ecart_max|0|ecart_moyen|0|n|4"
 5:04:07 "HMT|B150B|regard|12|ecart_max|0|ecart_moyen|0|n|4"
 5:04:08 "HMT|B150B|regard|12|ecart_max|0|ecart_moyen|0|n|4"
 5:04:09 "HMT|B150B|regard|12|ecart_max|0|ecart_moyen|0|n|4"
 5:04:10 "HMT|B150B|regard|12|ecart_max|0|ecart_moyen|0|n|4"
 5:04:11 "HMT|B150B|regard|12|ecart_max|0|ecart_moyen|0|n|4"
 5:04:12 "HMT|B150B|regard|12|ecart_max|0|ecart_moyen|0|n|4"
 5:04:13 "HMT|B150B|regard|12|ecart_max|0|ecart_moyen|0|n|4"
 5:04:14 "HMT|B150B|regard|12|ecart_max|0|ecart_moyen|0|n|4"
 5:04:15 "HMT|B150B|regard|12|ecart_max|0|ecart_moyen|0|n|4"
 5:04:16 "HMT|B150B|regard|12|ecart_max|0|ecart_moyen|0|n|4"
 5:04:16 "HMT|B150B|essai|12|droite|know|4|reste|40|jalons|[1,1,0,0]|points|29|couche|0"
 5:04:17 "HMT|B150B|regard|12|ecart_max|0|ecart_moyen|0|n|4"
 5:04:18 "HMT|B150B|regard|12|ecart_max|0|ecart_moyen|0|n|4"
 5:04:19 "HMT|B150B|regard|12|ecart_max|0|ecart_moyen|0|n|4"
 5:04:20 "HMT|B150B|regard|12|ecart_max|0|ecart_moyen|0|n|4"
 5:04:21 "HMT|B150B|regard|12|ecart_max|0|ecart_moyen|0|n|4"
 5:04:22 "HMT|B150B|regard|12|ecart_max|0|ecart_moyen|0|n|4"
 5:04:23 "HMT|B150B|regard|12|ecart_max|0|ecart_moyen|0|n|4"
 5:04:24 "HMT|B150B|regard|12|ecart_max|0|ecart_moyen|0|n|4"
 5:04:25 "HMT|B150B|regard|12|ecart_max|0|ecart_moyen|0|n|4"
 5:04:26 "HMT|B150B|regard|12|ecart_max|0|ecart_moyen|0|n|4"
 5:04:27 "HMT|B150B|regard|12|ecart_max|0|ecart_moyen|0|n|4"
 5:04:28 "HMT|B150B|regard|12|ecart_max|0|ecart_moyen|0|n|4"
 5:04:29 "HMT|B150B|regard|12|ecart_max|0|ecart_moyen|0|n|4"
 5:04:30 "HMT|B150B|regard|12|ecart_max|0|ecart_moyen|0|n|4"
 5:04:31 "HMT|B150B|regard|12|ecart_max|0|ecart_moyen|0|n|4"
 5:04:32 "HMT|B150B|regard|12|ecart_max|0|ecart_moyen|0|n|4"
 5:04:33 "HMT|B150B|regard|12|ecart_max|0|ecart_moyen|0|n|4"
 5:04:34 "HMT|B150B|regard|12|ecart_max|0|ecart_moyen|0|n|4"
 5:04:35 "HMT|B150B|regard|12|ecart_max|0|ecart_moyen|0|n|4"
 5:04:36 "HMT|B150B|regard|12|ecart_max|0|ecart_moyen|0|n|4"
 5:04:37 "HMT|B150B|regard|12|ecart_max|0|ecart_moyen|0|n|4"
 5:04:38 "HMT|B150B|regard|12|ecart_max|0|ecart_moyen|0|n|4"
 5:04:39 "HMT|B150B|regard|12|ecart_max|0|ecart_moyen|0|n|4"
 5:04:40 "HMT|B150B|regard|12|ecart_max|0|ecart_moyen|0|n|4"
 5:04:41 "HMT|B150B|regard|12|ecart_max|0|ecart_moyen|0|n|4"
 5:04:42 "HMT|B150B|regard|12|ecart_max|0|ecart_moyen|0|n|4"
 5:04:43 "HMT|B150B|regard|12|ecart_max|0|ecart_moyen|0|n|4"
 5:04:44 "HMT|B150B|regard|12|ecart_max|0|ecart_moyen|0|n|4"
 5:04:45 "HMT|B150B|regard|12|ecart_max|0|ecart_moyen|0|n|4"
 5:04:46 "HMT|B150B|regard|12|ecart_max|0|ecart_moyen|0|n|4"
 5:04:47 "HMT|B150B|regard|12|ecart_max|0|ecart_moyen|0|n|4"
 5:04:48 "HMT|B150B|regard|12|ecart_max|0|ecart_moyen|0|n|4"
 5:04:49 "HMT|B150B|regard|12|ecart_max|0|ecart_moyen|0|n|4"
 5:04:50 "HMT|B150B|regard|12|ecart_max|0|ecart_moyen|0|n|4"
 5:04:51 "HMT|B150B|regard|12|ecart_max|0|ecart_moyen|0|n|4"
 5:04:52 "HMT|B150B|regard|12|ecart_max|0|ecart_moyen|0|n|4"
 5:04:53 "HMT|B150B|regard|12|ecart_max|0|ecart_moyen|0|n|4"
 5:04:54 "HMT|B150B|regard|12|ecart_max|0|ecart_moyen|0|n|4"
 5:04:55 "HMT|B150B|regard|12|ecart_max|0|ecart_moyen|0|n|4"
 5:04:56 "HMT|B150B|regard|12|ecart_max|0|ecart_moyen|0|n|4"
 5:04:57 "HMT|B150B|essai|12|droite_bis|know|4|reste|40|jalons|[1,1,0,0]|points|29|couche|0"
 5:04:57 "HMT|B150B|regard|12|ecart_max|0|ecart_moyen|0|n|4"
 5:04:58 "HMT|B150B|regard|12|ecart_max|0|ecart_moyen|0|n|4"
 5:04:59 "HMT|B150B|regard|12|ecart_max|0|ecart_moyen|0|n|4"
 5:05:00 "HMT|B150B|regard|12|ecart_max|0|ecart_moyen|0|n|4"
 5:05:01 "HMT|B150B|regard|12|ecart_max|0|ecart_moyen|0|n|4"
 5:05:02 "HMT|B150B|regard|12|ecart_max|0|ecart_moyen|0|n|4"
 5:05:03 "HMT|B150B|regard|12|ecart_max|0|ecart_moyen|0|n|4"
 5:05:05 "HMT|B150B|regard|12|ecart_max|0|ecart_moyen|0|n|4"
 5:05:06 "HMT|B150B|regard|12|ecart_max|0|ecart_moyen|0|n|4"
 5:05:07 "HMT|B150B|regard|12|ecart_max|0|ecart_moyen|0|n|4"
 5:05:08 "HMT|B150B|regard|12|ecart_max|0|ecart_moyen|0|n|4"
 5:05:09 "HMT|B150B|regard|12|ecart_max|0|ecart_moyen|0|n|4"
 5:05:10 "HMT|B150B|regard|12|ecart_max|0|ecart_moyen|0|n|4"
 5:05:11 "HMT|B150B|regard|12|ecart_max|0|ecart_moyen|0|n|4"
 5:05:12 "HMT|B150B|regard|12|ecart_max|0|ecart_moyen|0|n|4"
 5:05:13 "HMT|B150B|regard|12|ecart_max|0|ecart_moyen|0|n|4"
 5:05:14 "HMT|B150B|regard|12|ecart_max|0|ecart_moyen|0|n|4"
 5:05:15 "HMT|B150B|regard|12|ecart_max|0|ecart_moyen|0|n|4"
 5:05:16 "HMT|B150B|regard|12|ecart_max|0|ecart_moyen|0|n|4"
 5:05:17 "HMT|B150B|regard|12|ecart_max|0|ecart_moyen|0|n|4"
 5:05:18 "HMT|B150B|regard|12|ecart_max|0|ecart_moyen|0|n|4"
 5:05:19 "HMT|B150B|regard|12|ecart_max|0|ecart_moyen|0|n|4"
 5:05:20 "HMT|B150B|regard|12|ecart_max|0|ecart_moyen|0|n|4"
 5:05:21 "HMT|B150B|regard|12|ecart_max|0|ecart_moyen|0|n|4"
 5:05:22 "HMT|B150B|regard|12|ecart_max|0|ecart_moyen|0|n|4"
 5:05:23 "HMT|B150B|regard|12|ecart_max|0|ecart_moyen|0|n|4"
 5:05:24 "HMT|B150B|regard|12|ecart_max|0|ecart_moyen|0|n|4"
 5:05:25 "HMT|B150B|regard|12|ecart_max|0|ecart_moyen|0|n|4"
 5:05:26 "HMT|B150B|regard|12|ecart_max|0|ecart_moyen|0|n|4"
 5:05:27 "HMT|B150B|regard|12|ecart_max|0|ecart_moyen|0|n|4"
 5:05:28 "HMT|B150B|regard|12|ecart_max|0|ecart_moyen|0|n|4"
 5:05:29 "HMT|B150B|regard|12|ecart_max|0|ecart_moyen|0|n|4"
 5:05:30 "HMT|B150B|regard|12|ecart_max|0|ecart_moyen|0|n|4"
 5:05:31 "HMT|B150B|regard|12|ecart_max|0|ecart_moyen|0|n|4"
 5:05:32 "HMT|B150B|regard|12|ecart_max|0|ecart_moyen|0|n|4"
 5:05:33 "HMT|B150B|regard|12|ecart_max|0|ecart_moyen|0|n|4"
 5:05:34 "HMT|B150B|regard|12|ecart_max|0|ecart_moyen|0|n|4"
 5:05:35 "HMT|B150B|regard|12|ecart_max|0|ecart_moyen|0|n|4"
 5:05:36 "HMT|B150B|regard|12|ecart_max|0|ecart_moyen|0|n|4"
 5:05:37 "HMT|B150B|regard|12|ecart_max|0|ecart_moyen|0|n|4"
 5:05:38 "HMT|B150B|regard|12|ecart_max|0|ecart_moyen|0|n|4"
 5:05:39 "HMT|B150B|regard|12|ecart_max|0|ecart_moyen|0|n|4"
 5:05:40 "HMT|B150B|regard|12|ecart_max|0|ecart_moyen|0|n|4"
 5:05:41 "HMT|B150B|regard|12|ecart_max|0|ecart_moyen|0|n|4"
 5:05:42 "HMT|B150B|regard|12|ecart_max|0|ecart_moyen|0|n|4"
 5:05:43 "HMT|B150B|regard|12|ecart_max|0|ecart_moyen|0|n|4"
 5:05:44 "HMT|B150B|regard|12|ecart_max|0|ecart_moyen|0|n|4"
 5:05:45 "HMT|B150B|regard|12|ecart_max|0|ecart_moyen|0|n|4"
 5:05:46 "HMT|B150B|regard|12|ecart_max|0|ecart_moyen|0|n|4"
 5:05:47 "HMT|B150B|regard|12|ecart_max|0|ecart_moyen|0|n|4"
 5:05:48 "HMT|B150B|regard|12|ecart_max|0|ecart_moyen|0|n|4"
 5:05:49 "HMT|B150B|regard|12|ecart_max|0|ecart_moyen|0|n|4"
 5:05:50 "HMT|B150B|regard|12|ecart_max|0|ecart_moyen|0|n|4"
 5:05:51 "HMT|B150B|regard|12|ecart_max|0|ecart_moyen|0|n|4"
 5:05:52 "HMT|B150B|regard|12|ecart_max|0|ecart_moyen|0|n|4"
 5:05:53 "HMT|B150B|regard|12|ecart_max|0|ecart_moyen|0|n|4"
 5:05:54 "HMT|B150B|regard|12|ecart_max|0|ecart_moyen|0|n|4"
 5:05:55 "HMT|B150B|regard|12|ecart_max|0|ecart_moyen|0|n|4"
 5:05:56 "HMT|B150B|regard|12|ecart_max|0|ecart_moyen|0|n|4"
 5:05:57 "HMT|B150B|regard|12|ecart_max|0|ecart_moyen|0|n|4"
 5:05:58 "HMT|B150B|regard|12|ecart_max|0|ecart_moyen|0|n|4"
 5:05:59 "HMT|B150B|regard|12|ecart_max|0|ecart_moyen|0|n|4"
 5:06:00 "HMT|B150B|regard|12|ecart_max|0|ecart_moyen|0|n|4"
 5:06:01 "HMT|B150B|regard|12|ecart_max|0|ecart_moyen|0|n|4"
 5:06:02 "HMT|B150B|regard|12|ecart_max|0|ecart_moyen|0|n|4"
 5:06:03 "HMT|B150B|regard|12|ecart_max|0|ecart_moyen|0|n|4"
 5:06:04 "HMT|B150B|regard|12|ecart_max|0|ecart_moyen|0|n|4"
 5:06:05 "HMT|B150B|regard|12|ecart_max|0|ecart_moyen|0|n|4"
 5:06:06 "HMT|B150B|regard|12|ecart_max|0|ecart_moyen|0|n|4"
 5:06:07 "HMT|B150B|regard|12|ecart_max|0|ecart_moyen|0|n|4"
 5:06:08 "HMT|B150B|regard|12|ecart_max|0|ecart_moyen|0|n|4"
 5:06:09 "HMT|B150B|regard|12|ecart_max|0|ecart_moyen|0|n|4"
 5:06:10 "HMT|B150B|regard|12|ecart_max|0|ecart_moyen|0|n|4"
 5:06:11 "HMT|B150B|regard|12|ecart_max|0|ecart_moyen|0|n|4"
 5:06:12 "HMT|B150B|regard|12|ecart_max|0|ecart_moyen|0|n|4"
 5:06:14 "HMT|B150B|regard|12|ecart_max|0|ecart_moyen|0|n|4"
 5:06:15 "HMT|B150B|regard|12|ecart_max|0|ecart_moyen|0|n|4"
 5:06:16 "HMT|B150B|regard|12|ecart_max|0|ecart_moyen|0|n|4"
 5:06:16 "HMT|B150B|essai|12|oracle|know|4|reste|40|jalons|[0,0,0,0]|points|60|couche|0"
 5:06:17 "HMT|B150B|regard|12|ecart_max|0|ecart_moyen|0|n|4"
 5:06:18 "HMT|B150B|regard|12|ecart_max|0|ecart_moyen|0|n|4"
 5:06:19 "HMT|B150B|regard|12|ecart_max|0|ecart_moyen|0|n|4"
 5:06:20 "HMT|B150B|regard|12|ecart_max|0|ecart_moyen|0|n|4"
 5:06:21 "HMT|B150B|regard|12|ecart_max|0|ecart_moyen|0|n|4"
 5:06:22 "HMT|B150B|regard|12|ecart_max|0|ecart_moyen|0|n|4"
 5:06:23 "HMT|B150B|regard|12|ecart_max|0|ecart_moyen|0|n|4"
 5:06:24 "HMT|B150B|regard|12|ecart_max|0|ecart_moyen|0|n|4"
 5:06:25 "HMT|B150B|regard|12|ecart_max|0|ecart_moyen|0|n|4"
 5:06:26 "HMT|B150B|regard|12|ecart_max|0|ecart_moyen|0|n|4"
 5:06:27 "HMT|B150B|regard|12|ecart_max|0|ecart_moyen|0|n|4"
 5:06:28 "HMT|B150B|regard|12|ecart_max|0|ecart_moyen|0|n|4"
 5:06:29 "HMT|B150B|regard|12|ecart_max|0|ecart_moyen|0|n|4"
 5:06:30 "HMT|B150B|regard|12|ecart_max|0|ecart_moyen|0|n|4"
 5:06:31 "HMT|B150B|regard|12|ecart_max|0|ecart_moyen|0|n|4"
 5:06:32 "HMT|B150B|regard|12|ecart_max|0|ecart_moyen|0|n|4"
 5:06:33 "HMT|B150B|regard|12|ecart_max|0|ecart_moyen|0|n|4"
 5:06:34 "HMT|B150B|regard|12|ecart_max|0|ecart_moyen|0|n|4"
 5:06:35 "HMT|B150B|regard|12|ecart_max|0|ecart_moyen|0|n|4"
 5:06:36 "HMT|B150B|regard|12|ecart_max|0|ecart_moyen|0|n|4"
 5:06:37 "HMT|B150B|regard|12|ecart_max|0|ecart_moyen|0|n|4"
 5:06:38 "HMT|B150B|regard|12|ecart_max|0|ecart_moyen|0|n|4"
 5:06:39 "HMT|B150B|regard|12|ecart_max|0|ecart_moyen|0|n|4"
 5:06:40 "HMT|B150B|regard|12|ecart_max|0|ecart_moyen|0|n|4"
 5:06:41 "HMT|B150B|regard|12|ecart_max|0|ecart_moyen|0|n|4"
 5:06:42 "HMT|B150B|regard|12|ecart_max|0|ecart_moyen|0|n|4"
 5:06:43 "HMT|B150B|regard|12|ecart_max|0|ecart_moyen|0|n|4"
 5:06:44 "HMT|B150B|regard|12|ecart_max|0|ecart_moyen|0|n|4"
 5:06:45 "HMT|B150B|regard|12|ecart_max|0|ecart_moyen|0|n|4"
 5:06:46 "HMT|B150B|regard|12|ecart_max|0|ecart_moyen|0|n|4"
 5:06:47 "HMT|B150B|regard|12|ecart_max|0|ecart_moyen|0|n|4"
 5:06:48 "HMT|B150B|regard|12|ecart_max|0|ecart_moyen|0|n|4"
 5:06:49 "HMT|B150B|regard|12|ecart_max|0|ecart_moyen|0|n|4"
 5:06:50 "HMT|B150B|regard|12|ecart_max|0|ecart_moyen|0|n|4"
 5:06:51 "HMT|B150B|regard|12|ecart_max|0|ecart_moyen|0|n|4"
 5:06:52 "HMT|B150B|regard|12|ecart_max|0|ecart_moyen|0|n|4"
 5:06:53 "HMT|B150B|regard|12|ecart_max|0|ecart_moyen|0|n|4"
 5:06:54 "HMT|B150B|regard|12|ecart_max|0|ecart_moyen|0|n|4"
 5:06:55 "HMT|B150B|regard|12|ecart_max|0|ecart_moyen|0|n|4"
 5:06:56 "HMT|B150B|regard|12|ecart_max|0|ecart_moyen|0|n|4"
 5:06:57 "HMT|B150B|regard|12|ecart_max|0|ecart_moyen|0|n|4"
 5:06:58 "HMT|B150B|regard|12|ecart_max|0|ecart_moyen|0|n|4"
 5:06:59 "HMT|B150B|regard|12|ecart_max|0|ecart_moyen|0|n|4"
 5:07:00 "HMT|B150B|regard|12|ecart_max|0|ecart_moyen|0|n|4"
 5:07:01 "HMT|B150B|regard|12|ecart_max|0|ecart_moyen|0|n|4"
 5:07:02 "HMT|B150B|essai|12|oracle_libre|know|4|reste|40|jalons|[0,0,0,0]|points|33|couche|0"
 5:07:02 "HMT|B150B|regard|12|ecart_max|0|ecart_moyen|0|n|4"
 5:07:03 "HMT|B150B|regard|12|ecart_max|0|ecart_moyen|0|n|4"
 5:07:04 "HMT|B150B|regard|12|ecart_max|0|ecart_moyen|0|n|4"
 5:07:05 "HMT|B150B|regard|12|ecart_max|0|ecart_moyen|0|n|4"
 5:07:09 "HMT|B150B|regard|13|ecart_max|0|ecart_moyen|0|n|5"
 5:07:10 "HMT|B150B|regard|13|ecart_max|0|ecart_moyen|0|n|5"
 5:07:11 "HMT|B150B|regard|13|ecart_max|0|ecart_moyen|0|n|5"
 5:07:12 "HMT|B150B|regard|13|ecart_max|0|ecart_moyen|0|n|5"
 5:07:13 "HMT|B150B|config|13|defenseurs|5|derive_max|0|caps|[3,175,151,179,123]"
 5:07:13 "HMT|B150B|regard|13|ecart_max|0|ecart_moyen|0|n|5"
 5:07:14 "HMT|B150B|regard|13|ecart_max|0|ecart_moyen|0|n|5"
 5:07:15 "HMT|B150B|regard|13|ecart_max|0|ecart_moyen|0|n|5"
 5:07:16 "HMT|B150B|regard|13|ecart_max|0|ecart_moyen|0|n|5"
 5:07:17 "HMT|B150B|regard|13|ecart_max|0|ecart_moyen|0|n|5"
 5:07:18 "HMT|B150B|regard|13|ecart_max|0|ecart_moyen|0|n|5"
 5:07:19 "HMT|B150B|regard|13|ecart_max|0|ecart_moyen|0|n|5"
 5:07:20 "HMT|B150B|regard|13|ecart_max|0|ecart_moyen|0|n|5"
 5:07:21 "HMT|B150B|regard|13|ecart_max|0|ecart_moyen|0|n|5"
 5:07:22 "HMT|B150B|regard|13|ecart_max|0|ecart_moyen|0|n|5"
 5:07:23 "HMT|B150B|regard|13|ecart_max|0|ecart_moyen|0|n|5"
 5:07:24 "HMT|B150B|regard|13|ecart_max|0|ecart_moyen|0|n|5"
 5:07:25 "HMT|B150B|regard|13|ecart_max|0|ecart_moyen|0|n|5"
 5:07:26 "HMT|B150B|regard|13|ecart_max|0|ecart_moyen|0|n|5"
 5:07:27 "HMT|B150B|regard|13|ecart_max|0|ecart_moyen|0|n|5"
 5:07:28 "HMT|B150B|regard|13|ecart_max|0|ecart_moyen|0|n|5"
 5:07:29 "HMT|B150B|regard|13|ecart_max|0|ecart_moyen|0|n|5"
 5:07:30 "HMT|B150B|regard|13|ecart_max|0|ecart_moyen|0|n|5"
 5:07:32 "HMT|B150B|regard|13|ecart_max|0|ecart_moyen|0|n|5"
 5:07:33 "HMT|B150B|regard|13|ecart_max|0|ecart_moyen|0|n|5"
 5:07:34 "HMT|B150B|regard|13|ecart_max|0|ecart_moyen|0|n|5"
 5:07:35 "HMT|B150B|regard|13|ecart_max|0|ecart_moyen|0|n|5"
 5:07:36 "HMT|B150B|regard|13|ecart_max|0|ecart_moyen|0|n|5"
 5:07:37 "HMT|B150B|regard|13|ecart_max|0|ecart_moyen|0|n|5"
 5:07:38 "HMT|B150B|regard|13|ecart_max|0|ecart_moyen|0|n|5"
 5:07:39 "HMT|B150B|regard|13|ecart_max|0|ecart_moyen|0|n|5"
 5:07:40 "HMT|B150B|regard|13|ecart_max|0|ecart_moyen|0|n|5"
 5:07:41 "HMT|B150B|regard|13|ecart_max|0|ecart_moyen|0|n|5"
 5:07:42 "HMT|B150B|regard|13|ecart_max|0|ecart_moyen|0|n|5"
 5:07:43 "HMT|B150B|regard|13|ecart_max|0|ecart_moyen|0|n|5"
 5:07:44 "HMT|B150B|regard|13|ecart_max|0|ecart_moyen|0|n|5"
 5:07:45 "HMT|B150B|regard|13|ecart_max|0|ecart_moyen|0|n|5"
 5:07:46 "HMT|B150B|regard|13|ecart_max|0|ecart_moyen|0|n|5"
 5:07:47 "HMT|B150B|regard|13|ecart_max|0|ecart_moyen|0|n|5"
 5:07:48 "HMT|B150B|regard|13|ecart_max|0|ecart_moyen|0|n|5"
 5:07:49 "HMT|B150B|regard|13|ecart_max|0|ecart_moyen|0|n|5"
 5:07:50 "HMT|B150B|regard|13|ecart_max|0|ecart_moyen|0|n|5"
 5:07:50 "HMT|B150B|essai|13|agent|know|4|reste|38|jalons|[1,1,0,0]|points|29|couche|0"
 5:07:51 "HMT|B150B|regard|13|ecart_max|0|ecart_moyen|0|n|5"
 5:07:52 "HMT|B150B|regard|13|ecart_max|0|ecart_moyen|0|n|5"
 5:07:53 "HMT|B150B|regard|13|ecart_max|0|ecart_moyen|0|n|5"
 5:07:54 "HMT|B150B|regard|13|ecart_max|0|ecart_moyen|0|n|5"
 5:07:55 "HMT|B150B|regard|13|ecart_max|0|ecart_moyen|0|n|5"
 5:07:56 "HMT|B150B|regard|13|ecart_max|0|ecart_moyen|0|n|5"
 5:07:57 "HMT|B150B|regard|13|ecart_max|0|ecart_moyen|0|n|5"
 5:07:58 "HMT|B150B|regard|13|ecart_max|0|ecart_moyen|0|n|5"
 5:07:59 "HMT|B150B|regard|13|ecart_max|0|ecart_moyen|0|n|5"
 5:08:00 "HMT|B150B|regard|13|ecart_max|0|ecart_moyen|0|n|5"
 5:08:01 "HMT|B150B|regard|13|ecart_max|0|ecart_moyen|0|n|5"
 5:08:02 "HMT|B150B|regard|13|ecart_max|0|ecart_moyen|0|n|5"
 5:08:03 "HMT|B150B|regard|13|ecart_max|0|ecart_moyen|0|n|5"
 5:08:04 "HMT|B150B|regard|13|ecart_max|0|ecart_moyen|0|n|5"
 5:08:05 "HMT|B150B|regard|13|ecart_max|0|ecart_moyen|0|n|5"
 5:08:06 "HMT|B150B|regard|13|ecart_max|0|ecart_moyen|0|n|5"
 5:08:07 "HMT|B150B|regard|13|ecart_max|0|ecart_moyen|0|n|5"
 5:08:08 "HMT|B150B|regard|13|ecart_max|0|ecart_moyen|0|n|5"
 5:08:09 "HMT|B150B|regard|13|ecart_max|0|ecart_moyen|0|n|5"
 5:08:10 "HMT|B150B|regard|13|ecart_max|0|ecart_moyen|0|n|5"
 5:08:11 "HMT|B150B|regard|13|ecart_max|0|ecart_moyen|0|n|5"
 5:08:12 "HMT|B150B|regard|13|ecart_max|0|ecart_moyen|0|n|5"
 5:08:13 "HMT|B150B|regard|13|ecart_max|0|ecart_moyen|0|n|5"
 5:08:14 "HMT|B150B|regard|13|ecart_max|0|ecart_moyen|0|n|5"
 5:08:15 "HMT|B150B|regard|13|ecart_max|0|ecart_moyen|0|n|5"
 5:08:16 "HMT|B150B|regard|13|ecart_max|0|ecart_moyen|0|n|5"
 5:08:17 "HMT|B150B|regard|13|ecart_max|0|ecart_moyen|0|n|5"
 5:08:18 "HMT|B150B|regard|13|ecart_max|0|ecart_moyen|0|n|5"
 5:08:19 "HMT|B150B|regard|13|ecart_max|0|ecart_moyen|0|n|5"
 5:08:20 "HMT|B150B|regard|13|ecart_max|0|ecart_moyen|0|n|5"
 5:08:21 "HMT|B150B|regard|13|ecart_max|0|ecart_moyen|0|n|5"
 5:08:22 "HMT|B150B|regard|13|ecart_max|0|ecart_moyen|0|n|5"
 5:08:23 "HMT|B150B|regard|13|ecart_max|0|ecart_moyen|0|n|5"
 5:08:24 "HMT|B150B|regard|13|ecart_max|0|ecart_moyen|0|n|5"
 5:08:25 "HMT|B150B|regard|13|ecart_max|0|ecart_moyen|0|n|5"
 5:08:26 "HMT|B150B|regard|13|ecart_max|0|ecart_moyen|0|n|5"
 5:08:27 "HMT|B150B|regard|13|ecart_max|0|ecart_moyen|0|n|5"
 5:08:28 "HMT|B150B|regard|13|ecart_max|0|ecart_moyen|0|n|5"
 5:08:29 "HMT|B150B|regard|13|ecart_max|0|ecart_moyen|0|n|5"
 5:08:30 "HMT|B150B|regard|13|ecart_max|0|ecart_moyen|0|n|5"
 5:08:31 "HMT|B150B|regard|13|ecart_max|0|ecart_moyen|0|n|5"
 5:08:32 "HMT|B150B|essai|13|droite|know|4|reste|40|jalons|[0,0,0,-1]|points|29|couche|0"
 5:08:32 "HMT|B150B|regard|13|ecart_max|0|ecart_moyen|0|n|5"
 5:08:33 "HMT|B150B|regard|13|ecart_max|0|ecart_moyen|0|n|5"
 5:08:34 "HMT|B150B|regard|13|ecart_max|0|ecart_moyen|0|n|5"
 5:08:35 "HMT|B150B|regard|13|ecart_max|0|ecart_moyen|0|n|5"
 5:08:36 "HMT|B150B|regard|13|ecart_max|0|ecart_moyen|0|n|5"
 5:08:37 "HMT|B150B|regard|13|ecart_max|0|ecart_moyen|0|n|5"
 5:08:38 "HMT|B150B|regard|13|ecart_max|0|ecart_moyen|0|n|5"
 5:08:39 "HMT|B150B|regard|13|ecart_max|0|ecart_moyen|0|n|5"
 5:08:40 "HMT|B150B|regard|13|ecart_max|0|ecart_moyen|0|n|5"
 5:08:41 "HMT|B150B|regard|13|ecart_max|0|ecart_moyen|0|n|5"
 5:08:42 "HMT|B150B|regard|13|ecart_max|0|ecart_moyen|0|n|5"
 5:08:44 "HMT|B150B|regard|13|ecart_max|0|ecart_moyen|0|n|5"
 5:08:45 "HMT|B150B|regard|13|ecart_max|0|ecart_moyen|0|n|5"
 5:08:46 "HMT|B150B|regard|13|ecart_max|0|ecart_moyen|0|n|5"
 5:08:47 "HMT|B150B|regard|13|ecart_max|0|ecart_moyen|0|n|5"
 5:08:48 "HMT|B150B|regard|13|ecart_max|0|ecart_moyen|0|n|5"
 5:08:49 "HMT|B150B|regard|13|ecart_max|0|ecart_moyen|0|n|5"
 5:08:50 "HMT|B150B|regard|13|ecart_max|0|ecart_moyen|0|n|5"
 5:08:51 "HMT|B150B|regard|13|ecart_max|0|ecart_moyen|0|n|5"
 5:08:52 "HMT|B150B|regard|13|ecart_max|0|ecart_moyen|0|n|5"
 5:08:53 "HMT|B150B|regard|13|ecart_max|0|ecart_moyen|0|n|5"
 5:08:54 "HMT|B150B|regard|13|ecart_max|0|ecart_moyen|0|n|5"
 5:08:55 "HMT|B150B|regard|13|ecart_max|0|ecart_moyen|0|n|5"
 5:08:56 "HMT|B150B|regard|13|ecart_max|0|ecart_moyen|0|n|5"
 5:08:57 "HMT|B150B|regard|13|ecart_max|0|ecart_moyen|0|n|5"
 5:08:58 "HMT|B150B|regard|13|ecart_max|0|ecart_moyen|0|n|5"
 5:08:59 "HMT|B150B|regard|13|ecart_max|0|ecart_moyen|0|n|5"
 5:09:00 "HMT|B150B|regard|13|ecart_max|0|ecart_moyen|0|n|5"
 5:09:01 "HMT|B150B|regard|13|ecart_max|0|ecart_moyen|0|n|5"
 5:09:02 "HMT|B150B|regard|13|ecart_max|0|ecart_moyen|0|n|5"
 5:09:03 "HMT|B150B|regard|13|ecart_max|0|ecart_moyen|0|n|5"
 5:09:04 "HMT|B150B|regard|13|ecart_max|0|ecart_moyen|0|n|5"
 5:09:05 "HMT|B150B|regard|13|ecart_max|0|ecart_moyen|0|n|5"
 5:09:06 "HMT|B150B|regard|13|ecart_max|0|ecart_moyen|0|n|5"
 5:09:07 "HMT|B150B|regard|13|ecart_max|0|ecart_moyen|0|n|5"
 5:09:08 "HMT|B150B|regard|13|ecart_max|0|ecart_moyen|0|n|5"
 5:09:09 "HMT|B150B|regard|13|ecart_max|0|ecart_moyen|0|n|5"
 5:09:10 "HMT|B150B|regard|13|ecart_max|0|ecart_moyen|0|n|5"
 5:09:11 "HMT|B150B|regard|13|ecart_max|0|ecart_moyen|0|n|5"
 5:09:12 "HMT|B150B|regard|13|ecart_max|0|ecart_moyen|0|n|5"
 5:09:13 "HMT|B150B|essai|13|droite_bis|know|4|reste|40|jalons|[0,0,0,-1]|points|29|couche|0"
 5:09:13 "HMT|B150B|regard|13|ecart_max|0|ecart_moyen|0|n|5"
 5:09:14 "HMT|B150B|regard|13|ecart_max|0|ecart_moyen|0|n|5"
 5:09:15 "HMT|B150B|regard|13|ecart_max|0|ecart_moyen|0|n|5"
 5:09:16 "HMT|B150B|regard|13|ecart_max|0|ecart_moyen|0|n|5"
 5:09:17 "HMT|B150B|regard|13|ecart_max|0|ecart_moyen|0|n|5"
 5:09:18 "HMT|B150B|regard|13|ecart_max|0|ecart_moyen|0|n|5"
 5:09:19 "HMT|B150B|regard|13|ecart_max|0|ecart_moyen|0|n|5"
 5:09:20 "HMT|B150B|regard|13|ecart_max|0|ecart_moyen|0|n|5"
 5:09:21 "HMT|B150B|regard|13|ecart_max|0|ecart_moyen|0|n|5"
 5:09:22 "HMT|B150B|regard|13|ecart_max|0|ecart_moyen|0|n|5"
 5:09:23 "HMT|B150B|regard|13|ecart_max|0|ecart_moyen|0|n|5"
 5:09:24 "HMT|B150B|regard|13|ecart_max|0|ecart_moyen|0|n|5"
 5:09:25 "HMT|B150B|regard|13|ecart_max|0|ecart_moyen|0|n|5"
 5:09:26 "HMT|B150B|regard|13|ecart_max|0|ecart_moyen|0|n|5"
 5:09:27 "HMT|B150B|regard|13|ecart_max|0|ecart_moyen|0|n|5"
 5:09:28 "HMT|B150B|regard|13|ecart_max|0|ecart_moyen|0|n|5"
 5:09:29 "HMT|B150B|regard|13|ecart_max|0|ecart_moyen|0|n|5"
 5:09:30 "HMT|B150B|regard|13|ecart_max|0|ecart_moyen|0|n|5"
 5:09:31 "HMT|B150B|regard|13|ecart_max|0|ecart_moyen|0|n|5"
 5:09:32 "HMT|B150B|regard|13|ecart_max|0|ecart_moyen|0|n|5"
 5:09:33 "HMT|B150B|regard|13|ecart_max|0|ecart_moyen|0|n|5"
 5:09:34 "HMT|B150B|regard|13|ecart_max|0|ecart_moyen|0|n|5"
 5:09:35 "HMT|B150B|regard|13|ecart_max|0|ecart_moyen|0|n|5"
 5:09:36 "HMT|B150B|regard|13|ecart_max|0|ecart_moyen|0|n|5"
 5:09:37 "HMT|B150B|regard|13|ecart_max|0|ecart_moyen|0|n|5"
 5:09:38 "HMT|B150B|regard|13|ecart_max|0|ecart_moyen|0|n|5"
 5:09:39 "HMT|B150B|regard|13|ecart_max|0|ecart_moyen|0|n|5"
 5:09:40 "HMT|B150B|regard|13|ecart_max|0|ecart_moyen|0|n|5"
 5:09:41 "HMT|B150B|regard|13|ecart_max|0|ecart_moyen|0|n|5"
 5:09:42 "HMT|B150B|regard|13|ecart_max|0|ecart_moyen|0|n|5"
 5:09:43 "HMT|B150B|regard|13|ecart_max|0|ecart_moyen|0|n|5"
 5:09:44 "HMT|B150B|regard|13|ecart_max|0|ecart_moyen|0|n|5"
 5:09:45 "HMT|B150B|regard|13|ecart_max|0|ecart_moyen|0|n|5"
 5:09:46 "HMT|B150B|regard|13|ecart_max|0|ecart_moyen|0|n|5"
 5:09:47 "HMT|B150B|regard|13|ecart_max|0|ecart_moyen|0|n|5"
 5:09:48 "HMT|B150B|regard|13|ecart_max|0|ecart_moyen|0|n|5"
 5:09:49 "HMT|B150B|regard|13|ecart_max|0|ecart_moyen|0|n|5"
 5:09:50 "HMT|B150B|regard|13|ecart_max|0|ecart_moyen|0|n|5"
 5:09:51 "HMT|B150B|regard|13|ecart_max|0|ecart_moyen|0|n|5"
 5:09:52 "HMT|B150B|regard|13|ecart_max|0|ecart_moyen|0|n|5"
 5:09:54 "HMT|B150B|regard|13|ecart_max|0|ecart_moyen|0|n|5"
 5:09:55 "HMT|B150B|regard|13|ecart_max|0|ecart_moyen|0|n|5"
 5:09:56 "HMT|B150B|regard|13|ecart_max|0|ecart_moyen|0|n|5"
 5:09:57 "HMT|B150B|regard|13|ecart_max|0|ecart_moyen|0|n|5"
 5:09:58 "HMT|B150B|regard|13|ecart_max|0|ecart_moyen|0|n|5"
 5:09:59 "HMT|B150B|regard|13|ecart_max|0|ecart_moyen|0|n|5"
 5:10:00 "HMT|B150B|regard|13|ecart_max|0|ecart_moyen|0|n|5"
 5:10:01 "HMT|B150B|regard|13|ecart_max|0|ecart_moyen|0|n|5"
 5:10:02 "HMT|B150B|regard|13|ecart_max|0|ecart_moyen|0|n|5"
 5:10:03 "HMT|B150B|regard|13|ecart_max|0|ecart_moyen|0|n|5"
 5:10:04 "HMT|B150B|regard|13|ecart_max|0|ecart_moyen|0|n|5"
 5:10:05 "HMT|B150B|regard|13|ecart_max|0|ecart_moyen|0|n|5"
 5:10:06 "HMT|B150B|regard|13|ecart_max|0|ecart_moyen|0|n|5"
 5:10:07 "HMT|B150B|regard|13|ecart_max|0|ecart_moyen|0|n|5"
 5:10:08 "HMT|B150B|regard|13|ecart_max|0|ecart_moyen|0|n|5"
 5:10:09 "HMT|B150B|regard|13|ecart_max|0|ecart_moyen|0|n|5"
 5:10:10 "HMT|B150B|regard|13|ecart_max|0|ecart_moyen|0|n|5"
 5:10:11 "HMT|B150B|regard|13|ecart_max|0|ecart_moyen|0|n|5"
 5:10:12 "HMT|B150B|regard|13|ecart_max|0|ecart_moyen|0|n|5"
 5:10:13 "HMT|B150B|regard|13|ecart_max|0|ecart_moyen|0|n|5"
 5:10:14 "HMT|B150B|regard|13|ecart_max|0|ecart_moyen|0|n|5"
 5:10:15 "HMT|B150B|regard|13|ecart_max|0|ecart_moyen|0|n|5"
 5:10:16 "HMT|B150B|regard|13|ecart_max|0|ecart_moyen|0|n|5"
 5:10:17 "HMT|B150B|regard|13|ecart_max|0|ecart_moyen|0|n|5"
 5:10:18 "HMT|B150B|regard|13|ecart_max|0|ecart_moyen|0|n|5"
 5:10:19 "HMT|B150B|regard|13|ecart_max|0|ecart_moyen|0|n|5"
 5:10:20 "HMT|B150B|regard|13|ecart_max|0|ecart_moyen|0|n|5"
 5:10:21 "HMT|B150B|regard|13|ecart_max|0|ecart_moyen|0|n|5"
 5:10:22 "HMT|B150B|regard|13|ecart_max|0|ecart_moyen|0|n|5"
 5:10:23 "HMT|B150B|regard|13|ecart_max|0|ecart_moyen|0|n|5"
 5:10:24 "HMT|B150B|regard|13|ecart_max|0|ecart_moyen|0|n|5"
 5:10:25 "HMT|B150B|regard|13|ecart_max|0|ecart_moyen|0|n|5"
 5:10:26 "HMT|B150B|regard|13|ecart_max|0|ecart_moyen|0|n|5"
 5:10:27 "HMT|B150B|regard|13|ecart_max|0|ecart_moyen|0|n|5"
 5:10:28 "HMT|B150B|regard|13|ecart_max|0|ecart_moyen|0|n|5"
 5:10:29 "HMT|B150B|regard|13|ecart_max|0|ecart_moyen|0|n|5"
 5:10:30 "HMT|B150B|regard|13|ecart_max|0|ecart_moyen|0|n|5"
 5:10:31 "HMT|B150B|regard|13|ecart_max|0|ecart_moyen|0|n|5"
 5:10:32 "HMT|B150B|regard|13|ecart_max|0|ecart_moyen|0|n|5"
 5:10:33 "HMT|B150B|regard|13|ecart_max|0|ecart_moyen|0|n|5"
 5:10:34 "HMT|B150B|regard|13|ecart_max|0|ecart_moyen|0|n|5"
 5:10:34 "HMT|B150B|essai|13|oracle|know|4|reste|39|jalons|[0,0,0,0]|points|62|couche|0"
 5:10:35 "HMT|B150B|regard|13|ecart_max|0|ecart_moyen|0|n|5"
 5:10:36 "HMT|B150B|regard|13|ecart_max|0|ecart_moyen|0|n|5"
 5:10:37 "HMT|B150B|regard|13|ecart_max|0|ecart_moyen|0|n|5"
 5:10:38 "HMT|B150B|regard|13|ecart_max|0|ecart_moyen|0|n|5"
 5:10:39 "HMT|B150B|regard|13|ecart_max|0|ecart_moyen|0|n|5"
 5:10:40 "HMT|B150B|regard|13|ecart_max|0|ecart_moyen|0|n|5"
 5:10:41 "HMT|B150B|regard|13|ecart_max|0|ecart_moyen|0|n|5"
 5:10:42 "HMT|B150B|regard|13|ecart_max|0|ecart_moyen|0|n|5"
 5:10:43 "HMT|B150B|regard|13|ecart_max|0|ecart_moyen|0|n|5"
 5:10:44 "HMT|B150B|regard|13|ecart_max|0|ecart_moyen|0|n|5"
 5:10:45 "HMT|B150B|regard|13|ecart_max|0|ecart_moyen|0|n|5"
 5:10:46 "HMT|B150B|regard|13|ecart_max|0|ecart_moyen|0|n|5"
 5:10:47 "HMT|B150B|regard|13|ecart_max|0|ecart_moyen|0|n|5"
 5:10:48 "HMT|B150B|regard|13|ecart_max|0|ecart_moyen|0|n|5"
 5:10:49 "HMT|B150B|regard|13|ecart_max|0|ecart_moyen|0|n|5"
 5:10:50 "HMT|B150B|regard|13|ecart_max|0|ecart_moyen|0|n|5"
 5:10:51 "HMT|B150B|regard|13|ecart_max|0|ecart_moyen|0|n|5"
 5:10:52 "HMT|B150B|regard|13|ecart_max|0|ecart_moyen|0|n|5"
 5:10:53 "HMT|B150B|regard|13|ecart_max|0|ecart_moyen|0|n|5"
 5:10:54 "HMT|B150B|regard|13|ecart_max|0|ecart_moyen|0|n|5"
 5:10:55 "HMT|B150B|regard|13|ecart_max|0|ecart_moyen|0|n|5"
 5:10:56 "HMT|B150B|regard|13|ecart_max|0|ecart_moyen|0|n|5"
 5:10:57 "HMT|B150B|regard|13|ecart_max|0|ecart_moyen|0|n|5"
 5:10:58 "HMT|B150B|regard|13|ecart_max|0|ecart_moyen|0|n|5"
 5:10:59 "HMT|B150B|regard|13|ecart_max|0|ecart_moyen|0|n|5"
 5:11:00 "HMT|B150B|regard|13|ecart_max|0|ecart_moyen|0|n|5"
 5:11:01 "HMT|B150B|regard|13|ecart_max|0|ecart_moyen|0|n|5"
 5:11:02 "HMT|B150B|regard|13|ecart_max|0|ecart_moyen|0|n|5"
 5:11:03 "HMT|B150B|regard|13|ecart_max|0|ecart_moyen|0|n|5"
 5:11:04 "HMT|B150B|regard|13|ecart_max|0|ecart_moyen|0|n|5"
 5:11:06 "HMT|B150B|regard|13|ecart_max|0|ecart_moyen|0|n|5"
 5:11:07 "HMT|B150B|regard|13|ecart_max|0|ecart_moyen|0|n|5"
 5:11:08 "HMT|B150B|regard|13|ecart_max|0|ecart_moyen|0|n|5"
 5:11:09 "HMT|B150B|regard|13|ecart_max|0|ecart_moyen|0|n|5"
 5:11:10 "HMT|B150B|regard|13|ecart_max|0|ecart_moyen|0|n|5"
 5:11:11 "HMT|B150B|regard|13|ecart_max|0|ecart_moyen|0|n|5"
 5:11:12 "HMT|B150B|regard|13|ecart_max|0|ecart_moyen|0|n|5"
 5:11:13 "HMT|B150B|regard|13|ecart_max|0|ecart_moyen|0|n|5"
 5:11:14 "HMT|B150B|regard|13|ecart_max|0|ecart_moyen|0|n|5"
 5:11:15 "HMT|B150B|regard|13|ecart_max|0|ecart_moyen|0|n|5"
 5:11:16 "HMT|B150B|regard|13|ecart_max|0|ecart_moyen|0|n|5"
 5:11:17 "HMT|B150B|essai|13|oracle_libre|know|4|reste|40|jalons|[1,1,0,0]|points|30|couche|0"
 5:11:17 "HMT|B150B|regard|13|ecart_max|0|ecart_moyen|0|n|5"
 5:11:18 "HMT|B150B|regard|13|ecart_max|0|ecart_moyen|0|n|5"
 5:11:19 "HMT|B150B|regard|13|ecart_max|0|ecart_moyen|0|n|5"
 5:11:20 "HMT|B150B|regard|13|ecart_max|0|ecart_moyen|0|n|5"
 5:11:24 "HMT|B150B|regard|14|ecart_max|0|ecart_moyen|0|n|8"
 5:11:25 "HMT|B150B|regard|14|ecart_max|0|ecart_moyen|0|n|8"
 5:11:26 "HMT|B150B|regard|14|ecart_max|0|ecart_moyen|0|n|8"
 5:11:27 "HMT|B150B|regard|14|ecart_max|0|ecart_moyen|0|n|8"
 5:11:28 "HMT|B150B|config|14|defenseurs|8|derive_max|0.8|caps|[218,218,218,218,218,218,216,217]"
 5:11:28 "HMT|B150B|regard|14|ecart_max|0|ecart_moyen|0|n|8"
 5:11:29 "HMT|B150B|regard|14|ecart_max|0|ecart_moyen|0|n|8"
 5:11:30 "HMT|B150B|regard|14|ecart_max|0|ecart_moyen|0|n|8"
 5:11:31 "HMT|B150B|regard|14|ecart_max|0|ecart_moyen|0|n|8"
 5:11:32 "HMT|B150B|regard|14|ecart_max|0|ecart_moyen|0|n|8"
 5:11:33 "HMT|B150B|regard|14|ecart_max|0|ecart_moyen|0|n|8"
 5:11:34 "HMT|B150B|regard|14|ecart_max|0|ecart_moyen|0|n|8"
 5:11:35 "HMT|B150B|regard|14|ecart_max|0|ecart_moyen|0|n|8"
 5:11:36 "HMT|B150B|regard|14|ecart_max|0|ecart_moyen|0|n|8"
 5:11:37 "HMT|B150B|regard|14|ecart_max|0|ecart_moyen|0|n|8"
 5:11:38 "HMT|B150B|regard|14|ecart_max|0|ecart_moyen|0|n|8"
 5:11:39 "HMT|B150B|regard|14|ecart_max|0|ecart_moyen|0|n|8"
 5:11:40 "HMT|B150B|regard|14|ecart_max|0|ecart_moyen|0|n|8"
 5:11:41 "HMT|B150B|regard|14|ecart_max|0|ecart_moyen|0|n|8"
 5:11:42 "HMT|B150B|regard|14|ecart_max|0|ecart_moyen|0|n|8"
 5:11:43 "HMT|B150B|regard|14|ecart_max|0|ecart_moyen|0|n|8"
 5:11:44 "HMT|B150B|regard|14|ecart_max|0|ecart_moyen|0|n|8"
 5:11:45 "HMT|B150B|regard|14|ecart_max|0|ecart_moyen|0|n|8"
 5:11:46 "HMT|B150B|regard|14|ecart_max|0|ecart_moyen|0|n|8"
 5:11:47 "HMT|B150B|regard|14|ecart_max|0|ecart_moyen|0|n|8"
 5:11:48 "HMT|B150B|regard|14|ecart_max|0|ecart_moyen|0|n|8"
 5:11:49 "HMT|B150B|regard|14|ecart_max|0|ecart_moyen|0|n|8"
 5:11:50 "HMT|B150B|regard|14|ecart_max|0|ecart_moyen|0|n|8"
 5:11:51 "HMT|B150B|regard|14|ecart_max|0|ecart_moyen|0|n|8"
 5:11:52 "HMT|B150B|regard|14|ecart_max|0|ecart_moyen|0|n|8"
 5:11:53 "HMT|B150B|regard|14|ecart_max|0|ecart_moyen|0|n|8"
 5:11:54 "HMT|B150B|regard|14|ecart_max|0|ecart_moyen|0|n|8"
 5:11:55 "HMT|B150B|regard|14|ecart_max|0|ecart_moyen|0|n|8"
 5:11:56 "HMT|B150B|regard|14|ecart_max|0|ecart_moyen|0|n|8"
 5:11:57 "HMT|B150B|regard|14|ecart_max|0|ecart_moyen|0|n|8"
 5:11:58 "HMT|B150B|regard|14|ecart_max|0|ecart_moyen|0|n|8"
 5:11:59 "HMT|B150B|regard|14|ecart_max|0|ecart_moyen|0|n|8"
 5:12:00 "HMT|B150B|regard|14|ecart_max|0|ecart_moyen|0|n|8"
 5:12:01 "HMT|B150B|regard|14|ecart_max|0|ecart_moyen|0|n|8"
 5:12:02 "HMT|B150B|regard|14|ecart_max|0|ecart_moyen|0|n|8"
 5:12:03 "HMT|B150B|regard|14|ecart_max|0|ecart_moyen|0|n|8"
 5:12:04 "HMT|B150B|regard|14|ecart_max|0|ecart_moyen|0|n|8"
 5:12:05 "HMT|B150B|essai|14|agent|know|3.97|reste|38|jalons|[1,1,0,0]|points|29|couche|0"
 5:12:05 "HMT|B150B|regard|14|ecart_max|0|ecart_moyen|0|n|8"
 5:12:06 "HMT|B150B|regard|14|ecart_max|0|ecart_moyen|0|n|8"
 5:12:07 "HMT|B150B|regard|14|ecart_max|0|ecart_moyen|0|n|8"
 5:12:08 "HMT|B150B|regard|14|ecart_max|0|ecart_moyen|0|n|8"
 5:12:09 "HMT|B150B|regard|14|ecart_max|0|ecart_moyen|0|n|8"
 5:12:10 "HMT|B150B|regard|14|ecart_max|0|ecart_moyen|0|n|8"
 5:12:11 "HMT|B150B|regard|14|ecart_max|0|ecart_moyen|0|n|8"
 5:12:12 "HMT|B150B|regard|14|ecart_max|0|ecart_moyen|0|n|8"
 5:12:13 "HMT|B150B|regard|14|ecart_max|0|ecart_moyen|0|n|8"
 5:12:14 "HMT|B150B|regard|14|ecart_max|0|ecart_moyen|0|n|8"
 5:12:15 "HMT|B150B|regard|14|ecart_max|0|ecart_moyen|0|n|8"
 5:12:16 "HMT|B150B|regard|14|ecart_max|0|ecart_moyen|0|n|8"
 5:12:17 "HMT|B150B|regard|14|ecart_max|0|ecart_moyen|0|n|8"
 5:12:19 "HMT|B150B|regard|14|ecart_max|0|ecart_moyen|0|n|8"
 5:12:20 "HMT|B150B|regard|14|ecart_max|0|ecart_moyen|0|n|8"
 5:12:21 "HMT|B150B|regard|14|ecart_max|0|ecart_moyen|0|n|8"
 5:12:22 "HMT|B150B|regard|14|ecart_max|0|ecart_moyen|0|n|8"
 5:12:23 "HMT|B150B|regard|14|ecart_max|0|ecart_moyen|0|n|8"
 5:12:24 "HMT|B150B|regard|14|ecart_max|0|ecart_moyen|0|n|8"
 5:12:25 "HMT|B150B|regard|14|ecart_max|0|ecart_moyen|0|n|8"
 5:12:26 "HMT|B150B|regard|14|ecart_max|0|ecart_moyen|0|n|8"
 5:12:27 "HMT|B150B|regard|14|ecart_max|0|ecart_moyen|0|n|8"
 5:12:28 "HMT|B150B|regard|14|ecart_max|0|ecart_moyen|0|n|8"
 5:12:29 "HMT|B150B|regard|14|ecart_max|0|ecart_moyen|0|n|8"
 5:12:30 "HMT|B150B|regard|14|ecart_max|0|ecart_moyen|0|n|8"
 5:12:31 "HMT|B150B|regard|14|ecart_max|0|ecart_moyen|0|n|8"
 5:12:32 "HMT|B150B|regard|14|ecart_max|0|ecart_moyen|0|n|8"
 5:12:33 "HMT|B150B|regard|14|ecart_max|0|ecart_moyen|0|n|8"
 5:12:34 "HMT|B150B|regard|14|ecart_max|0|ecart_moyen|0|n|8"
 5:12:35 "HMT|B150B|regard|14|ecart_max|0|ecart_moyen|0|n|8"
 5:12:36 "HMT|B150B|regard|14|ecart_max|0|ecart_moyen|0|n|8"
 5:12:37 "HMT|B150B|regard|14|ecart_max|0|ecart_moyen|0|n|8"
 5:12:38 "HMT|B150B|regard|14|ecart_max|0|ecart_moyen|0|n|8"
 5:12:39 "HMT|B150B|regard|14|ecart_max|0|ecart_moyen|0|n|8"
 5:12:40 "HMT|B150B|regard|14|ecart_max|0|ecart_moyen|0|n|8"
 5:12:41 "HMT|B150B|regard|14|ecart_max|0|ecart_moyen|0|n|8"
 5:12:42 "HMT|B150B|regard|14|ecart_max|0|ecart_moyen|0|n|8"
 5:12:43 "HMT|B150B|regard|14|ecart_max|0|ecart_moyen|0|n|8"
 5:12:44 "HMT|B150B|regard|14|ecart_max|0|ecart_moyen|0|n|8"
 5:12:45 "HMT|B150B|regard|14|ecart_max|0|ecart_moyen|0|n|8"
 5:12:46 "HMT|B150B|regard|14|ecart_max|0|ecart_moyen|0|n|8"
 5:12:46 "HMT|B150B|essai|14|droite|know|3.58|reste|40|jalons|[1,1,1,-1]|points|29|couche|0"
 5:12:47 "HMT|B150B|regard|14|ecart_max|0|ecart_moyen|0|n|8"
 5:12:48 "HMT|B150B|regard|14|ecart_max|0|ecart_moyen|0|n|8"
 5:12:49 "HMT|B150B|regard|14|ecart_max|0|ecart_moyen|0|n|8"
 5:12:50 "HMT|B150B|regard|14|ecart_max|0|ecart_moyen|0|n|8"
 5:12:51 "HMT|B150B|regard|14|ecart_max|0|ecart_moyen|0|n|8"
 5:12:52 "HMT|B150B|regard|14|ecart_max|0|ecart_moyen|0|n|8"
 5:12:53 "HMT|B150B|regard|14|ecart_max|0|ecart_moyen|0|n|8"
 5:12:54 "HMT|B150B|regard|14|ecart_max|0|ecart_moyen|0|n|8"
 5:12:55 "HMT|B150B|regard|14|ecart_max|0|ecart_moyen|0|n|8"
 5:12:56 "HMT|B150B|regard|14|ecart_max|0|ecart_moyen|0|n|8"
 5:12:57 "HMT|B150B|regard|14|ecart_max|0|ecart_moyen|0|n|8"
 5:12:58 "HMT|B150B|regard|14|ecart_max|0|ecart_moyen|0|n|8"
 5:12:59 "HMT|B150B|regard|14|ecart_max|0|ecart_moyen|0|n|8"
 5:13:00 "HMT|B150B|regard|14|ecart_max|0|ecart_moyen|0|n|8"
 5:13:01 "HMT|B150B|regard|14|ecart_max|0|ecart_moyen|0|n|8"
 5:13:02 "HMT|B150B|regard|14|ecart_max|0|ecart_moyen|0|n|8"
 5:13:03 "HMT|B150B|regard|14|ecart_max|0|ecart_moyen|0|n|8"
 5:13:04 "HMT|B150B|regard|14|ecart_max|0|ecart_moyen|0|n|8"
 5:13:05 "HMT|B150B|regard|14|ecart_max|0|ecart_moyen|0|n|8"
 5:13:06 "HMT|B150B|regard|14|ecart_max|0|ecart_moyen|0|n|8"
 5:13:07 "HMT|B150B|regard|14|ecart_max|0|ecart_moyen|0|n|8"
 5:13:08 "HMT|B150B|regard|14|ecart_max|0|ecart_moyen|0|n|8"
 5:13:09 "HMT|B150B|regard|14|ecart_max|0|ecart_moyen|0|n|8"
 5:13:10 "HMT|B150B|regard|14|ecart_max|0|ecart_moyen|0|n|8"
 5:13:11 "HMT|B150B|regard|14|ecart_max|0|ecart_moyen|0|n|8"
 5:13:12 "HMT|B150B|regard|14|ecart_max|0|ecart_moyen|0|n|8"
 5:13:13 "HMT|B150B|regard|14|ecart_max|0|ecart_moyen|0|n|8"
 5:13:14 "HMT|B150B|regard|14|ecart_max|0|ecart_moyen|0|n|8"
 5:13:15 "HMT|B150B|regard|14|ecart_max|0|ecart_moyen|0|n|8"
 5:13:16 "HMT|B150B|regard|14|ecart_max|0|ecart_moyen|0|n|8"
 5:13:17 "HMT|B150B|regard|14|ecart_max|0|ecart_moyen|0|n|8"
 5:13:18 "HMT|B150B|regard|14|ecart_max|0|ecart_moyen|0|n|8"
 5:13:19 "HMT|B150B|regard|14|ecart_max|0|ecart_moyen|0|n|8"
 5:13:20 "HMT|B150B|regard|14|ecart_max|0|ecart_moyen|0|n|8"
 5:13:21 "HMT|B150B|regard|14|ecart_max|0|ecart_moyen|0|n|8"
 5:13:22 "HMT|B150B|regard|14|ecart_max|0|ecart_moyen|0|n|8"
 5:13:23 "HMT|B150B|regard|14|ecart_max|0|ecart_moyen|0|n|8"
 5:13:24 "HMT|B150B|regard|14|ecart_max|0|ecart_moyen|0|n|8"
 5:13:25 "HMT|B150B|regard|14|ecart_max|0|ecart_moyen|0|n|8"
 5:13:26 "HMT|B150B|regard|14|ecart_max|0|ecart_moyen|0|n|8"
 5:13:27 "HMT|B150B|essai|14|droite_bis|know|3.58|reste|40|jalons|[1,1,1,-1]|points|29|couche|0"
 5:13:27 "HMT|B150B|regard|14|ecart_max|0|ecart_moyen|0|n|8"
 5:13:28 "HMT|B150B|regard|14|ecart_max|0|ecart_moyen|0|n|8"
 5:13:29 "HMT|B150B|regard|14|ecart_max|0|ecart_moyen|0|n|8"
 5:13:30 "HMT|B150B|regard|14|ecart_max|0|ecart_moyen|0|n|8"
 5:13:32 "HMT|B150B|regard|14|ecart_max|0|ecart_moyen|0|n|8"
 5:13:33 "HMT|B150B|regard|14|ecart_max|0|ecart_moyen|0|n|8"
 5:13:34 "HMT|B150B|regard|14|ecart_max|0|ecart_moyen|0|n|8"
 5:13:35 "HMT|B150B|regard|14|ecart_max|0|ecart_moyen|0|n|8"
 5:13:36 "HMT|B150B|regard|14|ecart_max|0|ecart_moyen|0|n|8"
 5:13:37 "HMT|B150B|regard|14|ecart_max|0|ecart_moyen|0|n|8"
 5:13:38 "HMT|B150B|regard|14|ecart_max|0|ecart_moyen|0|n|8"
 5:13:39 "HMT|B150B|regard|14|ecart_max|0|ecart_moyen|0|n|8"
 5:13:40 "HMT|B150B|regard|14|ecart_max|0|ecart_moyen|0|n|8"
 5:13:41 "HMT|B150B|regard|14|ecart_max|0|ecart_moyen|0|n|8"
 5:13:42 "HMT|B150B|regard|14|ecart_max|0|ecart_moyen|0|n|8"
 5:13:43 "HMT|B150B|regard|14|ecart_max|0|ecart_moyen|0|n|8"
 5:13:44 "HMT|B150B|regard|14|ecart_max|0|ecart_moyen|0|n|8"
 5:13:45 "HMT|B150B|regard|14|ecart_max|0|ecart_moyen|0|n|8"
 5:13:46 "HMT|B150B|regard|14|ecart_max|0|ecart_moyen|0|n|8"
 5:13:47 "HMT|B150B|regard|14|ecart_max|0|ecart_moyen|0|n|8"
 5:13:48 "HMT|B150B|regard|14|ecart_max|0|ecart_moyen|0|n|8"
 5:13:49 "HMT|B150B|regard|14|ecart_max|0|ecart_moyen|0|n|8"
 5:13:50 "HMT|B150B|regard|14|ecart_max|0|ecart_moyen|0|n|8"
 5:13:51 "HMT|B150B|regard|14|ecart_max|0|ecart_moyen|0|n|8"
 5:13:52 "HMT|B150B|regard|14|ecart_max|0|ecart_moyen|0|n|8"
 5:13:53 "HMT|B150B|regard|14|ecart_max|0|ecart_moyen|0|n|8"
 5:13:54 "HMT|B150B|regard|14|ecart_max|0|ecart_moyen|0|n|8"
 5:13:55 "HMT|B150B|regard|14|ecart_max|0|ecart_moyen|0|n|8"
 5:13:56 "HMT|B150B|regard|14|ecart_max|0|ecart_moyen|0|n|8"
 5:13:57 "HMT|B150B|regard|14|ecart_max|0|ecart_moyen|0|n|8"
 5:13:58 "HMT|B150B|regard|14|ecart_max|0|ecart_moyen|0|n|8"
 5:13:59 "HMT|B150B|regard|14|ecart_max|0|ecart_moyen|0|n|8"
 5:14:00 "HMT|B150B|regard|14|ecart_max|0|ecart_moyen|0|n|8"
 5:14:01 "HMT|B150B|regard|14|ecart_max|0|ecart_moyen|0|n|8"
 5:14:02 "HMT|B150B|regard|14|ecart_max|0|ecart_moyen|0|n|8"
 5:14:03 "HMT|B150B|regard|14|ecart_max|0|ecart_moyen|0|n|8"
 5:14:04 "HMT|B150B|regard|14|ecart_max|0|ecart_moyen|0|n|8"
 5:14:05 "HMT|B150B|regard|14|ecart_max|0|ecart_moyen|0|n|8"
 5:14:06 "HMT|B150B|regard|14|ecart_max|0|ecart_moyen|0|n|8"
 5:14:07 "HMT|B150B|regard|14|ecart_max|0|ecart_moyen|0|n|8"
 5:14:08 "HMT|B150B|regard|14|ecart_max|0|ecart_moyen|0|n|8"
 5:14:09 "HMT|B150B|regard|14|ecart_max|0|ecart_moyen|0|n|8"
 5:14:10 "HMT|B150B|regard|14|ecart_max|0|ecart_moyen|0|n|8"
 5:14:11 "HMT|B150B|regard|14|ecart_max|0|ecart_moyen|0|n|8"
 5:14:12 "HMT|B150B|regard|14|ecart_max|0|ecart_moyen|0|n|8"
 5:14:13 "HMT|B150B|regard|14|ecart_max|0|ecart_moyen|0|n|8"
 5:14:14 "HMT|B150B|regard|14|ecart_max|0|ecart_moyen|0|n|8"
 5:14:15 "HMT|B150B|regard|14|ecart_max|0|ecart_moyen|0|n|8"
 5:14:16 "HMT|B150B|regard|14|ecart_max|0|ecart_moyen|0|n|8"
 5:14:17 "HMT|B150B|regard|14|ecart_max|0|ecart_moyen|0|n|8"
 5:14:18 "HMT|B150B|regard|14|ecart_max|0|ecart_moyen|0|n|8"
 5:14:19 "HMT|B150B|regard|14|ecart_max|0|ecart_moyen|0|n|8"
 5:14:20 "HMT|B150B|regard|14|ecart_max|0|ecart_moyen|0|n|8"
 5:14:21 "HMT|B150B|regard|14|ecart_max|0|ecart_moyen|0|n|8"
 5:14:22 "HMT|B150B|regard|14|ecart_max|0|ecart_moyen|0|n|8"
 5:14:23 "HMT|B150B|regard|14|ecart_max|0|ecart_moyen|0|n|8"
 5:14:24 "HMT|B150B|regard|14|ecart_max|0|ecart_moyen|0|n|8"
 5:14:25 "HMT|B150B|regard|14|ecart_max|0|ecart_moyen|0|n|8"
 5:14:26 "HMT|B150B|regard|14|ecart_max|0|ecart_moyen|0|n|8"
 5:14:27 "HMT|B150B|regard|14|ecart_max|0|ecart_moyen|0|n|8"
 5:14:28 "HMT|B150B|regard|14|ecart_max|0|ecart_moyen|0|n|8"
 5:14:29 "HMT|B150B|regard|14|ecart_max|0|ecart_moyen|0|n|8"
 5:14:30 "HMT|B150B|regard|14|ecart_max|0|ecart_moyen|0|n|8"
 5:14:31 "HMT|B150B|regard|14|ecart_max|0|ecart_moyen|0|n|8"
 5:14:32 "HMT|B150B|regard|14|ecart_max|0|ecart_moyen|0|n|8"
 5:14:33 "HMT|B150B|regard|14|ecart_max|0|ecart_moyen|0|n|8"
 5:14:34 "HMT|B150B|regard|14|ecart_max|0|ecart_moyen|0|n|8"
 5:14:35 "HMT|B150B|regard|14|ecart_max|0|ecart_moyen|0|n|8"
 5:14:36 "HMT|B150B|regard|14|ecart_max|0|ecart_moyen|0|n|8"
 5:14:37 "HMT|B150B|regard|14|ecart_max|0|ecart_moyen|0|n|8"
 5:14:38 "HMT|B150B|regard|14|ecart_max|0|ecart_moyen|0|n|8"
 5:14:39 "HMT|B150B|regard|14|ecart_max|0|ecart_moyen|0|n|8"
 5:14:40 "HMT|B150B|regard|14|ecart_max|0|ecart_moyen|0|n|8"
 5:14:41 "HMT|B150B|regard|14|ecart_max|0|ecart_moyen|0|n|8"
 5:14:42 "HMT|B150B|regard|14|ecart_max|0|ecart_moyen|0|n|8"
 5:14:44 "HMT|B150B|regard|14|ecart_max|0|ecart_moyen|0|n|8"
 5:14:45 "HMT|B150B|regard|14|ecart_max|0|ecart_moyen|0|n|8"
 5:14:46 "HMT|B150B|regard|14|ecart_max|0|ecart_moyen|0|n|8"
 5:14:47 "HMT|B150B|regard|14|ecart_max|0|ecart_moyen|0|n|8"
 5:14:48 "HMT|B150B|regard|14|ecart_max|0|ecart_moyen|0|n|8"
 5:14:49 "HMT|B150B|regard|14|ecart_max|0|ecart_moyen|0|n|8"
 5:14:50 "HMT|B150B|regard|14|ecart_max|0|ecart_moyen|0|n|8"
 5:14:51 "HMT|B150B|regard|14|ecart_max|0|ecart_moyen|0|n|8"
 5:14:52 "HMT|B150B|regard|14|ecart_max|0|ecart_moyen|0|n|8"
 5:14:53 "HMT|B150B|regard|14|ecart_max|0|ecart_moyen|0|n|8"
 5:14:54 "HMT|B150B|regard|14|ecart_max|0|ecart_moyen|0|n|8"
 5:14:55 "HMT|B150B|regard|14|ecart_max|0|ecart_moyen|0|n|8"
 5:14:56 "HMT|B150B|regard|14|ecart_max|0|ecart_moyen|0|n|8"
 5:14:57 "HMT|B150B|regard|14|ecart_max|0|ecart_moyen|0|n|8"
 5:14:58 "HMT|B150B|regard|14|ecart_max|0|ecart_moyen|0|n|8"
 5:14:59 "HMT|B150B|regard|14|ecart_max|0|ecart_moyen|0|n|8"
 5:15:00 "HMT|B150B|regard|14|ecart_max|0|ecart_moyen|0|n|8"
 5:15:01 "HMT|B150B|regard|14|ecart_max|0|ecart_moyen|0|n|8"
 5:15:02 "HMT|B150B|regard|14|ecart_max|0|ecart_moyen|0|n|8"
 5:15:03 "HMT|B150B|regard|14|ecart_max|0|ecart_moyen|0|n|8"
 5:15:04 "HMT|B150B|regard|14|ecart_max|0|ecart_moyen|0|n|8"
 5:15:05 "HMT|B150B|regard|14|ecart_max|0|ecart_moyen|0|n|8"
 5:15:06 "HMT|B150B|regard|14|ecart_max|0|ecart_moyen|0|n|8"
 5:15:07 "HMT|B150B|regard|14|ecart_max|0|ecart_moyen|0|n|8"
 5:15:08 "HMT|B150B|regard|14|ecart_max|0|ecart_moyen|0|n|8"
 5:15:09 "HMT|B150B|regard|14|ecart_max|0|ecart_moyen|0|n|8"
 5:15:10 "HMT|B150B|regard|14|ecart_max|0|ecart_moyen|0|n|8"
 5:15:11 "HMT|B150B|regard|14|ecart_max|0|ecart_moyen|0|n|8"
 5:15:12 "HMT|B150B|regard|14|ecart_max|0|ecart_moyen|0|n|8"
 5:15:13 "HMT|B150B|regard|14|ecart_max|0|ecart_moyen|0|n|8"
 5:15:14 "HMT|B150B|regard|14|ecart_max|0|ecart_moyen|0|n|8"
 5:15:15 "HMT|B150B|regard|14|ecart_max|0|ecart_moyen|0|n|8"
 5:15:16 "HMT|B150B|regard|14|ecart_max|0|ecart_moyen|0|n|8"
 5:15:17 "HMT|B150B|regard|14|ecart_max|0|ecart_moyen|0|n|8"
 5:15:18 "HMT|B150B|regard|14|ecart_max|0|ecart_moyen|0|n|8"
 5:15:19 "HMT|B150B|regard|14|ecart_max|0|ecart_moyen|0|n|8"
 5:15:20 "HMT|B150B|regard|14|ecart_max|0|ecart_moyen|0|n|8"
 5:15:21 "HMT|B150B|regard|14|ecart_max|0|ecart_moyen|0|n|8"
 5:15:22 "HMT|B150B|regard|14|ecart_max|0|ecart_moyen|0|n|8"
 5:15:23 "HMT|B150B|regard|14|ecart_max|0|ecart_moyen|0|n|8"
 5:15:24 "HMT|B150B|regard|14|ecart_max|0|ecart_moyen|0|n|8"
 5:15:25 "HMT|B150B|regard|14|ecart_max|0|ecart_moyen|0|n|8"
 5:15:26 "HMT|B150B|regard|14|ecart_max|0|ecart_moyen|0|n|8"
 5:15:27 "HMT|B150B|regard|14|ecart_max|0|ecart_moyen|0|n|8"
 5:15:28 "HMT|B150B|regard|14|ecart_max|0|ecart_moyen|0|n|8"
 5:15:29 "HMT|B150B|regard|14|ecart_max|0|ecart_moyen|0|n|8"
 5:15:30 "HMT|B150B|regard|14|ecart_max|0|ecart_moyen|0|n|8"
 5:15:31 "HMT|B150B|regard|14|ecart_max|0|ecart_moyen|0|n|8"
 5:15:32 "HMT|B150B|regard|14|ecart_max|0|ecart_moyen|0|n|8"
 5:15:33 "HMT|B150B|regard|14|ecart_max|0|ecart_moyen|0|n|8"
 5:15:34 "HMT|B150B|regard|14|ecart_max|0|ecart_moyen|0|n|8"
 5:15:35 "HMT|B150B|regard|14|ecart_max|0|ecart_moyen|0|n|8"
 5:15:36 "HMT|B150B|regard|14|ecart_max|0|ecart_moyen|0|n|8"
 5:15:37 "HMT|B150B|regard|14|ecart_max|0|ecart_moyen|0|n|8"
 5:15:38 "HMT|B150B|regard|14|ecart_max|0|ecart_moyen|0|n|8"
 5:15:39 "HMT|B150B|regard|14|ecart_max|0|ecart_moyen|0|n|8"
 5:15:40 "HMT|B150B|regard|14|ecart_max|0|ecart_moyen|0|n|8"
 5:15:41 "HMT|B150B|regard|14|ecart_max|0|ecart_moyen|0|n|8"
 5:15:42 "HMT|B150B|regard|14|ecart_max|0|ecart_moyen|0|n|8"
 5:15:43 "HMT|B150B|regard|14|ecart_max|0|ecart_moyen|0|n|8"
 5:15:44 "HMT|B150B|regard|14|ecart_max|0|ecart_moyen|0|n|8"
 5:15:45 "HMT|B150B|regard|14|ecart_max|0|ecart_moyen|0|n|8"
 5:15:46 "HMT|B150B|regard|14|ecart_max|0|ecart_moyen|0|n|8"
 5:15:47 "HMT|B150B|regard|14|ecart_max|0|ecart_moyen|0|n|8"
 5:15:48 "HMT|B150B|regard|14|ecart_max|0|ecart_moyen|0|n|8"
 5:15:49 "HMT|B150B|regard|14|ecart_max|0|ecart_moyen|0|n|8"
 5:15:50 "HMT|B150B|regard|14|ecart_max|0|ecart_moyen|0|n|8"
 5:15:51 "HMT|B150B|regard|14|ecart_max|0|ecart_moyen|0|n|8"
 5:15:52 "HMT|B150B|regard|14|ecart_max|0|ecart_moyen|0|n|8"
 5:15:54 "HMT|B150B|regard|14|ecart_max|0|ecart_moyen|0|n|8"
 5:15:55 "HMT|B150B|regard|14|ecart_max|0|ecart_moyen|0|n|8"
 5:15:56 "HMT|B150B|regard|14|ecart_max|0|ecart_moyen|0|n|8"
 5:15:57 "HMT|B150B|regard|14|ecart_max|0|ecart_moyen|0|n|8"
 5:15:58 "HMT|B150B|regard|14|ecart_max|0|ecart_moyen|0|n|8"
 5:15:59 "HMT|B150B|regard|14|ecart_max|0|ecart_moyen|0|n|8"
 5:16:00 "HMT|B150B|regard|14|ecart_max|0|ecart_moyen|0|n|8"
 5:16:01 "HMT|B150B|regard|14|ecart_max|0|ecart_moyen|0|n|8"
 5:16:02 "HMT|B150B|regard|14|ecart_max|0|ecart_moyen|0|n|8"
 5:16:03 "HMT|B150B|regard|14|ecart_max|0|ecart_moyen|0|n|8"
 5:16:04 "HMT|B150B|regard|14|ecart_max|0|ecart_moyen|0|n|8"
 5:16:05 "HMT|B150B|regard|14|ecart_max|0|ecart_moyen|0|n|8"
 5:16:06 "HMT|B150B|regard|14|ecart_max|0|ecart_moyen|0|n|8"
 5:16:07 "HMT|B150B|regard|14|ecart_max|0|ecart_moyen|0|n|8"
 5:16:08 "HMT|B150B|regard|14|ecart_max|0|ecart_moyen|0|n|8"
 5:16:09 "HMT|B150B|regard|14|ecart_max|0|ecart_moyen|0|n|8"
 5:16:10 "HMT|B150B|regard|14|ecart_max|0|ecart_moyen|0|n|8"
 5:16:11 "HMT|B150B|regard|14|ecart_max|0|ecart_moyen|0|n|8"
 5:16:12 "HMT|B150B|regard|14|ecart_max|0|ecart_moyen|0|n|8"
 5:16:13 "HMT|B150B|regard|14|ecart_max|0|ecart_moyen|0|n|8"
 5:16:14 "HMT|B150B|regard|14|ecart_max|0|ecart_moyen|0|n|8"
 5:16:15 "HMT|B150B|regard|14|ecart_max|0|ecart_moyen|0|n|8"
 5:16:16 "HMT|B150B|regard|14|ecart_max|0|ecart_moyen|0|n|8"
 5:16:17 "HMT|B150B|regard|14|ecart_max|0|ecart_moyen|0|n|8"
 5:16:18 "HMT|B150B|regard|14|ecart_max|0|ecart_moyen|0|n|8"
 5:16:19 "HMT|B150B|regard|14|ecart_max|0|ecart_moyen|0|n|8"
 5:16:20 "HMT|B150B|regard|14|ecart_max|0|ecart_moyen|0|n|8"
 5:16:21 "HMT|B150B|regard|14|ecart_max|0|ecart_moyen|0|n|8"
 5:16:22 "HMT|B150B|regard|14|ecart_max|0|ecart_moyen|0|n|8"
 5:16:23 "HMT|B150B|regard|14|ecart_max|0|ecart_moyen|0|n|8"
 5:16:24 "HMT|B150B|regard|14|ecart_max|0|ecart_moyen|0|n|8"
 5:16:25 "HMT|B150B|regard|14|ecart_max|0|ecart_moyen|0|n|8"
 5:16:26 "HMT|B150B|regard|14|ecart_max|0|ecart_moyen|0|n|8"
 5:16:27 "HMT|B150B|regard|14|ecart_max|0|ecart_moyen|0|n|8"
 5:16:28 "HMT|B150B|regard|14|ecart_max|0|ecart_moyen|0|n|8"
 5:16:29 "HMT|B150B|regard|14|ecart_max|0|ecart_moyen|0|n|8"
 5:16:30 "HMT|B150B|regard|14|ecart_max|0|ecart_moyen|0|n|8"
 5:16:31 "HMT|B150B|regard|14|ecart_max|0|ecart_moyen|0|n|8"
 5:16:32 "HMT|B150B|regard|14|ecart_max|0|ecart_moyen|0|n|8"
 5:16:33 "HMT|B150B|regard|14|ecart_max|0|ecart_moyen|0|n|8"
 5:16:34 "HMT|B150B|regard|14|ecart_max|0|ecart_moyen|0|n|8"
 5:16:35 "HMT|B150B|regard|14|ecart_max|0|ecart_moyen|0|n|8"
 5:16:36 "HMT|B150B|regard|14|ecart_max|0|ecart_moyen|0|n|8"
 5:16:37 "HMT|B150B|regard|14|ecart_max|0|ecart_moyen|0|n|8"
 5:16:38 "HMT|B150B|regard|14|ecart_max|0|ecart_moyen|0|n|8"
 5:16:39 "HMT|B150B|regard|14|ecart_max|0|ecart_moyen|0|n|8"
 5:16:40 "HMT|B150B|regard|14|ecart_max|0|ecart_moyen|0|n|8"
 5:16:41 "HMT|B150B|regard|14|ecart_max|0|ecart_moyen|0|n|8"
 5:16:42 "HMT|B150B|regard|14|ecart_max|0|ecart_moyen|0|n|8"
 5:16:43 "HMT|B150B|regard|14|ecart_max|0|ecart_moyen|0|n|8"
 5:16:44 "HMT|B150B|regard|14|ecart_max|0|ecart_moyen|0|n|8"
 5:16:45 "HMT|B150B|regard|14|ecart_max|0|ecart_moyen|0|n|8"
 5:16:46 "HMT|B150B|regard|14|ecart_max|0|ecart_moyen|0|n|8"
 5:16:47 "HMT|B150B|regard|14|ecart_max|0|ecart_moyen|0|n|8"
 5:16:48 "HMT|B150B|regard|14|ecart_max|0|ecart_moyen|0|n|8"
 5:16:49 "HMT|B150B|regard|14|ecart_max|0|ecart_moyen|0|n|8"
 5:16:50 "HMT|B150B|regard|14|ecart_max|0|ecart_moyen|0|n|8"
 5:16:51 "HMT|B150B|regard|14|ecart_max|0|ecart_moyen|0|n|8"
 5:16:52 "HMT|B150B|regard|14|ecart_max|0|ecart_moyen|0|n|8"
 5:16:53 "HMT|B150B|regard|14|ecart_max|0|ecart_moyen|0|n|8"
 5:16:54 "HMT|B150B|regard|14|ecart_max|0|ecart_moyen|0|n|8"
 5:16:55 "HMT|B150B|regard|14|ecart_max|0|ecart_moyen|0|n|8"
 5:16:56 "HMT|B150B|regard|14|ecart_max|0|ecart_moyen|0|n|8"
 5:16:57 "HMT|B150B|regard|14|ecart_max|0|ecart_moyen|0|n|8"
 5:16:58 "HMT|B150B|regard|14|ecart_max|0|ecart_moyen|0|n|8"
 5:16:59 "HMT|B150B|regard|14|ecart_max|0|ecart_moyen|0|n|8"
 5:17:00 "HMT|B150B|regard|14|ecart_max|0|ecart_moyen|0|n|8"
 5:17:01 "HMT|B150B|essai|14|oracle|know|0|reste|40|jalons|[1,1,1,1]|points|171|couche|0"
 5:17:01 "HMT|B150B|regard|14|ecart_max|0|ecart_moyen|0|n|8"
 5:17:02 "HMT|B150B|regard|14|ecart_max|0|ecart_moyen|0|n|8"
 5:17:03 "HMT|B150B|regard|14|ecart_max|0|ecart_moyen|0|n|8"
 5:17:04 "HMT|B150B|regard|14|ecart_max|0|ecart_moyen|0|n|8"
 5:17:05 "HMT|B150B|regard|14|ecart_max|0|ecart_moyen|0|n|8"
 5:17:07 "HMT|B150B|regard|14|ecart_max|0|ecart_moyen|0|n|8"
 5:17:08 "HMT|B150B|regard|14|ecart_max|0|ecart_moyen|0|n|8"
 5:17:09 "HMT|B150B|regard|14|ecart_max|0|ecart_moyen|0|n|8"
 5:17:10 "HMT|B150B|regard|14|ecart_max|0|ecart_moyen|0|n|8"
 5:17:11 "HMT|B150B|regard|14|ecart_max|0|ecart_moyen|0|n|8"
 5:17:12 "HMT|B150B|regard|14|ecart_max|0|ecart_moyen|0|n|8"
 5:17:13 "HMT|B150B|regard|14|ecart_max|0|ecart_moyen|0|n|8"
 5:17:14 "HMT|B150B|regard|14|ecart_max|0|ecart_moyen|0|n|8"
 5:17:15 "HMT|B150B|regard|14|ecart_max|0|ecart_moyen|0|n|8"
 5:17:16 "HMT|B150B|regard|14|ecart_max|0|ecart_moyen|0|n|8"
 5:17:17 "HMT|B150B|regard|14|ecart_max|0|ecart_moyen|0|n|8"
 5:17:18 "HMT|B150B|regard|14|ecart_max|0|ecart_moyen|0|n|8"
 5:17:19 "HMT|B150B|regard|14|ecart_max|0|ecart_moyen|0|n|8"
 5:17:20 "HMT|B150B|regard|14|ecart_max|0|ecart_moyen|0|n|8"
 5:17:21 "HMT|B150B|regard|14|ecart_max|0|ecart_moyen|0|n|8"
 5:17:22 "HMT|B150B|regard|14|ecart_max|0|ecart_moyen|0|n|8"
 5:17:23 "HMT|B150B|regard|14|ecart_max|0|ecart_moyen|0|n|8"
 5:17:24 "HMT|B150B|regard|14|ecart_max|0|ecart_moyen|0|n|8"
 5:17:25 "HMT|B150B|regard|14|ecart_max|0|ecart_moyen|0|n|8"
 5:17:26 "HMT|B150B|regard|14|ecart_max|0|ecart_moyen|0|n|8"
 5:17:27 "HMT|B150B|regard|14|ecart_max|0|ecart_moyen|0|n|8"
 5:17:28 "HMT|B150B|regard|14|ecart_max|0|ecart_moyen|0|n|8"
 5:17:29 "HMT|B150B|regard|14|ecart_max|0|ecart_moyen|0|n|8"
 5:17:30 "HMT|B150B|regard|14|ecart_max|0|ecart_moyen|0|n|8"
 5:17:31 "HMT|B150B|regard|14|ecart_max|0|ecart_moyen|0|n|8"
 5:17:32 "HMT|B150B|regard|14|ecart_max|0|ecart_moyen|0|n|8"
 5:17:33 "HMT|B150B|regard|14|ecart_max|0|ecart_moyen|0|n|8"
 5:17:34 "HMT|B150B|regard|14|ecart_max|0|ecart_moyen|0|n|8"
 5:17:35 "HMT|B150B|regard|14|ecart_max|0|ecart_moyen|0|n|8"
 5:17:36 "HMT|B150B|regard|14|ecart_max|0|ecart_moyen|0|n|8"
 5:17:37 "HMT|B150B|regard|14|ecart_max|0|ecart_moyen|0|n|8"
 5:17:38 "HMT|B150B|regard|14|ecart_max|0|ecart_moyen|0|n|8"
 5:17:39 "HMT|B150B|regard|14|ecart_max|0|ecart_moyen|0|n|8"
 5:17:40 "HMT|B150B|regard|14|ecart_max|0|ecart_moyen|0|n|8"
 5:17:41 "HMT|B150B|regard|14|ecart_max|0|ecart_moyen|0|n|8"
 5:17:42 "HMT|B150B|essai|14|oracle_libre|know|0|reste|40|jalons|[1,1,1,1]|points|29|couche|0"
 5:17:42 "HMT|B150B|regard|14|ecart_max|0|ecart_moyen|0|n|8"
 5:17:43 "HMT|B150B|regard|14|ecart_max|0|ecart_moyen|0|n|8"
 5:17:44 "HMT|B150B|regard|14|ecart_max|0|ecart_moyen|0|n|8"
 5:17:45 "HMT|B150B|regard|14|ecart_max|0|ecart_moyen|0|n|8"
 5:17:49 "HMT|B150B|regard|15|ecart_max|0|ecart_moyen|0|n|5"
 5:17:50 "HMT|B150B|regard|15|ecart_max|0|ecart_moyen|0|n|5"
 5:17:51 "HMT|B150B|regard|15|ecart_max|0|ecart_moyen|0|n|5"
 5:17:52 "HMT|B150B|regard|15|ecart_max|0|ecart_moyen|0|n|5"
 5:17:53 "HMT|B150B|config|15|defenseurs|5|derive_max|0|caps|[94,62,107,25,333]"
 5:17:53 "HMT|B150B|regard|15|ecart_max|0|ecart_moyen|0|n|5"
 5:17:54 "HMT|B150B|regard|15|ecart_max|0|ecart_moyen|0|n|5"
 5:17:55 "HMT|B150B|regard|15|ecart_max|0|ecart_moyen|0|n|5"
 5:17:56 "HMT|B150B|regard|15|ecart_max|0|ecart_moyen|0|n|5"
 5:17:57 "HMT|B150B|regard|15|ecart_max|0|ecart_moyen|0|n|5"
 5:17:58 "HMT|B150B|regard|15|ecart_max|0|ecart_moyen|0|n|5"
 5:17:59 "HMT|B150B|regard|15|ecart_max|0|ecart_moyen|0|n|5"
 5:18:00 "HMT|B150B|regard|15|ecart_max|0|ecart_moyen|0|n|5"
 5:18:01 "HMT|B150B|regard|15|ecart_max|0|ecart_moyen|0|n|5"
 5:18:02 "HMT|B150B|regard|15|ecart_max|0|ecart_moyen|0|n|5"
 5:18:03 "HMT|B150B|regard|15|ecart_max|0|ecart_moyen|0|n|5"
 5:18:04 "HMT|B150B|regard|15|ecart_max|0|ecart_moyen|0|n|5"
 5:18:05 "HMT|B150B|regard|15|ecart_max|0|ecart_moyen|0|n|5"
 5:18:06 "HMT|B150B|regard|15|ecart_max|0|ecart_moyen|0|n|5"
 5:18:07 "HMT|B150B|regard|15|ecart_max|0|ecart_moyen|0|n|5"
 5:18:08 "HMT|B150B|regard|15|ecart_max|0|ecart_moyen|0|n|5"
 5:18:09 "HMT|B150B|regard|15|ecart_max|0|ecart_moyen|0|n|5"
 5:18:10 "HMT|B150B|regard|15|ecart_max|0|ecart_moyen|0|n|5"
 5:18:11 "HMT|B150B|regard|15|ecart_max|0|ecart_moyen|0|n|5"
 5:18:12 "HMT|B150B|regard|15|ecart_max|0|ecart_moyen|0|n|5"
 5:18:13 "HMT|B150B|regard|15|ecart_max|0|ecart_moyen|0|n|5"
 5:18:14 "HMT|B150B|regard|15|ecart_max|0|ecart_moyen|0|n|5"
 5:18:15 "HMT|B150B|regard|15|ecart_max|0|ecart_moyen|0|n|5"
 5:18:16 "HMT|B150B|regard|15|ecart_max|0|ecart_moyen|0|n|5"
 5:18:18 "HMT|B150B|regard|15|ecart_max|0|ecart_moyen|0|n|5"
 5:18:19 "HMT|B150B|regard|15|ecart_max|0|ecart_moyen|0|n|5"
 5:18:20 "HMT|B150B|regard|15|ecart_max|0|ecart_moyen|0|n|5"
 5:18:21 "HMT|B150B|regard|15|ecart_max|0|ecart_moyen|0|n|5"
 5:18:22 "HMT|B150B|regard|15|ecart_max|0|ecart_moyen|0|n|5"
 5:18:23 "HMT|B150B|regard|15|ecart_max|0|ecart_moyen|0|n|5"
 5:18:24 "HMT|B150B|regard|15|ecart_max|0|ecart_moyen|0|n|5"
 5:18:25 "HMT|B150B|regard|15|ecart_max|0|ecart_moyen|0|n|5"
 5:18:26 "HMT|B150B|regard|15|ecart_max|0|ecart_moyen|0|n|5"
 5:18:27 "HMT|B150B|regard|15|ecart_max|0|ecart_moyen|0|n|5"
 5:18:28 "HMT|B150B|regard|15|ecart_max|0|ecart_moyen|0|n|5"
 5:18:29 "HMT|B150B|regard|15|ecart_max|0|ecart_moyen|0|n|5"
 5:18:30 "HMT|B150B|regard|15|ecart_max|0|ecart_moyen|0|n|5"
 5:18:30 "HMT|B150B|essai|15|agent|know|0|reste|38|jalons|[1,1,1,1]|points|29|couche|0"
 5:18:31 "HMT|B150B|regard|15|ecart_max|0|ecart_moyen|0|n|5"
 5:18:32 "HMT|B150B|regard|15|ecart_max|0|ecart_moyen|0|n|5"
 5:18:33 "HMT|B150B|regard|15|ecart_max|0|ecart_moyen|0|n|5"
 5:18:34 "HMT|B150B|regard|15|ecart_max|0|ecart_moyen|0|n|5"
 5:18:35 "HMT|B150B|regard|15|ecart_max|0|ecart_moyen|0|n|5"
 5:18:36 "HMT|B150B|regard|15|ecart_max|0|ecart_moyen|0|n|5"
 5:18:37 "HMT|B150B|regard|15|ecart_max|0|ecart_moyen|0|n|5"
 5:18:38 "HMT|B150B|regard|15|ecart_max|0|ecart_moyen|0|n|5"
 5:18:39 "HMT|B150B|regard|15|ecart_max|0|ecart_moyen|0|n|5"
 5:18:40 "HMT|B150B|regard|15|ecart_max|0|ecart_moyen|0|n|5"
 5:18:41 "HMT|B150B|regard|15|ecart_max|0|ecart_moyen|0|n|5"
 5:18:42 "HMT|B150B|regard|15|ecart_max|0|ecart_moyen|0|n|5"
 5:18:43 "HMT|B150B|regard|15|ecart_max|0|ecart_moyen|0|n|5"
 5:18:44 "HMT|B150B|regard|15|ecart_max|0|ecart_moyen|0|n|5"
 5:18:45 "HMT|B150B|regard|15|ecart_max|0|ecart_moyen|0|n|5"
 5:18:46 "HMT|B150B|regard|15|ecart_max|0|ecart_moyen|0|n|5"
 5:18:47 "HMT|B150B|regard|15|ecart_max|0|ecart_moyen|0|n|5"
 5:18:48 "HMT|B150B|regard|15|ecart_max|0|ecart_moyen|0|n|5"
 5:18:49 "HMT|B150B|regard|15|ecart_max|0|ecart_moyen|0|n|5"
 5:18:50 "HMT|B150B|regard|15|ecart_max|0|ecart_moyen|0|n|5"
 5:18:51 "HMT|B150B|regard|15|ecart_max|0|ecart_moyen|0|n|5"
 5:18:52 "HMT|B150B|regard|15|ecart_max|0|ecart_moyen|0|n|5"
 5:18:53 "HMT|B150B|regard|15|ecart_max|0|ecart_moyen|0|n|5"
 5:18:54 "HMT|B150B|regard|15|ecart_max|0|ecart_moyen|0|n|5"
 5:18:55 "HMT|B150B|regard|15|ecart_max|0|ecart_moyen|0|n|5"
 5:18:56 "HMT|B150B|regard|15|ecart_max|0|ecart_moyen|0|n|5"
 5:18:57 "HMT|B150B|regard|15|ecart_max|0|ecart_moyen|0|n|5"
 5:18:58 "HMT|B150B|regard|15|ecart_max|0|ecart_moyen|0|n|5"
 5:18:59 "HMT|B150B|regard|15|ecart_max|0|ecart_moyen|0|n|5"
 5:19:00 "HMT|B150B|regard|15|ecart_max|0|ecart_moyen|0|n|5"
 5:19:01 "HMT|B150B|regard|15|ecart_max|0|ecart_moyen|0|n|5"
 5:19:02 "HMT|B150B|regard|15|ecart_max|0|ecart_moyen|0|n|5"
 5:19:03 "HMT|B150B|regard|15|ecart_max|0|ecart_moyen|0|n|5"
 5:19:04 "HMT|B150B|regard|15|ecart_max|0|ecart_moyen|0|n|5"
 5:19:05 "HMT|B150B|regard|15|ecart_max|0|ecart_moyen|0|n|5"
 5:19:06 "HMT|B150B|regard|15|ecart_max|0|ecart_moyen|0|n|5"
 5:19:07 "HMT|B150B|regard|15|ecart_max|0|ecart_moyen|0|n|5"
 5:19:08 "HMT|B150B|regard|15|ecart_max|0|ecart_moyen|0|n|5"
 5:19:09 "HMT|B150B|regard|15|ecart_max|0|ecart_moyen|0|n|5"
 5:19:10 "HMT|B150B|regard|15|ecart_max|0|ecart_moyen|0|n|5"
 5:19:11 "HMT|B150B|regard|15|ecart_max|0|ecart_moyen|0|n|5"
 5:19:11 "HMT|B150B|essai|15|droite|know|0|reste|40|jalons|[1,1,1,-1]|points|29|couche|0"
 5:19:12 "HMT|B150B|regard|15|ecart_max|0|ecart_moyen|0|n|5"
 5:19:13 "HMT|B150B|regard|15|ecart_max|0|ecart_moyen|0|n|5"
 5:19:14 "HMT|B150B|regard|15|ecart_max|0|ecart_moyen|0|n|5"
 5:19:15 "HMT|B150B|regard|15|ecart_max|0|ecart_moyen|0|n|5"
 5:19:16 "HMT|B150B|regard|15|ecart_max|0|ecart_moyen|0|n|5"
 5:19:17 "HMT|B150B|regard|15|ecart_max|0|ecart_moyen|0|n|5"
 5:19:18 "HMT|B150B|regard|15|ecart_max|0|ecart_moyen|0|n|5"
 5:19:19 "HMT|B150B|regard|15|ecart_max|0|ecart_moyen|0|n|5"
 5:19:20 "HMT|B150B|regard|15|ecart_max|0|ecart_moyen|0|n|5"
 5:19:21 "HMT|B150B|regard|15|ecart_max|0|ecart_moyen|0|n|5"
 5:19:22 "HMT|B150B|regard|15|ecart_max|0|ecart_moyen|0|n|5"
 5:19:23 "HMT|B150B|regard|15|ecart_max|0|ecart_moyen|0|n|5"
 5:19:24 "HMT|B150B|regard|15|ecart_max|0|ecart_moyen|0|n|5"
 5:19:26 "HMT|B150B|regard|15|ecart_max|0|ecart_moyen|0|n|5"
 5:19:27 "HMT|B150B|regard|15|ecart_max|0|ecart_moyen|0|n|5"
 5:19:28 "HMT|B150B|regard|15|ecart_max|0|ecart_moyen|0|n|5"
 5:19:29 "HMT|B150B|regard|15|ecart_max|0|ecart_moyen|0|n|5"
 5:19:30 "HMT|B150B|regard|15|ecart_max|0|ecart_moyen|0|n|5"
 5:19:31 "HMT|B150B|regard|15|ecart_max|0|ecart_moyen|0|n|5"
 5:19:32 "HMT|B150B|regard|15|ecart_max|0|ecart_moyen|0|n|5"
 5:19:33 "HMT|B150B|regard|15|ecart_max|0|ecart_moyen|0|n|5"
 5:19:34 "HMT|B150B|regard|15|ecart_max|0|ecart_moyen|0|n|5"
 5:19:35 "HMT|B150B|regard|15|ecart_max|0|ecart_moyen|0|n|5"
 5:19:36 "HMT|B150B|regard|15|ecart_max|0|ecart_moyen|0|n|5"
 5:19:37 "HMT|B150B|regard|15|ecart_max|0|ecart_moyen|0|n|5"
 5:19:38 "HMT|B150B|regard|15|ecart_max|0|ecart_moyen|0|n|5"
 5:19:39 "HMT|B150B|regard|15|ecart_max|0|ecart_moyen|0|n|5"
 5:19:40 "HMT|B150B|regard|15|ecart_max|0|ecart_moyen|0|n|5"
 5:19:41 "HMT|B150B|regard|15|ecart_max|0|ecart_moyen|0|n|5"
 5:19:42 "HMT|B150B|regard|15|ecart_max|0|ecart_moyen|0|n|5"
 5:19:43 "HMT|B150B|regard|15|ecart_max|0|ecart_moyen|0|n|5"
 5:19:44 "HMT|B150B|regard|15|ecart_max|0|ecart_moyen|0|n|5"
 5:19:45 "HMT|B150B|regard|15|ecart_max|0|ecart_moyen|0|n|5"
 5:19:46 "HMT|B150B|regard|15|ecart_max|0|ecart_moyen|0|n|5"
 5:19:47 "HMT|B150B|regard|15|ecart_max|0|ecart_moyen|0|n|5"
 5:19:48 "HMT|B150B|regard|15|ecart_max|0|ecart_moyen|0|n|5"
 5:19:49 "HMT|B150B|regard|15|ecart_max|0|ecart_moyen|0|n|5"
 5:19:50 "HMT|B150B|regard|15|ecart_max|0|ecart_moyen|0|n|5"
 5:19:51 "HMT|B150B|regard|15|ecart_max|0|ecart_moyen|0|n|5"
 5:19:52 "HMT|B150B|regard|15|ecart_max|0|ecart_moyen|0|n|5"
 5:19:53 "HMT|B150B|essai|15|droite_bis|know|0|reste|40|jalons|[1,1,1,-1]|points|29|couche|0"
 5:19:53 "HMT|B150B|regard|15|ecart_max|0|ecart_moyen|0|n|5"
 5:19:54 "HMT|B150B|regard|15|ecart_max|0|ecart_moyen|0|n|5"
 5:19:55 "HMT|B150B|regard|15|ecart_max|0|ecart_moyen|0|n|5"
 5:19:56 "HMT|B150B|regard|15|ecart_max|0|ecart_moyen|0|n|5"
 5:19:57 "HMT|B150B|regard|15|ecart_max|0|ecart_moyen|0|n|5"
 5:19:58 "HMT|B150B|regard|15|ecart_max|0|ecart_moyen|0|n|5"
 5:19:59 "HMT|B150B|regard|15|ecart_max|0|ecart_moyen|0|n|5"
 5:20:00 "HMT|B150B|regard|15|ecart_max|0|ecart_moyen|0|n|5"
 5:20:01 "HMT|B150B|regard|15|ecart_max|0|ecart_moyen|0|n|5"
 5:20:02 "HMT|B150B|regard|15|ecart_max|0|ecart_moyen|0|n|5"
 5:20:03 "HMT|B150B|regard|15|ecart_max|0|ecart_moyen|0|n|5"
 5:20:04 "HMT|B150B|regard|15|ecart_max|0|ecart_moyen|0|n|5"
 5:20:05 "HMT|B150B|regard|15|ecart_max|0|ecart_moyen|0|n|5"
 5:20:06 "HMT|B150B|regard|15|ecart_max|0|ecart_moyen|0|n|5"
 5:20:07 "HMT|B150B|regard|15|ecart_max|0|ecart_moyen|0|n|5"
 5:20:08 "HMT|B150B|regard|15|ecart_max|0|ecart_moyen|0|n|5"
 5:20:09 "HMT|B150B|regard|15|ecart_max|0|ecart_moyen|0|n|5"
 5:20:10 "HMT|B150B|regard|15|ecart_max|0|ecart_moyen|0|n|5"
 5:20:11 "HMT|B150B|regard|15|ecart_max|0|ecart_moyen|0|n|5"
 5:20:12 "HMT|B150B|regard|15|ecart_max|0|ecart_moyen|0|n|5"
 5:20:13 "HMT|B150B|regard|15|ecart_max|0|ecart_moyen|0|n|5"
 5:20:14 "HMT|B150B|regard|15|ecart_max|0|ecart_moyen|0|n|5"
 5:20:15 "HMT|B150B|regard|15|ecart_max|0|ecart_moyen|0|n|5"
 5:20:16 "HMT|B150B|regard|15|ecart_max|0|ecart_moyen|0|n|5"
 5:20:17 "HMT|B150B|regard|15|ecart_max|0|ecart_moyen|0|n|5"
 5:20:18 "HMT|B150B|regard|15|ecart_max|0|ecart_moyen|0|n|5"
 5:20:19 "HMT|B150B|regard|15|ecart_max|0|ecart_moyen|0|n|5"
 5:20:20 "HMT|B150B|regard|15|ecart_max|0|ecart_moyen|0|n|5"
 5:20:21 "HMT|B150B|regard|15|ecart_max|0|ecart_moyen|0|n|5"
 5:20:22 "HMT|B150B|regard|15|ecart_max|0|ecart_moyen|0|n|5"
 5:20:23 "HMT|B150B|regard|15|ecart_max|0|ecart_moyen|0|n|5"
 5:20:24 "HMT|B150B|regard|15|ecart_max|0|ecart_moyen|0|n|5"
 5:20:25 "HMT|B150B|regard|15|ecart_max|0|ecart_moyen|0|n|5"
 5:20:26 "HMT|B150B|regard|15|ecart_max|0|ecart_moyen|0|n|5"
 5:20:27 "HMT|B150B|regard|15|ecart_max|0|ecart_moyen|0|n|5"
 5:20:28 "HMT|B150B|regard|15|ecart_max|0|ecart_moyen|0|n|5"
 5:20:29 "HMT|B150B|regard|15|ecart_max|0|ecart_moyen|0|n|5"
 5:20:30 "HMT|B150B|regard|15|ecart_max|0|ecart_moyen|0|n|5"
 5:20:31 "HMT|B150B|regard|15|ecart_max|0|ecart_moyen|0|n|5"
 5:20:32 "HMT|B150B|regard|15|ecart_max|0|ecart_moyen|0|n|5"
 5:20:33 "HMT|B150B|regard|15|ecart_max|0|ecart_moyen|0|n|5"
 5:20:35 "HMT|B150B|regard|15|ecart_max|0|ecart_moyen|0|n|5"
 5:20:36 "HMT|B150B|regard|15|ecart_max|0|ecart_moyen|0|n|5"
 5:20:37 "HMT|B150B|regard|15|ecart_max|0|ecart_moyen|0|n|5"
 5:20:38 "HMT|B150B|regard|15|ecart_max|0|ecart_moyen|0|n|5"
 5:20:39 "HMT|B150B|regard|15|ecart_max|0|ecart_moyen|0|n|5"
 5:20:40 "HMT|B150B|regard|15|ecart_max|0|ecart_moyen|0|n|5"
 5:20:41 "HMT|B150B|regard|15|ecart_max|0|ecart_moyen|0|n|5"
 5:20:42 "HMT|B150B|regard|15|ecart_max|0|ecart_moyen|0|n|5"
 5:20:43 "HMT|B150B|regard|15|ecart_max|0|ecart_moyen|0|n|5"
 5:20:44 "HMT|B150B|regard|15|ecart_max|0|ecart_moyen|0|n|5"
 5:20:45 "HMT|B150B|regard|15|ecart_max|0|ecart_moyen|0|n|5"
 5:20:46 "HMT|B150B|regard|15|ecart_max|0|ecart_moyen|0|n|5"
 5:20:47 "HMT|B150B|regard|15|ecart_max|0|ecart_moyen|0|n|5"
 5:20:48 "HMT|B150B|regard|15|ecart_max|0|ecart_moyen|0|n|5"
 5:20:49 "HMT|B150B|regard|15|ecart_max|0|ecart_moyen|0|n|5"
 5:20:50 "HMT|B150B|regard|15|ecart_max|0|ecart_moyen|0|n|5"
 5:20:51 "HMT|B150B|regard|15|ecart_max|0|ecart_moyen|0|n|5"
 5:20:52 "HMT|B150B|regard|15|ecart_max|0|ecart_moyen|0|n|5"
 5:20:53 "HMT|B150B|regard|15|ecart_max|0|ecart_moyen|0|n|5"
 5:20:54 "HMT|B150B|regard|15|ecart_max|0|ecart_moyen|0|n|5"
 5:20:55 "HMT|B150B|regard|15|ecart_max|0|ecart_moyen|0|n|5"
 5:20:56 "HMT|B150B|regard|15|ecart_max|0|ecart_moyen|0|n|5"
 5:20:57 "HMT|B150B|regard|15|ecart_max|0|ecart_moyen|0|n|5"
 5:20:58 "HMT|B150B|regard|15|ecart_max|0|ecart_moyen|0|n|5"
 5:20:59 "HMT|B150B|regard|15|ecart_max|0|ecart_moyen|0|n|5"
 5:21:00 "HMT|B150B|regard|15|ecart_max|0|ecart_moyen|0|n|5"
 5:21:01 "HMT|B150B|regard|15|ecart_max|0|ecart_moyen|0|n|5"
 5:21:02 "HMT|B150B|regard|15|ecart_max|0|ecart_moyen|0|n|5"
 5:21:03 "HMT|B150B|regard|15|ecart_max|0|ecart_moyen|0|n|5"
 5:21:04 "HMT|B150B|regard|15|ecart_max|0|ecart_moyen|0|n|5"
 5:21:05 "HMT|B150B|regard|15|ecart_max|0|ecart_moyen|0|n|5"
 5:21:06 "HMT|B150B|regard|15|ecart_max|0|ecart_moyen|0|n|5"
 5:21:07 "HMT|B150B|regard|15|ecart_max|0|ecart_moyen|0|n|5"
 5:21:08 "HMT|B150B|regard|15|ecart_max|0|ecart_moyen|0|n|5"
 5:21:09 "HMT|B150B|regard|15|ecart_max|0|ecart_moyen|0|n|5"
 5:21:10 "HMT|B150B|regard|15|ecart_max|0|ecart_moyen|0|n|5"
 5:21:11 "HMT|B150B|regard|15|ecart_max|0|ecart_moyen|0|n|5"
 5:21:12 "HMT|B150B|regard|15|ecart_max|0|ecart_moyen|0|n|5"
 5:21:13 "HMT|B150B|regard|15|ecart_max|0|ecart_moyen|0|n|5"
 5:21:14 "HMT|B150B|regard|15|ecart_max|0|ecart_moyen|0|n|5"
 5:21:15 "HMT|B150B|regard|15|ecart_max|0|ecart_moyen|0|n|5"
 5:21:16 "HMT|B150B|regard|15|ecart_max|0|ecart_moyen|0|n|5"
 5:21:17 "HMT|B150B|regard|15|ecart_max|0|ecart_moyen|0|n|5"
 5:21:18 "HMT|B150B|regard|15|ecart_max|0|ecart_moyen|0|n|5"
 5:21:19 "HMT|B150B|regard|15|ecart_max|0|ecart_moyen|0|n|5"
 5:21:20 "HMT|B150B|regard|15|ecart_max|0|ecart_moyen|0|n|5"
 5:21:21 "HMT|B150B|regard|15|ecart_max|0|ecart_moyen|0|n|5"
 5:21:22 "HMT|B150B|regard|15|ecart_max|0|ecart_moyen|0|n|5"
 5:21:23 "HMT|B150B|regard|15|ecart_max|0|ecart_moyen|0|n|5"
 5:21:24 "HMT|B150B|regard|15|ecart_max|0|ecart_moyen|0|n|5"
 5:21:25 "HMT|B150B|regard|15|ecart_max|0|ecart_moyen|0|n|5"
 5:21:26 "HMT|B150B|regard|15|ecart_max|0|ecart_moyen|0|n|5"
 5:21:27 "HMT|B150B|regard|15|ecart_max|0|ecart_moyen|0|n|5"
 5:21:28 "HMT|B150B|regard|15|ecart_max|0|ecart_moyen|0|n|5"
 5:21:29 "HMT|B150B|regard|15|ecart_max|0|ecart_moyen|0|n|5"
 5:21:30 "HMT|B150B|regard|15|ecart_max|0|ecart_moyen|0|n|5"
 5:21:31 "HMT|B150B|regard|15|ecart_max|0|ecart_moyen|0|n|5"
 5:21:32 "HMT|B150B|regard|15|ecart_max|0|ecart_moyen|0|n|5"
 5:21:33 "HMT|B150B|regard|15|ecart_max|0|ecart_moyen|0|n|5"
 5:21:34 "HMT|B150B|regard|15|ecart_max|0|ecart_moyen|0|n|5"
 5:21:35 "HMT|B150B|regard|15|ecart_max|0|ecart_moyen|0|n|5"
 5:21:36 "HMT|B150B|regard|15|ecart_max|0|ecart_moyen|0|n|5"
 5:21:37 "HMT|B150B|regard|15|ecart_max|0|ecart_moyen|0|n|5"
 5:21:38 "HMT|B150B|regard|15|ecart_max|0|ecart_moyen|0|n|5"
 5:21:39 "HMT|B150B|regard|15|ecart_max|0|ecart_moyen|0|n|5"
 5:21:40 "HMT|B150B|regard|15|ecart_max|0|ecart_moyen|0|n|5"
 5:21:41 "HMT|B150B|regard|15|ecart_max|0|ecart_moyen|0|n|5"
 5:21:42 "HMT|B150B|regard|15|ecart_max|0|ecart_moyen|0|n|5"
 5:21:43 "HMT|B150B|regard|15|ecart_max|0|ecart_moyen|0|n|5"
 5:21:44 "HMT|B150B|regard|15|ecart_max|0|ecart_moyen|0|n|5"
 5:21:45 "HMT|B150B|regard|15|ecart_max|0|ecart_moyen|0|n|5"
 5:21:47 "HMT|B150B|regard|15|ecart_max|0|ecart_moyen|0|n|5"
 5:21:48 "HMT|B150B|regard|15|ecart_max|0|ecart_moyen|0|n|5"
 5:21:49 "HMT|B150B|regard|15|ecart_max|0|ecart_moyen|0|n|5"
 5:21:50 "HMT|B150B|regard|15|ecart_max|0|ecart_moyen|0|n|5"
 5:21:51 "HMT|B150B|regard|15|ecart_max|0|ecart_moyen|0|n|5"
 5:21:52 "HMT|B150B|regard|15|ecart_max|0|ecart_moyen|0|n|5"
 5:21:53 "HMT|B150B|regard|15|ecart_max|0|ecart_moyen|0|n|5"
 5:21:54 "HMT|B150B|regard|15|ecart_max|0|ecart_moyen|0|n|5"
 5:21:55 "HMT|B150B|regard|15|ecart_max|0|ecart_moyen|0|n|5"
 5:21:56 "HMT|B150B|regard|15|ecart_max|0|ecart_moyen|0|n|5"
 5:21:57 "HMT|B150B|regard|15|ecart_max|0|ecart_moyen|0|n|5"
 5:21:58 "HMT|B150B|regard|15|ecart_max|0|ecart_moyen|0|n|5"
 5:21:59 "HMT|B150B|regard|15|ecart_max|0|ecart_moyen|0|n|5"
 5:22:00 "HMT|B150B|regard|15|ecart_max|0|ecart_moyen|0|n|5"
 5:22:01 "HMT|B150B|regard|15|ecart_max|0|ecart_moyen|0|n|5"
 5:22:02 "HMT|B150B|regard|15|ecart_max|0|ecart_moyen|0|n|5"
 5:22:03 "HMT|B150B|regard|15|ecart_max|0|ecart_moyen|0|n|5"
 5:22:04 "HMT|B150B|regard|15|ecart_max|0|ecart_moyen|0|n|5"
 5:22:05 "HMT|B150B|regard|15|ecart_max|0|ecart_moyen|0|n|5"
 5:22:06 "HMT|B150B|regard|15|ecart_max|0|ecart_moyen|0|n|5"
 5:22:07 "HMT|B150B|regard|15|ecart_max|0|ecart_moyen|0|n|5"
 5:22:08 "HMT|B150B|regard|15|ecart_max|0|ecart_moyen|0|n|5"
 5:22:09 "HMT|B150B|regard|15|ecart_max|0|ecart_moyen|0|n|5"
 5:22:10 "HMT|B150B|regard|15|ecart_max|0|ecart_moyen|0|n|5"
 5:22:11 "HMT|B150B|regard|15|ecart_max|0|ecart_moyen|0|n|5"
 5:22:12 "HMT|B150B|regard|15|ecart_max|0|ecart_moyen|0|n|5"
 5:22:13 "HMT|B150B|regard|15|ecart_max|0|ecart_moyen|0|n|5"
 5:22:14 "HMT|B150B|regard|15|ecart_max|0|ecart_moyen|0|n|5"
 5:22:15 "HMT|B150B|regard|15|ecart_max|0|ecart_moyen|0|n|5"
 5:22:16 "HMT|B150B|regard|15|ecart_max|0|ecart_moyen|0|n|5"
 5:22:17 "HMT|B150B|regard|15|ecart_max|0|ecart_moyen|0|n|5"
 5:22:18 "HMT|B150B|regard|15|ecart_max|0|ecart_moyen|0|n|5"
 5:22:18 "HMT|B150B|essai|15|oracle|know|4|reste|40|jalons|[1,0,0,0]|points|115|couche|0"
 5:22:19 "HMT|B150B|regard|15|ecart_max|0|ecart_moyen|0|n|5"
 5:22:20 "HMT|B150B|regard|15|ecart_max|0|ecart_moyen|0|n|5"
 5:22:21 "HMT|B150B|regard|15|ecart_max|0|ecart_moyen|0|n|5"
 5:22:22 "HMT|B150B|regard|15|ecart_max|0|ecart_moyen|0|n|5"
 5:22:23 "HMT|B150B|regard|15|ecart_max|0|ecart_moyen|0|n|5"
 5:22:24 "HMT|B150B|regard|15|ecart_max|0|ecart_moyen|0|n|5"
 5:22:25 "HMT|B150B|regard|15|ecart_max|0|ecart_moyen|0|n|5"
 5:22:26 "HMT|B150B|regard|15|ecart_max|0|ecart_moyen|0|n|5"
 5:22:27 "HMT|B150B|regard|15|ecart_max|0|ecart_moyen|0|n|5"
 5:22:28 "HMT|B150B|regard|15|ecart_max|0|ecart_moyen|0|n|5"
 5:22:29 "HMT|B150B|regard|15|ecart_max|0|ecart_moyen|0|n|5"
 5:22:30 "HMT|B150B|regard|15|ecart_max|0|ecart_moyen|0|n|5"
 5:22:31 "HMT|B150B|regard|15|ecart_max|0|ecart_moyen|0|n|5"
 5:22:32 "HMT|B150B|regard|15|ecart_max|0|ecart_moyen|0|n|5"
 5:22:33 "HMT|B150B|regard|15|ecart_max|0|ecart_moyen|0|n|5"
 5:22:34 "HMT|B150B|regard|15|ecart_max|0|ecart_moyen|0|n|5"
 5:22:35 "HMT|B150B|regard|15|ecart_max|0|ecart_moyen|0|n|5"
 5:22:36 "HMT|B150B|regard|15|ecart_max|0|ecart_moyen|0|n|5"
 5:22:37 "HMT|B150B|regard|15|ecart_max|0|ecart_moyen|0|n|5"
 5:22:38 "HMT|B150B|regard|15|ecart_max|0|ecart_moyen|0|n|5"
 5:22:39 "HMT|B150B|regard|15|ecart_max|0|ecart_moyen|0|n|5"
 5:22:40 "HMT|B150B|regard|15|ecart_max|0|ecart_moyen|0|n|5"
 5:22:41 "HMT|B150B|regard|15|ecart_max|0|ecart_moyen|0|n|5"
 5:22:42 "HMT|B150B|regard|15|ecart_max|0|ecart_moyen|0|n|5"
 5:22:43 "HMT|B150B|regard|15|ecart_max|0|ecart_moyen|0|n|5"
 5:22:44 "HMT|B150B|regard|15|ecart_max|0|ecart_moyen|0|n|5"
 5:22:45 "HMT|B150B|regard|15|ecart_max|0|ecart_moyen|0|n|5"
 5:22:46 "HMT|B150B|regard|15|ecart_max|0|ecart_moyen|0|n|5"
 5:22:47 "HMT|B150B|regard|15|ecart_max|0|ecart_moyen|0|n|5"
 5:22:48 "HMT|B150B|regard|15|ecart_max|0|ecart_moyen|0|n|5"
 5:22:49 "HMT|B150B|regard|15|ecart_max|0|ecart_moyen|0|n|5"
 5:22:50 "HMT|B150B|regard|15|ecart_max|0|ecart_moyen|0|n|5"
 5:22:52 "HMT|B150B|regard|15|ecart_max|0|ecart_moyen|0|n|5"
 5:22:53 "HMT|B150B|regard|15|ecart_max|0|ecart_moyen|0|n|5"
 5:22:54 "HMT|B150B|regard|15|ecart_max|0|ecart_moyen|0|n|5"
 5:22:55 "HMT|B150B|regard|15|ecart_max|0|ecart_moyen|0|n|5"
 5:22:56 "HMT|B150B|regard|15|ecart_max|0|ecart_moyen|0|n|5"
 5:22:57 "HMT|B150B|regard|15|ecart_max|0|ecart_moyen|0|n|5"
 5:22:58 "HMT|B150B|regard|15|ecart_max|0|ecart_moyen|0|n|5"
 5:22:59 "HMT|B150B|regard|15|ecart_max|0|ecart_moyen|0|n|5"
 5:23:00 "HMT|B150B|regard|15|ecart_max|0|ecart_moyen|0|n|5"
 5:23:01 "HMT|B150B|regard|15|ecart_max|0|ecart_moyen|0|n|5"
 5:23:02 "HMT|B150B|essai|15|oracle_libre|know|4|reste|40|jalons|[1,0,0,0]|points|31|couche|0"
 5:23:02 "HMT|B150B|regard|15|ecart_max|0|ecart_moyen|0|n|5"
 5:23:03 "HMT|B150B|regard|15|ecart_max|0|ecart_moyen|0|n|5"
 5:23:04 "HMT|B150B|regard|15|ecart_max|0|ecart_moyen|0|n|5"
 5:23:05 "HMT|B150B|regard|15|ecart_max|0|ecart_moyen|0|n|5"
 5:23:09 "HMT|B150B|regard|16|ecart_max|0|ecart_moyen|0|n|11"
 5:23:10 "HMT|B150B|regard|16|ecart_max|0|ecart_moyen|0|n|11"
 5:23:11 "HMT|B150B|regard|16|ecart_max|0|ecart_moyen|0|n|11"
 5:23:12 "HMT|B150B|regard|16|ecart_max|0|ecart_moyen|0|n|11"
 5:23:13 "HMT|B150B|config|16|defenseurs|11|derive_max|0|caps|[0,211,251,325,25,25,25,25,25,26,25]"
 5:23:13 "HMT|B150B|regard|16|ecart_max|0|ecart_moyen|0|n|11"
 5:23:14 "HMT|B150B|regard|16|ecart_max|0|ecart_moyen|0|n|11"
 5:23:15 "HMT|B150B|regard|16|ecart_max|0|ecart_moyen|0|n|11"
 5:23:16 "HMT|B150B|regard|16|ecart_max|0|ecart_moyen|0|n|11"
 5:23:17 "HMT|B150B|regard|16|ecart_max|0|ecart_moyen|0|n|11"
 5:23:18 "HMT|B150B|regard|16|ecart_max|0|ecart_moyen|0|n|11"
 5:23:19 "HMT|B150B|regard|16|ecart_max|0|ecart_moyen|0|n|11"
 5:23:20 "HMT|B150B|regard|16|ecart_max|0|ecart_moyen|0|n|11"
 5:23:21 "HMT|B150B|regard|16|ecart_max|0|ecart_moyen|0|n|11"
 5:23:22 "HMT|B150B|regard|16|ecart_max|0|ecart_moyen|0|n|11"
 5:23:23 "HMT|B150B|regard|16|ecart_max|0|ecart_moyen|0|n|11"
 5:23:24 "HMT|B150B|regard|16|ecart_max|0|ecart_moyen|0|n|11"
 5:23:25 "HMT|B150B|regard|16|ecart_max|0|ecart_moyen|0|n|11"
 5:23:26 "HMT|B150B|regard|16|ecart_max|0|ecart_moyen|0|n|11"
 5:23:27 "HMT|B150B|regard|16|ecart_max|0|ecart_moyen|0|n|11"
 5:23:28 "HMT|B150B|regard|16|ecart_max|0|ecart_moyen|0|n|11"
 5:23:29 "HMT|B150B|regard|16|ecart_max|0|ecart_moyen|0|n|11"
 5:23:30 "HMT|B150B|regard|16|ecart_max|0|ecart_moyen|0|n|11"
 5:23:31 "HMT|B150B|regard|16|ecart_max|0|ecart_moyen|0|n|11"
 5:23:32 "HMT|B150B|regard|16|ecart_max|0|ecart_moyen|0|n|11"
 5:23:33 "HMT|B150B|regard|16|ecart_max|0|ecart_moyen|0|n|11"
 5:23:34 "HMT|B150B|regard|16|ecart_max|0|ecart_moyen|0|n|11"
 5:23:35 "HMT|B150B|regard|16|ecart_max|0|ecart_moyen|0|n|11"
 5:23:36 "HMT|B150B|regard|16|ecart_max|0|ecart_moyen|0|n|11"
 5:23:37 "HMT|B150B|regard|16|ecart_max|0|ecart_moyen|0|n|11"
 5:23:38 "HMT|B150B|regard|16|ecart_max|0|ecart_moyen|0|n|11"
 5:23:39 "HMT|B150B|regard|16|ecart_max|0|ecart_moyen|0|n|11"
 5:23:40 "HMT|B150B|regard|16|ecart_max|0|ecart_moyen|0|n|11"
 5:23:41 "HMT|B150B|regard|16|ecart_max|0|ecart_moyen|0|n|11"
 5:23:42 "HMT|B150B|regard|16|ecart_max|0|ecart_moyen|0|n|11"
 5:23:43 "HMT|B150B|regard|16|ecart_max|0|ecart_moyen|0|n|11"
 5:23:44 "HMT|B150B|regard|16|ecart_max|0|ecart_moyen|0|n|11"
 5:23:45 "HMT|B150B|regard|16|ecart_max|0|ecart_moyen|0|n|11"
 5:23:46 "HMT|B150B|regard|16|ecart_max|0|ecart_moyen|0|n|11"
 5:23:47 "HMT|B150B|regard|16|ecart_max|0|ecart_moyen|0|n|11"
 5:23:48 "HMT|B150B|regard|16|ecart_max|0|ecart_moyen|0|n|11"
 5:23:49 "HMT|B150B|regard|16|ecart_max|0|ecart_moyen|0|n|11"
 5:23:50 "HMT|B150B|essai|16|agent|know|0|reste|38|jalons|[1,1,1,1]|points|29|couche|0"
 5:23:51 "HMT|B150B|regard|16|ecart_max|0|ecart_moyen|0|n|11"
 5:23:52 "HMT|B150B|regard|16|ecart_max|0|ecart_moyen|0|n|11"
 5:23:53 "HMT|B150B|regard|16|ecart_max|0|ecart_moyen|0|n|11"
 5:23:54 "HMT|B150B|regard|16|ecart_max|0|ecart_moyen|0|n|11"
 5:23:55 "HMT|B150B|regard|16|ecart_max|0|ecart_moyen|0|n|11"
 5:23:56 "HMT|B150B|regard|16|ecart_max|0|ecart_moyen|0|n|11"
 5:23:57 "HMT|B150B|regard|16|ecart_max|0|ecart_moyen|0|n|11"
 5:23:58 "HMT|B150B|regard|16|ecart_max|0|ecart_moyen|0|n|11"
 5:23:59 "HMT|B150B|regard|16|ecart_max|0|ecart_moyen|0|n|11"
 5:24:00 "HMT|B150B|regard|16|ecart_max|0|ecart_moyen|0|n|11"
 5:24:01 "HMT|B150B|regard|16|ecart_max|0|ecart_moyen|0|n|11"
 5:24:02 "HMT|B150B|regard|16|ecart_max|0|ecart_moyen|0|n|11"
 5:24:03 "HMT|B150B|regard|16|ecart_max|0|ecart_moyen|0|n|11"
 5:24:04 "HMT|B150B|regard|16|ecart_max|0|ecart_moyen|0|n|11"
 5:24:05 "HMT|B150B|regard|16|ecart_max|0|ecart_moyen|0|n|11"
 5:24:06 "HMT|B150B|regard|16|ecart_max|0|ecart_moyen|0|n|11"
 5:24:07 "HMT|B150B|regard|16|ecart_max|0|ecart_moyen|0|n|11"
 5:24:08 "HMT|B150B|regard|16|ecart_max|0|ecart_moyen|0|n|11"
 5:24:09 "HMT|B150B|regard|16|ecart_max|0|ecart_moyen|0|n|11"
 5:24:10 "HMT|B150B|regard|16|ecart_max|0|ecart_moyen|0|n|11"
 5:24:11 "HMT|B150B|regard|16|ecart_max|0|ecart_moyen|0|n|11"
 5:24:12 "HMT|B150B|regard|16|ecart_max|0|ecart_moyen|0|n|11"
 5:24:13 "HMT|B150B|regard|16|ecart_max|0|ecart_moyen|0|n|11"
 5:24:14 "HMT|B150B|regard|16|ecart_max|0|ecart_moyen|0|n|11"
 5:24:15 "HMT|B150B|regard|16|ecart_max|0|ecart_moyen|0|n|11"
 5:24:16 "HMT|B150B|regard|16|ecart_max|0|ecart_moyen|0|n|11"
 5:24:17 "HMT|B150B|regard|16|ecart_max|0|ecart_moyen|0|n|11"
 5:24:18 "HMT|B150B|regard|16|ecart_max|0|ecart_moyen|0|n|11"
 5:24:19 "HMT|B150B|regard|16|ecart_max|0|ecart_moyen|0|n|11"
 5:24:20 "HMT|B150B|regard|16|ecart_max|0|ecart_moyen|0|n|11"
 5:24:21 "HMT|B150B|regard|16|ecart_max|0|ecart_moyen|0|n|11"
 5:24:22 "HMT|B150B|regard|16|ecart_max|0|ecart_moyen|0|n|11"
 5:24:23 "HMT|B150B|regard|16|ecart_max|0|ecart_moyen|0|n|11"
 5:24:24 "HMT|B150B|regard|16|ecart_max|0|ecart_moyen|0|n|11"
 5:24:25 "HMT|B150B|regard|16|ecart_max|0|ecart_moyen|0|n|11"
 5:24:26 "HMT|B150B|regard|16|ecart_max|0|ecart_moyen|0|n|11"
 5:24:27 "HMT|B150B|regard|16|ecart_max|0|ecart_moyen|0|n|11"
 5:24:28 "HMT|B150B|regard|16|ecart_max|0|ecart_moyen|0|n|11"
 5:24:29 "HMT|B150B|regard|16|ecart_max|0|ecart_moyen|0|n|11"
 5:24:30 "HMT|B150B|regard|16|ecart_max|0|ecart_moyen|0|n|11"
 5:24:31 "HMT|B150B|regard|16|ecart_max|0|ecart_moyen|0|n|11"
 5:24:31 "HMT|B150B|essai|16|droite|know|0|reste|40|jalons|[1,1,1,-1]|points|29|couche|0"
 5:24:32 "HMT|B150B|regard|16|ecart_max|0|ecart_moyen|0|n|11"
 5:24:33 "HMT|B150B|regard|16|ecart_max|0|ecart_moyen|0|n|11"
 5:24:34 "HMT|B150B|regard|16|ecart_max|0|ecart_moyen|0|n|11"
 5:24:35 "HMT|B150B|regard|16|ecart_max|0|ecart_moyen|0|n|11"
 5:24:36 "HMT|B150B|regard|16|ecart_max|0|ecart_moyen|0|n|11"
 5:24:37 "HMT|B150B|regard|16|ecart_max|0|ecart_moyen|0|n|11"
 5:24:38 "HMT|B150B|regard|16|ecart_max|0|ecart_moyen|0|n|11"
 5:24:39 "HMT|B150B|regard|16|ecart_max|0|ecart_moyen|0|n|11"
 5:24:40 "HMT|B150B|regard|16|ecart_max|0|ecart_moyen|0|n|11"
 5:24:41 "HMT|B150B|regard|16|ecart_max|0|ecart_moyen|0|n|11"
 5:24:42 "HMT|B150B|regard|16|ecart_max|0|ecart_moyen|0|n|11"
 5:24:43 "HMT|B150B|regard|16|ecart_max|0|ecart_moyen|0|n|11"
 5:24:44 "HMT|B150B|regard|16|ecart_max|0|ecart_moyen|0|n|11"
 5:24:45 "HMT|B150B|regard|16|ecart_max|0|ecart_moyen|0|n|11"
 5:24:46 "HMT|B150B|regard|16|ecart_max|0|ecart_moyen|0|n|11"
 5:24:47 "HMT|B150B|regard|16|ecart_max|0|ecart_moyen|0|n|11"
 5:24:48 "HMT|B150B|regard|16|ecart_max|0|ecart_moyen|0|n|11"
 5:24:49 "HMT|B150B|regard|16|ecart_max|0|ecart_moyen|0|n|11"
 5:24:50 "HMT|B150B|regard|16|ecart_max|0|ecart_moyen|0|n|11"
 5:24:51 "HMT|B150B|regard|16|ecart_max|0|ecart_moyen|0|n|11"
 5:24:52 "HMT|B150B|regard|16|ecart_max|0|ecart_moyen|0|n|11"
 5:24:53 "HMT|B150B|regard|16|ecart_max|0|ecart_moyen|0|n|11"
 5:24:54 "HMT|B150B|regard|16|ecart_max|0|ecart_moyen|0|n|11"
 5:24:55 "HMT|B150B|regard|16|ecart_max|0|ecart_moyen|0|n|11"
 5:24:56 "HMT|B150B|regard|16|ecart_max|0|ecart_moyen|0|n|11"
 5:24:57 "HMT|B150B|regard|16|ecart_max|0|ecart_moyen|0|n|11"
 5:24:58 "HMT|B150B|regard|16|ecart_max|0|ecart_moyen|0|n|11"
 5:24:59 "HMT|B150B|regard|16|ecart_max|0|ecart_moyen|0|n|11"
 5:25:00 "HMT|B150B|regard|16|ecart_max|0|ecart_moyen|0|n|11"
 5:25:01 "HMT|B150B|regard|16|ecart_max|0|ecart_moyen|0|n|11"
 5:25:02 "HMT|B150B|regard|16|ecart_max|0|ecart_moyen|0|n|11"
 5:25:03 "HMT|B150B|regard|16|ecart_max|0|ecart_moyen|0|n|11"
 5:25:05 "HMT|B150B|regard|16|ecart_max|0|ecart_moyen|0|n|11"
 5:25:06 "HMT|B150B|regard|16|ecart_max|0|ecart_moyen|0|n|11"
 5:25:07 "HMT|B150B|regard|16|ecart_max|0|ecart_moyen|0|n|11"
 5:25:08 "HMT|B150B|regard|16|ecart_max|0|ecart_moyen|0|n|11"
 5:25:09 "HMT|B150B|regard|16|ecart_max|0|ecart_moyen|0|n|11"
 5:25:10 "HMT|B150B|regard|16|ecart_max|0|ecart_moyen|0|n|11"
 5:25:11 "HMT|B150B|regard|16|ecart_max|0|ecart_moyen|0|n|11"
 5:25:12 "HMT|B150B|regard|16|ecart_max|0|ecart_moyen|0|n|11"
 5:25:13 "HMT|B150B|essai|16|droite_bis|know|0|reste|40|jalons|[1,1,1,-1]|points|29|couche|0"
 5:25:13 "HMT|B150B|regard|16|ecart_max|0|ecart_moyen|0|n|11"
 5:25:14 "HMT|B150B|regard|16|ecart_max|0|ecart_moyen|0|n|11"
 5:25:15 "HMT|B150B|regard|16|ecart_max|0|ecart_moyen|0|n|11"
 5:25:16 "HMT|B150B|regard|16|ecart_max|0|ecart_moyen|0|n|11"
 5:25:17 "HMT|B150B|regard|16|ecart_max|0|ecart_moyen|0|n|11"
 5:25:18 "HMT|B150B|regard|16|ecart_max|0|ecart_moyen|0|n|11"
 5:25:19 "HMT|B150B|regard|16|ecart_max|0|ecart_moyen|0|n|11"
 5:25:20 "HMT|B150B|regard|16|ecart_max|0|ecart_moyen|0|n|11"
 5:25:21 "HMT|B150B|regard|16|ecart_max|0|ecart_moyen|0|n|11"
 5:25:22 "HMT|B150B|regard|16|ecart_max|0|ecart_moyen|0|n|11"
 5:25:23 "HMT|B150B|regard|16|ecart_max|0|ecart_moyen|0|n|11"
 5:25:24 "HMT|B150B|regard|16|ecart_max|0|ecart_moyen|0|n|11"
 5:25:25 "HMT|B150B|regard|16|ecart_max|0|ecart_moyen|0|n|11"
 5:25:26 "HMT|B150B|regard|16|ecart_max|0|ecart_moyen|0|n|11"
 5:25:27 "HMT|B150B|regard|16|ecart_max|0|ecart_moyen|0|n|11"
 5:25:28 "HMT|B150B|regard|16|ecart_max|0|ecart_moyen|0|n|11"
 5:25:29 "HMT|B150B|regard|16|ecart_max|0|ecart_moyen|0|n|11"
 5:25:30 "HMT|B150B|regard|16|ecart_max|0|ecart_moyen|0|n|11"
 5:25:31 "HMT|B150B|regard|16|ecart_max|0|ecart_moyen|0|n|11"
 5:25:32 "HMT|B150B|regard|16|ecart_max|0|ecart_moyen|0|n|11"
 5:25:33 "HMT|B150B|regard|16|ecart_max|0|ecart_moyen|0|n|11"
 5:25:34 "HMT|B150B|regard|16|ecart_max|0|ecart_moyen|0|n|11"
 5:25:35 "HMT|B150B|regard|16|ecart_max|0|ecart_moyen|0|n|11"
 5:25:36 "HMT|B150B|regard|16|ecart_max|0|ecart_moyen|0|n|11"
 5:25:37 "HMT|B150B|regard|16|ecart_max|0|ecart_moyen|0|n|11"
 5:25:38 "HMT|B150B|regard|16|ecart_max|0|ecart_moyen|0|n|11"
 5:25:39 "HMT|B150B|regard|16|ecart_max|0|ecart_moyen|0|n|11"
 5:25:40 "HMT|B150B|regard|16|ecart_max|0|ecart_moyen|0|n|11"
 5:25:41 "HMT|B150B|regard|16|ecart_max|0|ecart_moyen|0|n|11"
 5:25:42 "HMT|B150B|regard|16|ecart_max|0|ecart_moyen|0|n|11"
 5:25:43 "HMT|B150B|regard|16|ecart_max|0|ecart_moyen|0|n|11"
 5:25:44 "HMT|B150B|regard|16|ecart_max|0|ecart_moyen|0|n|11"
 5:25:45 "HMT|B150B|regard|16|ecart_max|0|ecart_moyen|0|n|11"
 5:25:46 "HMT|B150B|regard|16|ecart_max|0|ecart_moyen|0|n|11"
 5:25:47 "HMT|B150B|regard|16|ecart_max|0|ecart_moyen|0|n|11"
 5:25:48 "HMT|B150B|regard|16|ecart_max|0|ecart_moyen|0|n|11"
 5:25:49 "HMT|B150B|regard|16|ecart_max|0|ecart_moyen|0|n|11"
 5:25:50 "HMT|B150B|regard|16|ecart_max|0|ecart_moyen|0|n|11"
 5:25:51 "HMT|B150B|regard|16|ecart_max|0|ecart_moyen|0|n|11"
 5:25:52 "HMT|B150B|regard|16|ecart_max|0|ecart_moyen|0|n|11"
 5:25:53 "HMT|B150B|regard|16|ecart_max|0|ecart_moyen|0|n|11"
 5:25:54 "HMT|B150B|regard|16|ecart_max|0|ecart_moyen|0|n|11"
 5:25:55 "HMT|B150B|regard|16|ecart_max|0|ecart_moyen|0|n|11"
 5:25:56 "HMT|B150B|regard|16|ecart_max|0|ecart_moyen|0|n|11"
 5:25:57 "HMT|B150B|regard|16|ecart_max|0|ecart_moyen|0|n|11"
 5:25:58 "HMT|B150B|regard|16|ecart_max|0|ecart_moyen|0|n|11"
 5:25:59 "HMT|B150B|regard|16|ecart_max|0|ecart_moyen|0|n|11"
 5:26:00 "HMT|B150B|regard|16|ecart_max|0|ecart_moyen|0|n|11"
 5:26:01 "HMT|B150B|regard|16|ecart_max|0|ecart_moyen|0|n|11"
 5:26:02 "HMT|B150B|essai|16|oracle|know|0|reste|40|jalons|[1,1,1,1]|points|36|couche|0"
 5:26:02 "HMT|B150B|regard|16|ecart_max|0|ecart_moyen|0|n|11"
 5:26:03 "HMT|B150B|regard|16|ecart_max|0|ecart_moyen|0|n|11"
 5:26:04 "HMT|B150B|regard|16|ecart_max|0|ecart_moyen|0|n|11"
 5:26:05 "HMT|B150B|regard|16|ecart_max|0|ecart_moyen|0|n|11"
 5:26:06 "HMT|B150B|regard|16|ecart_max|0|ecart_moyen|0|n|11"
 5:26:07 "HMT|B150B|regard|16|ecart_max|0|ecart_moyen|0|n|11"
 5:26:08 "HMT|B150B|regard|16|ecart_max|0|ecart_moyen|0|n|11"
 5:26:09 "HMT|B150B|regard|16|ecart_max|0|ecart_moyen|0|n|11"
 5:26:10 "HMT|B150B|regard|16|ecart_max|0|ecart_moyen|0|n|11"
 5:26:11 "HMT|B150B|regard|16|ecart_max|0|ecart_moyen|0|n|11"
 5:26:12 "HMT|B150B|regard|16|ecart_max|0|ecart_moyen|0|n|11"
 5:26:13 "HMT|B150B|regard|16|ecart_max|0|ecart_moyen|0|n|11"
 5:26:14 "HMT|B150B|regard|16|ecart_max|0|ecart_moyen|0|n|11"
 5:26:16 "HMT|B150B|regard|16|ecart_max|0|ecart_moyen|0|n|11"
 5:26:17 "HMT|B150B|regard|16|ecart_max|0|ecart_moyen|0|n|11"
 5:26:18 "HMT|B150B|regard|16|ecart_max|0|ecart_moyen|0|n|11"
 5:26:19 "HMT|B150B|regard|16|ecart_max|0|ecart_moyen|0|n|11"
 5:26:20 "HMT|B150B|regard|16|ecart_max|0|ecart_moyen|0|n|11"
 5:26:21 "HMT|B150B|regard|16|ecart_max|0|ecart_moyen|0|n|11"
 5:26:22 "HMT|B150B|regard|16|ecart_max|0|ecart_moyen|0|n|11"
 5:26:23 "HMT|B150B|regard|16|ecart_max|0|ecart_moyen|0|n|11"
 5:26:24 "HMT|B150B|regard|16|ecart_max|0|ecart_moyen|0|n|11"
 5:26:25 "HMT|B150B|regard|16|ecart_max|0|ecart_moyen|0|n|11"
 5:26:26 "HMT|B150B|regard|16|ecart_max|0|ecart_moyen|0|n|11"
 5:26:27 "HMT|B150B|regard|16|ecart_max|0|ecart_moyen|0|n|11"
 5:26:28 "HMT|B150B|regard|16|ecart_max|0|ecart_moyen|0|n|11"
 5:26:29 "HMT|B150B|regard|16|ecart_max|0|ecart_moyen|0|n|11"
 5:26:30 "HMT|B150B|regard|16|ecart_max|0|ecart_moyen|0|n|11"
 5:26:31 "HMT|B150B|regard|16|ecart_max|0|ecart_moyen|0|n|11"
 5:26:32 "HMT|B150B|regard|16|ecart_max|0|ecart_moyen|0|n|11"
 5:26:33 "HMT|B150B|regard|16|ecart_max|0|ecart_moyen|0|n|11"
 5:26:34 "HMT|B150B|regard|16|ecart_max|0|ecart_moyen|0|n|11"
 5:26:35 "HMT|B150B|regard|16|ecart_max|0|ecart_moyen|0|n|11"
 5:26:36 "HMT|B150B|regard|16|ecart_max|0|ecart_moyen|0|n|11"
 5:26:37 "HMT|B150B|regard|16|ecart_max|0|ecart_moyen|0|n|11"
 5:26:38 "HMT|B150B|regard|16|ecart_max|0|ecart_moyen|0|n|11"
 5:26:39 "HMT|B150B|regard|16|ecart_max|0|ecart_moyen|0|n|11"
 5:26:40 "HMT|B150B|regard|16|ecart_max|0|ecart_moyen|0|n|11"
 5:26:41 "HMT|B150B|regard|16|ecart_max|0|ecart_moyen|0|n|11"
 5:26:42 "HMT|B150B|regard|16|ecart_max|0|ecart_moyen|0|n|11"
 5:26:43 "HMT|B150B|regard|16|ecart_max|0|ecart_moyen|0|n|11"
 5:26:44 "HMT|B150B|regard|16|ecart_max|0|ecart_moyen|0|n|11"
 5:26:45 "HMT|B150B|essai|16|oracle_libre|know|0|reste|40|jalons|[1,1,1,1]|points|30|couche|0"
 5:26:45 "HMT|B150B|regard|16|ecart_max|0|ecart_moyen|0|n|11"
 5:26:46 "HMT|B150B|regard|16|ecart_max|0|ecart_moyen|0|n|11"
 5:26:47 "HMT|B150B|regard|16|ecart_max|0|ecart_moyen|0|n|11"
 5:26:48 "HMT|B150B|regard|16|ecart_max|0|ecart_moyen|0|n|11"
 5:26:52 "HMT|B150B|regard|17|ecart_max|0|ecart_moyen|0|n|7"
 5:26:53 "HMT|B150B|regard|17|ecart_max|0|ecart_moyen|0|n|7"
 5:26:54 "HMT|B150B|regard|17|ecart_max|0|ecart_moyen|0|n|7"
 5:26:55 "HMT|B150B|regard|17|ecart_max|0|ecart_moyen|0|n|7"
 5:26:56 "HMT|B150B|config|17|defenseurs|7|derive_max|0.6|caps|[59,37,78,95,105,105,105]"
 5:26:56 "HMT|B150B|regard|17|ecart_max|0|ecart_moyen|0|n|7"
 5:26:57 "HMT|B150B|regard|17|ecart_max|0|ecart_moyen|0|n|7"
 5:26:58 "HMT|B150B|regard|17|ecart_max|0|ecart_moyen|0|n|7"
 5:26:59 "HMT|B150B|regard|17|ecart_max|0|ecart_moyen|0|n|7"
 5:27:00 "HMT|B150B|regard|17|ecart_max|0|ecart_moyen|0|n|7"
 5:27:01 "HMT|B150B|regard|17|ecart_max|0|ecart_moyen|0|n|7"
 5:27:02 "HMT|B150B|regard|17|ecart_max|0|ecart_moyen|0|n|7"
 5:27:03 "HMT|B150B|regard|17|ecart_max|0|ecart_moyen|0|n|7"
 5:27:04 "HMT|B150B|regard|17|ecart_max|0|ecart_moyen|0|n|7"
 5:27:05 "HMT|B150B|regard|17|ecart_max|0|ecart_moyen|0|n|7"
 5:27:06 "HMT|B150B|regard|17|ecart_max|0|ecart_moyen|0|n|7"
 5:27:07 "HMT|B150B|regard|17|ecart_max|0|ecart_moyen|0|n|7"
 5:27:08 "HMT|B150B|regard|17|ecart_max|0|ecart_moyen|0|n|7"
 5:27:09 "HMT|B150B|regard|17|ecart_max|0|ecart_moyen|0|n|7"
 5:27:10 "HMT|B150B|regard|17|ecart_max|0|ecart_moyen|0|n|7"
 5:27:11 "HMT|B150B|regard|17|ecart_max|0|ecart_moyen|0|n|7"
 5:27:12 "HMT|B150B|regard|17|ecart_max|0|ecart_moyen|0|n|7"
 5:27:13 "HMT|B150B|regard|17|ecart_max|0|ecart_moyen|0|n|7"
 5:27:14 "HMT|B150B|regard|17|ecart_max|0|ecart_moyen|0|n|7"
 5:27:15 "HMT|B150B|regard|17|ecart_max|0|ecart_moyen|0|n|7"
 5:27:16 "HMT|B150B|regard|17|ecart_max|0|ecart_moyen|0|n|7"
 5:27:17 "HMT|B150B|regard|17|ecart_max|0|ecart_moyen|0|n|7"
 5:27:18 "HMT|B150B|regard|17|ecart_max|0|ecart_moyen|0|n|7"
 5:27:19 "HMT|B150B|regard|17|ecart_max|0|ecart_moyen|0|n|7"
 5:27:20 "HMT|B150B|regard|17|ecart_max|0|ecart_moyen|0|n|7"
 5:27:21 "HMT|B150B|regard|17|ecart_max|0|ecart_moyen|0|n|7"
 5:27:22 "HMT|B150B|regard|17|ecart_max|0|ecart_moyen|0|n|7"
 5:27:23 "HMT|B150B|regard|17|ecart_max|0|ecart_moyen|0|n|7"
 5:27:24 "HMT|B150B|regard|17|ecart_max|0|ecart_moyen|0|n|7"
 5:27:25 "HMT|B150B|regard|17|ecart_max|0|ecart_moyen|0|n|7"
 5:27:26 "HMT|B150B|regard|17|ecart_max|0|ecart_moyen|0|n|7"
 5:27:27 "HMT|B150B|regard|17|ecart_max|0|ecart_moyen|0|n|7"
 5:27:28 "HMT|B150B|regard|17|ecart_max|0|ecart_moyen|0|n|7"
 5:27:29 "HMT|B150B|regard|17|ecart_max|0|ecart_moyen|0|n|7"
 5:27:30 "HMT|B150B|regard|17|ecart_max|0|ecart_moyen|0|n|7"
 5:27:31 "HMT|B150B|regard|17|ecart_max|0|ecart_moyen|0|n|7"
 5:27:32 "HMT|B150B|regard|17|ecart_max|0|ecart_moyen|0|n|7"
 5:27:33 "HMT|B150B|essai|17|agent|know|0|reste|38|jalons|[1,1,1,1]|points|29|couche|0"
 5:27:33 "HMT|B150B|regard|17|ecart_max|0|ecart_moyen|0|n|7"
 5:27:34 "HMT|B150B|regard|17|ecart_max|0|ecart_moyen|0|n|7"
 5:27:35 "HMT|B150B|regard|17|ecart_max|0|ecart_moyen|0|n|7"
 5:27:36 "HMT|B150B|regard|17|ecart_max|0|ecart_moyen|0|n|7"
 5:27:37 "HMT|B150B|regard|17|ecart_max|0|ecart_moyen|0|n|7"
 5:27:38 "HMT|B150B|regard|17|ecart_max|0|ecart_moyen|0|n|7"
 5:27:39 "HMT|B150B|regard|17|ecart_max|0|ecart_moyen|0|n|7"
 5:27:40 "HMT|B150B|regard|17|ecart_max|0|ecart_moyen|0|n|7"
 5:27:41 "HMT|B150B|regard|17|ecart_max|0|ecart_moyen|0|n|7"
 5:27:42 "HMT|B150B|regard|17|ecart_max|0|ecart_moyen|0|n|7"
 5:27:43 "HMT|B150B|regard|17|ecart_max|0|ecart_moyen|0|n|7"
 5:27:44 "HMT|B150B|regard|17|ecart_max|0|ecart_moyen|0|n|7"
 5:27:46 "HMT|B150B|regard|17|ecart_max|0|ecart_moyen|0|n|7"
 5:27:47 "HMT|B150B|regard|17|ecart_max|0|ecart_moyen|0|n|7"
 5:27:48 "HMT|B150B|regard|17|ecart_max|0|ecart_moyen|0|n|7"
 5:27:49 "HMT|B150B|regard|17|ecart_max|0|ecart_moyen|0|n|7"
 5:27:50 "HMT|B150B|regard|17|ecart_max|0|ecart_moyen|0|n|7"
 5:27:51 "HMT|B150B|regard|17|ecart_max|0|ecart_moyen|0|n|7"
 5:27:52 "HMT|B150B|regard|17|ecart_max|0|ecart_moyen|0|n|7"
 5:27:53 "HMT|B150B|regard|17|ecart_max|0|ecart_moyen|0|n|7"
 5:27:54 "HMT|B150B|regard|17|ecart_max|0|ecart_moyen|0|n|7"
 5:27:55 "HMT|B150B|regard|17|ecart_max|0|ecart_moyen|0|n|7"
 5:27:56 "HMT|B150B|regard|17|ecart_max|0|ecart_moyen|0|n|7"
 5:27:57 "HMT|B150B|regard|17|ecart_max|0|ecart_moyen|0|n|7"
 5:27:58 "HMT|B150B|regard|17|ecart_max|0|ecart_moyen|0|n|7"
 5:27:59 "HMT|B150B|regard|17|ecart_max|0|ecart_moyen|0|n|7"
 5:28:00 "HMT|B150B|regard|17|ecart_max|0|ecart_moyen|0|n|7"
 5:28:01 "HMT|B150B|regard|17|ecart_max|0|ecart_moyen|0|n|7"
 5:28:02 "HMT|B150B|regard|17|ecart_max|0|ecart_moyen|0|n|7"
 5:28:03 "HMT|B150B|regard|17|ecart_max|0|ecart_moyen|0|n|7"
 5:28:04 "HMT|B150B|regard|17|ecart_max|0|ecart_moyen|0|n|7"
 5:28:05 "HMT|B150B|regard|17|ecart_max|0|ecart_moyen|0|n|7"
 5:28:06 "HMT|B150B|regard|17|ecart_max|0|ecart_moyen|0|n|7"
 5:28:07 "HMT|B150B|regard|17|ecart_max|0|ecart_moyen|0|n|7"
 5:28:08 "HMT|B150B|regard|17|ecart_max|0|ecart_moyen|0|n|7"
 5:28:09 "HMT|B150B|regard|17|ecart_max|0|ecart_moyen|0|n|7"
 5:28:10 "HMT|B150B|regard|17|ecart_max|0|ecart_moyen|0|n|7"
 5:28:11 "HMT|B150B|regard|17|ecart_max|0|ecart_moyen|0|n|7"
 5:28:12 "HMT|B150B|regard|17|ecart_max|0|ecart_moyen|0|n|7"
 5:28:13 "HMT|B150B|regard|17|ecart_max|0|ecart_moyen|0|n|7"
 5:28:14 "HMT|B150B|regard|17|ecart_max|0|ecart_moyen|0|n|7"
 5:28:14 "HMT|B150B|essai|17|droite|know|0|reste|40|jalons|[1,1,1,-1]|points|29|couche|0"
 5:28:15 "HMT|B150B|regard|17|ecart_max|0|ecart_moyen|0|n|7"
 5:28:16 "HMT|B150B|regard|17|ecart_max|0|ecart_moyen|0|n|7"
 5:28:17 "HMT|B150B|regard|17|ecart_max|0|ecart_moyen|0|n|7"
 5:28:18 "HMT|B150B|regard|17|ecart_max|0|ecart_moyen|0|n|7"
 5:28:19 "HMT|B150B|regard|17|ecart_max|0|ecart_moyen|0|n|7"
 5:28:20 "HMT|B150B|regard|17|ecart_max|0|ecart_moyen|0|n|7"
 5:28:21 "HMT|B150B|regard|17|ecart_max|0|ecart_moyen|0|n|7"
 5:28:22 "HMT|B150B|regard|17|ecart_max|0|ecart_moyen|0|n|7"
 5:28:23 "HMT|B150B|regard|17|ecart_max|0|ecart_moyen|0|n|7"
 5:28:24 "HMT|B150B|regard|17|ecart_max|0|ecart_moyen|0|n|7"
 5:28:25 "HMT|B150B|regard|17|ecart_max|0|ecart_moyen|0|n|7"
 5:28:26 "HMT|B150B|regard|17|ecart_max|0|ecart_moyen|0|n|7"
 5:28:27 "HMT|B150B|regard|17|ecart_max|0|ecart_moyen|0|n|7"
 5:28:28 "HMT|B150B|regard|17|ecart_max|0|ecart_moyen|0|n|7"
 5:28:29 "HMT|B150B|regard|17|ecart_max|0|ecart_moyen|0|n|7"
 5:28:30 "HMT|B150B|regard|17|ecart_max|0|ecart_moyen|0|n|7"
 5:28:31 "HMT|B150B|regard|17|ecart_max|0|ecart_moyen|0|n|7"
 5:28:32 "HMT|B150B|regard|17|ecart_max|0|ecart_moyen|0|n|7"
 5:28:33 "HMT|B150B|regard|17|ecart_max|0|ecart_moyen|0|n|7"
 5:28:34 "HMT|B150B|regard|17|ecart_max|0|ecart_moyen|0|n|7"
 5:28:35 "HMT|B150B|regard|17|ecart_max|0|ecart_moyen|0|n|7"
 5:28:36 "HMT|B150B|regard|17|ecart_max|0|ecart_moyen|0|n|7"
 5:28:37 "HMT|B150B|regard|17|ecart_max|0|ecart_moyen|0|n|7"
 5:28:38 "HMT|B150B|regard|17|ecart_max|0|ecart_moyen|0|n|7"
 5:28:39 "HMT|B150B|regard|17|ecart_max|0|ecart_moyen|0|n|7"
 5:28:40 "HMT|B150B|regard|17|ecart_max|0|ecart_moyen|0|n|7"
 5:28:41 "HMT|B150B|regard|17|ecart_max|0|ecart_moyen|0|n|7"
 5:28:42 "HMT|B150B|regard|17|ecart_max|0|ecart_moyen|0|n|7"
 5:28:43 "HMT|B150B|regard|17|ecart_max|0|ecart_moyen|0|n|7"
 5:28:44 "HMT|B150B|regard|17|ecart_max|0|ecart_moyen|0|n|7"
 5:28:45 "HMT|B150B|regard|17|ecart_max|0|ecart_moyen|0|n|7"
 5:28:46 "HMT|B150B|regard|17|ecart_max|0|ecart_moyen|0|n|7"
 5:28:47 "HMT|B150B|regard|17|ecart_max|0|ecart_moyen|0|n|7"
 5:28:48 "HMT|B150B|regard|17|ecart_max|0|ecart_moyen|0|n|7"
 5:28:49 "HMT|B150B|regard|17|ecart_max|0|ecart_moyen|0|n|7"
 5:28:50 "HMT|B150B|regard|17|ecart_max|0|ecart_moyen|0|n|7"
 5:28:51 "HMT|B150B|regard|17|ecart_max|0|ecart_moyen|0|n|7"
 5:28:53 "HMT|B150B|regard|17|ecart_max|0|ecart_moyen|0|n|7"
 5:28:54 "HMT|B150B|regard|17|ecart_max|0|ecart_moyen|0|n|7"
 5:28:55 "HMT|B150B|regard|17|ecart_max|0|ecart_moyen|0|n|7"
 5:28:55 "HMT|B150B|essai|17|droite_bis|know|0|reste|40|jalons|[1,1,1,-1]|points|29|couche|0"
 5:28:56 "HMT|B150B|regard|17|ecart_max|0|ecart_moyen|0|n|7"
 5:28:57 "HMT|B150B|regard|17|ecart_max|0|ecart_moyen|0|n|7"
 5:28:58 "HMT|B150B|regard|17|ecart_max|0|ecart_moyen|0|n|7"
 5:28:59 "HMT|B150B|regard|17|ecart_max|0|ecart_moyen|0|n|7"
 5:29:00 "HMT|B150B|regard|17|ecart_max|0|ecart_moyen|0|n|7"
 5:29:01 "HMT|B150B|regard|17|ecart_max|0|ecart_moyen|0|n|7"
 5:29:02 "HMT|B150B|regard|17|ecart_max|0|ecart_moyen|0|n|7"
 5:29:03 "HMT|B150B|regard|17|ecart_max|0|ecart_moyen|0|n|7"
 5:29:04 "HMT|B150B|regard|17|ecart_max|0|ecart_moyen|0|n|7"
 5:29:05 "HMT|B150B|regard|17|ecart_max|0|ecart_moyen|0|n|7"
 5:29:06 "HMT|B150B|regard|17|ecart_max|0|ecart_moyen|0|n|7"
 5:29:07 "HMT|B150B|regard|17|ecart_max|0|ecart_moyen|0|n|7"
 5:29:08 "HMT|B150B|regard|17|ecart_max|0|ecart_moyen|0|n|7"
 5:29:09 "HMT|B150B|regard|17|ecart_max|0|ecart_moyen|0|n|7"
 5:29:10 "HMT|B150B|regard|17|ecart_max|0|ecart_moyen|0|n|7"
 5:29:11 "HMT|B150B|regard|17|ecart_max|0|ecart_moyen|0|n|7"
 5:29:12 "HMT|B150B|regard|17|ecart_max|0|ecart_moyen|0|n|7"
 5:29:13 "HMT|B150B|regard|17|ecart_max|0|ecart_moyen|0|n|7"
 5:29:14 "HMT|B150B|regard|17|ecart_max|0|ecart_moyen|0|n|7"
 5:29:15 "HMT|B150B|regard|17|ecart_max|0|ecart_moyen|0|n|7"
 5:29:16 "HMT|B150B|regard|17|ecart_max|0|ecart_moyen|0|n|7"
 5:29:17 "HMT|B150B|regard|17|ecart_max|0|ecart_moyen|0|n|7"
 5:29:18 "HMT|B150B|regard|17|ecart_max|0|ecart_moyen|0|n|7"
 5:29:19 "HMT|B150B|regard|17|ecart_max|0|ecart_moyen|0|n|7"
 5:29:20 "HMT|B150B|regard|17|ecart_max|0|ecart_moyen|0|n|7"
 5:29:21 "HMT|B150B|regard|17|ecart_max|0|ecart_moyen|0|n|7"
 5:29:22 "HMT|B150B|regard|17|ecart_max|0|ecart_moyen|0|n|7"
 5:29:23 "HMT|B150B|regard|17|ecart_max|0|ecart_moyen|0|n|7"
 5:29:24 "HMT|B150B|regard|17|ecart_max|0|ecart_moyen|0|n|7"
 5:29:25 "HMT|B150B|regard|17|ecart_max|0|ecart_moyen|0|n|7"
 5:29:26 "HMT|B150B|regard|17|ecart_max|0|ecart_moyen|0|n|7"
 5:29:27 "HMT|B150B|regard|17|ecart_max|0|ecart_moyen|0|n|7"
 5:29:28 "HMT|B150B|regard|17|ecart_max|0|ecart_moyen|0|n|7"
 5:29:29 "HMT|B150B|regard|17|ecart_max|0|ecart_moyen|0|n|7"
 5:29:30 "HMT|B150B|regard|17|ecart_max|0|ecart_moyen|0|n|7"
 5:29:31 "HMT|B150B|regard|17|ecart_max|0|ecart_moyen|0|n|7"
 5:29:32 "HMT|B150B|regard|17|ecart_max|0|ecart_moyen|0|n|7"
 5:29:33 "HMT|B150B|regard|17|ecart_max|0|ecart_moyen|0|n|7"
 5:29:34 "HMT|B150B|regard|17|ecart_max|0|ecart_moyen|0|n|7"
 5:29:35 "HMT|B150B|regard|17|ecart_max|0|ecart_moyen|0|n|7"
 5:29:36 "HMT|B150B|regard|17|ecart_max|0|ecart_moyen|0|n|7"
 5:29:37 "HMT|B150B|regard|17|ecart_max|0|ecart_moyen|0|n|7"
 5:29:38 "HMT|B150B|regard|17|ecart_max|0|ecart_moyen|0|n|7"
 5:29:39 "HMT|B150B|regard|17|ecart_max|0|ecart_moyen|0|n|7"
 5:29:40 "HMT|B150B|regard|17|ecart_max|0|ecart_moyen|0|n|7"
 5:29:41 "HMT|B150B|regard|17|ecart_max|0|ecart_moyen|0|n|7"
 5:29:42 "HMT|B150B|regard|17|ecart_max|0|ecart_moyen|0|n|7"
 5:29:43 "HMT|B150B|regard|17|ecart_max|0|ecart_moyen|0|n|7"
 5:29:44 "HMT|B150B|regard|17|ecart_max|0|ecart_moyen|0|n|7"
 5:29:45 "HMT|B150B|regard|17|ecart_max|0|ecart_moyen|0|n|7"
 5:29:46 "HMT|B150B|regard|17|ecart_max|0|ecart_moyen|0|n|7"
 5:29:47 "HMT|B150B|regard|17|ecart_max|0|ecart_moyen|0|n|7"
 5:29:48 "HMT|B150B|regard|17|ecart_max|0|ecart_moyen|0|n|7"
 5:29:49 "HMT|B150B|regard|17|ecart_max|0|ecart_moyen|0|n|7"
 5:29:50 "HMT|B150B|regard|17|ecart_max|0|ecart_moyen|0|n|7"
 5:29:51 "HMT|B150B|regard|17|ecart_max|0|ecart_moyen|0|n|7"
 5:29:52 "HMT|B150B|regard|17|ecart_max|0|ecart_moyen|0|n|7"
 5:29:53 "HMT|B150B|regard|17|ecart_max|0|ecart_moyen|0|n|7"
 5:29:54 "HMT|B150B|regard|17|ecart_max|0|ecart_moyen|0|n|7"
 5:29:55 "HMT|B150B|regard|17|ecart_max|0|ecart_moyen|0|n|7"
 5:29:56 "HMT|B150B|regard|17|ecart_max|0|ecart_moyen|0|n|7"
 5:29:57 "HMT|B150B|regard|17|ecart_max|0|ecart_moyen|0|n|7"
 5:29:58 "HMT|B150B|regard|17|ecart_max|0|ecart_moyen|0|n|7"
 5:29:59 "HMT|B150B|regard|17|ecart_max|0|ecart_moyen|0|n|7"
 5:30:00 "HMT|B150B|regard|17|ecart_max|0|ecart_moyen|0|n|7"
 5:30:01 "HMT|B150B|regard|17|ecart_max|0|ecart_moyen|0|n|7"
 5:30:03 "HMT|B150B|regard|17|ecart_max|0|ecart_moyen|0|n|7"
 5:30:04 "HMT|B150B|regard|17|ecart_max|0|ecart_moyen|0|n|7"
 5:30:05 "HMT|B150B|regard|17|ecart_max|0|ecart_moyen|0|n|7"
 5:30:06 "HMT|B150B|regard|17|ecart_max|0|ecart_moyen|0|n|7"
 5:30:06 "HMT|B150B|essai|17|oracle|know|0|reste|40|jalons|[1,1,1,1]|points|53|couche|0"
 5:30:07 "HMT|B150B|regard|17|ecart_max|0|ecart_moyen|0|n|7"
 5:30:08 "HMT|B150B|regard|17|ecart_max|0|ecart_moyen|0|n|7"
 5:30:09 "HMT|B150B|regard|17|ecart_max|0|ecart_moyen|0|n|7"
 5:30:10 "HMT|B150B|regard|17|ecart_max|0|ecart_moyen|0|n|7"
 5:30:11 "HMT|B150B|regard|17|ecart_max|0|ecart_moyen|0|n|7"
 5:30:12 "HMT|B150B|regard|17|ecart_max|0|ecart_moyen|0|n|7"
 5:30:13 "HMT|B150B|regard|17|ecart_max|0|ecart_moyen|0|n|7"
 5:30:14 "HMT|B150B|regard|17|ecart_max|0|ecart_moyen|0|n|7"
 5:30:15 "HMT|B150B|regard|17|ecart_max|0|ecart_moyen|0|n|7"
 5:30:16 "HMT|B150B|regard|17|ecart_max|0|ecart_moyen|0|n|7"
 5:30:17 "HMT|B150B|regard|17|ecart_max|0|ecart_moyen|0|n|7"
 5:30:18 "HMT|B150B|regard|17|ecart_max|0|ecart_moyen|0|n|7"
 5:30:19 "HMT|B150B|regard|17|ecart_max|0|ecart_moyen|0|n|7"
 5:30:20 "HMT|B150B|regard|17|ecart_max|0|ecart_moyen|0|n|7"
 5:30:21 "HMT|B150B|regard|17|ecart_max|0|ecart_moyen|0|n|7"
 5:30:22 "HMT|B150B|regard|17|ecart_max|0|ecart_moyen|0|n|7"
 5:30:23 "HMT|B150B|regard|17|ecart_max|0|ecart_moyen|0|n|7"
 5:30:24 "HMT|B150B|regard|17|ecart_max|0|ecart_moyen|0|n|7"
 5:30:25 "HMT|B150B|regard|17|ecart_max|0|ecart_moyen|0|n|7"
 5:30:26 "HMT|B150B|regard|17|ecart_max|0|ecart_moyen|0|n|7"
 5:30:27 "HMT|B150B|regard|17|ecart_max|0|ecart_moyen|0|n|7"
 5:30:28 "HMT|B150B|regard|17|ecart_max|0|ecart_moyen|0|n|7"
 5:30:29 "HMT|B150B|regard|17|ecart_max|0|ecart_moyen|0|n|7"
 5:30:30 "HMT|B150B|regard|17|ecart_max|0|ecart_moyen|0|n|7"
 5:30:31 "HMT|B150B|regard|17|ecart_max|0|ecart_moyen|0|n|7"
 5:30:32 "HMT|B150B|regard|17|ecart_max|0|ecart_moyen|0|n|7"
 5:30:33 "HMT|B150B|regard|17|ecart_max|0|ecart_moyen|0|n|7"
 5:30:34 "HMT|B150B|regard|17|ecart_max|0|ecart_moyen|0|n|7"
 5:30:35 "HMT|B150B|regard|17|ecart_max|0|ecart_moyen|0|n|7"
 5:30:36 "HMT|B150B|regard|17|ecart_max|0|ecart_moyen|0|n|7"
 5:30:37 "HMT|B150B|regard|17|ecart_max|0|ecart_moyen|0|n|7"
 5:30:38 "HMT|B150B|regard|17|ecart_max|0|ecart_moyen|0|n|7"
 5:30:39 "HMT|B150B|regard|17|ecart_max|0|ecart_moyen|0|n|7"
 5:30:40 "HMT|B150B|regard|17|ecart_max|0|ecart_moyen|0|n|7"
 5:30:41 "HMT|B150B|regard|17|ecart_max|0|ecart_moyen|0|n|7"
 5:30:42 "HMT|B150B|regard|17|ecart_max|0|ecart_moyen|0|n|7"
 5:30:43 "HMT|B150B|regard|17|ecart_max|0|ecart_moyen|0|n|7"
 5:30:44 "HMT|B150B|regard|17|ecart_max|0|ecart_moyen|0|n|7"
 5:30:45 "HMT|B150B|regard|17|ecart_max|0|ecart_moyen|0|n|7"
 5:30:46 "HMT|B150B|regard|17|ecart_max|0|ecart_moyen|0|n|7"
 5:30:47 "HMT|B150B|regard|17|ecart_max|0|ecart_moyen|0|n|7"
 5:30:48 "HMT|B150B|regard|17|ecart_max|0|ecart_moyen|0|n|7"
 5:30:49 "HMT|B150B|regard|17|ecart_max|0|ecart_moyen|0|n|7"
 5:30:50 "HMT|B150B|regard|17|ecart_max|0|ecart_moyen|0|n|7"
 5:30:51 "HMT|B150B|essai|17|oracle_libre|know|0|reste|40|jalons|[1,1,1,1]|points|32|couche|0"
 5:30:51 "HMT|B150B|regard|17|ecart_max|0|ecart_moyen|0|n|7"
 5:30:52 "HMT|B150B|regard|17|ecart_max|0|ecart_moyen|0|n|7"
 5:30:53 "HMT|B150B|regard|17|ecart_max|0|ecart_moyen|0|n|7"
 5:30:54 "HMT|B150B|regard|17|ecart_max|0|ecart_moyen|0|n|7"
 5:30:58 "HMT|B150B|regard|18|ecart_max|0|ecart_moyen|0|n|5"
 5:30:59 "HMT|B150B|regard|18|ecart_max|0|ecart_moyen|0|n|5"
 5:31:00 "HMT|B150B|regard|18|ecart_max|0|ecart_moyen|0|n|5"
 5:31:01 "HMT|B150B|regard|18|ecart_max|0|ecart_moyen|0|n|5"
 5:31:02 "HMT|B150B|config|18|defenseurs|5|derive_max|0|caps|[67,10,60,289,323]"
 5:31:02 "HMT|B150B|regard|18|ecart_max|0|ecart_moyen|0|n|5"
 5:31:03 "HMT|B150B|regard|18|ecart_max|0|ecart_moyen|0|n|5"
 5:31:04 "HMT|B150B|regard|18|ecart_max|0|ecart_moyen|0|n|5"
 5:31:05 "HMT|B150B|regard|18|ecart_max|0|ecart_moyen|0|n|5"
 5:31:06 "HMT|B150B|regard|18|ecart_max|0|ecart_moyen|0|n|5"
 5:31:07 "HMT|B150B|regard|18|ecart_max|0|ecart_moyen|0|n|5"
 5:31:08 "HMT|B150B|regard|18|ecart_max|0|ecart_moyen|0|n|5"
 5:31:09 "HMT|B150B|regard|18|ecart_max|0|ecart_moyen|0|n|5"
 5:31:10 "HMT|B150B|regard|18|ecart_max|0|ecart_moyen|0|n|5"
 5:31:11 "HMT|B150B|regard|18|ecart_max|0|ecart_moyen|0|n|5"
 5:31:12 "HMT|B150B|regard|18|ecart_max|0|ecart_moyen|0|n|5"
 5:31:13 "HMT|B150B|regard|18|ecart_max|0|ecart_moyen|0|n|5"
 5:31:14 "HMT|B150B|regard|18|ecart_max|0|ecart_moyen|0|n|5"
 5:31:15 "HMT|B150B|regard|18|ecart_max|0|ecart_moyen|0|n|5"
 5:31:16 "HMT|B150B|regard|18|ecart_max|0|ecart_moyen|0|n|5"
 5:31:17 "HMT|B150B|regard|18|ecart_max|0|ecart_moyen|0|n|5"
 5:31:18 "HMT|B150B|regard|18|ecart_max|0|ecart_moyen|0|n|5"
 5:31:19 "HMT|B150B|regard|18|ecart_max|0|ecart_moyen|0|n|5"
 5:31:20 "HMT|B150B|regard|18|ecart_max|0|ecart_moyen|0|n|5"
 5:31:21 "HMT|B150B|regard|18|ecart_max|0|ecart_moyen|0|n|5"
 5:31:22 "HMT|B150B|regard|18|ecart_max|0|ecart_moyen|0|n|5"
 5:31:23 "HMT|B150B|regard|18|ecart_max|0|ecart_moyen|0|n|5"
 5:31:24 "HMT|B150B|regard|18|ecart_max|0|ecart_moyen|0|n|5"
 5:31:25 "HMT|B150B|regard|18|ecart_max|0|ecart_moyen|0|n|5"
 5:31:26 "HMT|B150B|regard|18|ecart_max|0|ecart_moyen|0|n|5"
 5:31:27 "HMT|B150B|regard|18|ecart_max|0|ecart_moyen|0|n|5"
 5:31:28 "HMT|B150B|regard|18|ecart_max|0|ecart_moyen|0|n|5"
 5:31:29 "HMT|B150B|regard|18|ecart_max|0|ecart_moyen|0|n|5"
 5:31:30 "HMT|B150B|regard|18|ecart_max|0|ecart_moyen|0|n|5"
 5:31:31 "HMT|B150B|regard|18|ecart_max|0|ecart_moyen|0|n|5"
 5:31:32 "HMT|B150B|regard|18|ecart_max|0|ecart_moyen|0|n|5"
 5:31:33 "HMT|B150B|regard|18|ecart_max|0|ecart_moyen|0|n|5"
 5:31:34 "HMT|B150B|regard|18|ecart_max|0|ecart_moyen|0|n|5"
 5:31:35 "HMT|B150B|regard|18|ecart_max|0|ecart_moyen|0|n|5"
 5:31:36 "HMT|B150B|regard|18|ecart_max|0|ecart_moyen|0|n|5"
 5:31:37 "HMT|B150B|regard|18|ecart_max|0|ecart_moyen|0|n|5"
 5:31:38 "HMT|B150B|regard|18|ecart_max|0|ecart_moyen|0|n|5"
 5:31:39 "HMT|B150B|essai|18|agent|know|4|reste|38|jalons|[1,1,0,0]|points|29|couche|0"
 5:31:39 "HMT|B150B|regard|18|ecart_max|0|ecart_moyen|0|n|5"
 5:31:40 "HMT|B150B|regard|18|ecart_max|0|ecart_moyen|0|n|5"
 5:31:41 "HMT|B150B|regard|18|ecart_max|0|ecart_moyen|0|n|5"
 5:31:42 "HMT|B150B|regard|18|ecart_max|0|ecart_moyen|0|n|5"
 5:31:43 "HMT|B150B|regard|18|ecart_max|0|ecart_moyen|0|n|5"
 5:31:44 "HMT|B150B|regard|18|ecart_max|0|ecart_moyen|0|n|5"
 5:31:45 "HMT|B150B|regard|18|ecart_max|0|ecart_moyen|0|n|5"
 5:31:46 "HMT|B150B|regard|18|ecart_max|0|ecart_moyen|0|n|5"
 5:31:47 "HMT|B150B|regard|18|ecart_max|0|ecart_moyen|0|n|5"
 5:31:48 "HMT|B150B|regard|18|ecart_max|0|ecart_moyen|0|n|5"
 5:31:49 "HMT|B150B|regard|18|ecart_max|0|ecart_moyen|0|n|5"
 5:31:50 "HMT|B150B|regard|18|ecart_max|0|ecart_moyen|0|n|5"
 5:31:51 "HMT|B150B|regard|18|ecart_max|0|ecart_moyen|0|n|5"
 5:31:52 "HMT|B150B|regard|18|ecart_max|0|ecart_moyen|0|n|5"
 5:31:53 "HMT|B150B|regard|18|ecart_max|0|ecart_moyen|0|n|5"
 5:31:54 "HMT|B150B|regard|18|ecart_max|0|ecart_moyen|0|n|5"
 5:31:55 "HMT|B150B|regard|18|ecart_max|0|ecart_moyen|0|n|5"
 5:31:56 "HMT|B150B|regard|18|ecart_max|0|ecart_moyen|0|n|5"
 5:31:58 "HMT|B150B|regard|18|ecart_max|0|ecart_moyen|0|n|5"
 5:31:59 "HMT|B150B|regard|18|ecart_max|0|ecart_moyen|0|n|5"
 5:32:00 "HMT|B150B|regard|18|ecart_max|0|ecart_moyen|0|n|5"
 5:32:01 "HMT|B150B|regard|18|ecart_max|0|ecart_moyen|0|n|5"
 5:32:02 "HMT|B150B|regard|18|ecart_max|0|ecart_moyen|0|n|5"
 5:32:03 "HMT|B150B|regard|18|ecart_max|0|ecart_moyen|0|n|5"
 5:32:04 "HMT|B150B|regard|18|ecart_max|0|ecart_moyen|0|n|5"
 5:32:05 "HMT|B150B|regard|18|ecart_max|0|ecart_moyen|0|n|5"
 5:32:06 "HMT|B150B|regard|18|ecart_max|0|ecart_moyen|0|n|5"
 5:32:07 "HMT|B150B|regard|18|ecart_max|0|ecart_moyen|0|n|5"
 5:32:08 "HMT|B150B|regard|18|ecart_max|0|ecart_moyen|0|n|5"
 5:32:09 "HMT|B150B|regard|18|ecart_max|0|ecart_moyen|0|n|5"
 5:32:10 "HMT|B150B|regard|18|ecart_max|0|ecart_moyen|0|n|5"
 5:32:11 "HMT|B150B|regard|18|ecart_max|0|ecart_moyen|0|n|5"
 5:32:12 "HMT|B150B|regard|18|ecart_max|0|ecart_moyen|0|n|5"
 5:32:13 "HMT|B150B|regard|18|ecart_max|0|ecart_moyen|0|n|5"
 5:32:14 "HMT|B150B|regard|18|ecart_max|0|ecart_moyen|0|n|5"
 5:32:15 "HMT|B150B|regard|18|ecart_max|0|ecart_moyen|0|n|5"
 5:32:16 "HMT|B150B|regard|18|ecart_max|0|ecart_moyen|0|n|5"
 5:32:17 "HMT|B150B|regard|18|ecart_max|0|ecart_moyen|0|n|5"
 5:32:18 "HMT|B150B|regard|18|ecart_max|0|ecart_moyen|0|n|5"
 5:32:19 "HMT|B150B|regard|18|ecart_max|0|ecart_moyen|0|n|5"
 5:32:20 "HMT|B150B|regard|18|ecart_max|0|ecart_moyen|0|n|5"
 5:32:20 "HMT|B150B|essai|18|droite|know|4|reste|40|jalons|[1,1,0,-1]|points|29|couche|0"
 5:32:21 "HMT|B150B|regard|18|ecart_max|0|ecart_moyen|0|n|5"
 5:32:22 "HMT|B150B|regard|18|ecart_max|0|ecart_moyen|0|n|5"
 5:32:23 "HMT|B150B|regard|18|ecart_max|0|ecart_moyen|0|n|5"
 5:32:24 "HMT|B150B|regard|18|ecart_max|0|ecart_moyen|0|n|5"
 5:32:25 "HMT|B150B|regard|18|ecart_max|0|ecart_moyen|0|n|5"
 5:32:26 "HMT|B150B|regard|18|ecart_max|0|ecart_moyen|0|n|5"
 5:32:27 "HMT|B150B|regard|18|ecart_max|0|ecart_moyen|0|n|5"
 5:32:28 "HMT|B150B|regard|18|ecart_max|0|ecart_moyen|0|n|5"
 5:32:29 "HMT|B150B|regard|18|ecart_max|0|ecart_moyen|0|n|5"
 5:32:30 "HMT|B150B|regard|18|ecart_max|0|ecart_moyen|0|n|5"
 5:32:31 "HMT|B150B|regard|18|ecart_max|0|ecart_moyen|0|n|5"
 5:32:32 "HMT|B150B|regard|18|ecart_max|0|ecart_moyen|0|n|5"
 5:32:33 "HMT|B150B|regard|18|ecart_max|0|ecart_moyen|0|n|5"
 5:32:34 "HMT|B150B|regard|18|ecart_max|0|ecart_moyen|0|n|5"
 5:32:35 "HMT|B150B|regard|18|ecart_max|0|ecart_moyen|0|n|5"
 5:32:36 "HMT|B150B|regard|18|ecart_max|0|ecart_moyen|0|n|5"
 5:32:37 "HMT|B150B|regard|18|ecart_max|0|ecart_moyen|0|n|5"
 5:32:38 "HMT|B150B|regard|18|ecart_max|0|ecart_moyen|0|n|5"
 5:32:39 "HMT|B150B|regard|18|ecart_max|0|ecart_moyen|0|n|5"
 5:32:40 "HMT|B150B|regard|18|ecart_max|0|ecart_moyen|0|n|5"
 5:32:41 "HMT|B150B|regard|18|ecart_max|0|ecart_moyen|0|n|5"
 5:32:42 "HMT|B150B|regard|18|ecart_max|0|ecart_moyen|0|n|5"
 5:32:43 "HMT|B150B|regard|18|ecart_max|0|ecart_moyen|0|n|5"
 5:32:44 "HMT|B150B|regard|18|ecart_max|0|ecart_moyen|0|n|5"
 5:32:45 "HMT|B150B|regard|18|ecart_max|0|ecart_moyen|0|n|5"
 5:32:46 "HMT|B150B|regard|18|ecart_max|0|ecart_moyen|0|n|5"
 5:32:47 "HMT|B150B|regard|18|ecart_max|0|ecart_moyen|0|n|5"
 5:32:48 "HMT|B150B|regard|18|ecart_max|0|ecart_moyen|0|n|5"
 5:32:49 "HMT|B150B|regard|18|ecart_max|0|ecart_moyen|0|n|5"
 5:32:50 "HMT|B150B|regard|18|ecart_max|0|ecart_moyen|0|n|5"
 5:32:51 "HMT|B150B|regard|18|ecart_max|0|ecart_moyen|0|n|5"
 5:32:52 "HMT|B150B|regard|18|ecart_max|0|ecart_moyen|0|n|5"
 5:32:53 "HMT|B150B|regard|18|ecart_max|0|ecart_moyen|0|n|5"
 5:32:54 "HMT|B150B|regard|18|ecart_max|0|ecart_moyen|0|n|5"
 5:32:55 "HMT|B150B|regard|18|ecart_max|0|ecart_moyen|0|n|5"
 5:32:56 "HMT|B150B|regard|18|ecart_max|0|ecart_moyen|0|n|5"
 5:32:57 "HMT|B150B|regard|18|ecart_max|0|ecart_moyen|0|n|5"
 5:32:58 "HMT|B150B|regard|18|ecart_max|0|ecart_moyen|0|n|5"
 5:32:59 "HMT|B150B|regard|18|ecart_max|0|ecart_moyen|0|n|5"
 5:33:00 "HMT|B150B|regard|18|ecart_max|0|ecart_moyen|0|n|5"
 5:33:01 "HMT|B150B|essai|18|droite_bis|know|4|reste|40|jalons|[1,1,0,-1]|points|29|couche|0"
 5:33:01 "HMT|B150B|regard|18|ecart_max|0|ecart_moyen|0|n|5"
 5:33:02 "HMT|B150B|regard|18|ecart_max|0|ecart_moyen|0|n|5"
 5:33:03 "HMT|B150B|regard|18|ecart_max|0|ecart_moyen|0|n|5"
 5:33:04 "HMT|B150B|regard|18|ecart_max|0|ecart_moyen|0|n|5"
 5:33:05 "HMT|B150B|regard|18|ecart_max|0|ecart_moyen|0|n|5"
 5:33:06 "HMT|B150B|regard|18|ecart_max|0|ecart_moyen|0|n|5"
 5:33:07 "HMT|B150B|regard|18|ecart_max|0|ecart_moyen|0|n|5"
 5:33:08 "HMT|B150B|regard|18|ecart_max|0|ecart_moyen|0|n|5"
 5:33:10 "HMT|B150B|regard|18|ecart_max|0|ecart_moyen|0|n|5"
 5:33:11 "HMT|B150B|regard|18|ecart_max|0|ecart_moyen|0|n|5"
 5:33:12 "HMT|B150B|regard|18|ecart_max|0|ecart_moyen|0|n|5"
 5:33:13 "HMT|B150B|regard|18|ecart_max|0|ecart_moyen|0|n|5"
 5:33:14 "HMT|B150B|regard|18|ecart_max|0|ecart_moyen|0|n|5"
 5:33:15 "HMT|B150B|regard|18|ecart_max|0|ecart_moyen|0|n|5"
 5:33:16 "HMT|B150B|regard|18|ecart_max|0|ecart_moyen|0|n|5"
 5:33:17 "HMT|B150B|regard|18|ecart_max|0|ecart_moyen|0|n|5"
 5:33:18 "HMT|B150B|regard|18|ecart_max|0|ecart_moyen|0|n|5"
 5:33:19 "HMT|B150B|regard|18|ecart_max|0|ecart_moyen|0|n|5"
 5:33:20 "HMT|B150B|regard|18|ecart_max|0|ecart_moyen|0|n|5"
 5:33:21 "HMT|B150B|regard|18|ecart_max|0|ecart_moyen|0|n|5"
 5:33:22 "HMT|B150B|regard|18|ecart_max|0|ecart_moyen|0|n|5"
 5:33:23 "HMT|B150B|regard|18|ecart_max|0|ecart_moyen|0|n|5"
 5:33:24 "HMT|B150B|regard|18|ecart_max|0|ecart_moyen|0|n|5"
 5:33:25 "HMT|B150B|regard|18|ecart_max|0|ecart_moyen|0|n|5"
 5:33:26 "HMT|B150B|regard|18|ecart_max|0|ecart_moyen|0|n|5"
 5:33:27 "HMT|B150B|regard|18|ecart_max|0|ecart_moyen|0|n|5"
 5:33:28 "HMT|B150B|regard|18|ecart_max|0|ecart_moyen|0|n|5"
 5:33:29 "HMT|B150B|regard|18|ecart_max|0|ecart_moyen|0|n|5"
 5:33:30 "HMT|B150B|regard|18|ecart_max|0|ecart_moyen|0|n|5"
 5:33:31 "HMT|B150B|regard|18|ecart_max|0|ecart_moyen|0|n|5"
 5:33:32 "HMT|B150B|regard|18|ecart_max|0|ecart_moyen|0|n|5"
 5:33:33 "HMT|B150B|regard|18|ecart_max|0|ecart_moyen|0|n|5"
 5:33:34 "HMT|B150B|regard|18|ecart_max|0|ecart_moyen|0|n|5"
 5:33:35 "HMT|B150B|regard|18|ecart_max|0|ecart_moyen|0|n|5"
 5:33:36 "HMT|B150B|regard|18|ecart_max|0|ecart_moyen|0|n|5"
 5:33:37 "HMT|B150B|regard|18|ecart_max|0|ecart_moyen|0|n|5"
 5:33:38 "HMT|B150B|regard|18|ecart_max|0|ecart_moyen|0|n|5"
 5:33:39 "HMT|B150B|regard|18|ecart_max|0|ecart_moyen|0|n|5"
 5:33:40 "HMT|B150B|regard|18|ecart_max|0|ecart_moyen|0|n|5"
 5:33:41 "HMT|B150B|regard|18|ecart_max|0|ecart_moyen|0|n|5"
 5:33:42 "HMT|B150B|regard|18|ecart_max|0|ecart_moyen|0|n|5"
 5:33:43 "HMT|B150B|regard|18|ecart_max|0|ecart_moyen|0|n|5"
 5:33:44 "HMT|B150B|regard|18|ecart_max|0|ecart_moyen|0|n|5"
 5:33:45 "HMT|B150B|regard|18|ecart_max|0|ecart_moyen|0|n|5"
 5:33:46 "HMT|B150B|regard|18|ecart_max|0|ecart_moyen|0|n|5"
 5:33:47 "HMT|B150B|regard|18|ecart_max|0|ecart_moyen|0|n|5"
 5:33:48 "HMT|B150B|regard|18|ecart_max|0|ecart_moyen|0|n|5"
 5:33:49 "HMT|B150B|regard|18|ecart_max|0|ecart_moyen|0|n|5"
 5:33:50 "HMT|B150B|regard|18|ecart_max|0|ecart_moyen|0|n|5"
 5:33:51 "HMT|B150B|regard|18|ecart_max|0|ecart_moyen|0|n|5"
 5:33:52 "HMT|B150B|regard|18|ecart_max|0|ecart_moyen|0|n|5"
 5:33:53 "HMT|B150B|regard|18|ecart_max|0|ecart_moyen|0|n|5"
 5:33:54 "HMT|B150B|regard|18|ecart_max|0|ecart_moyen|0|n|5"
 5:33:55 "HMT|B150B|regard|18|ecart_max|0|ecart_moyen|0|n|5"
 5:33:56 "HMT|B150B|regard|18|ecart_max|0|ecart_moyen|0|n|5"
 5:33:57 "HMT|B150B|regard|18|ecart_max|0|ecart_moyen|0|n|5"
 5:33:58 "HMT|B150B|regard|18|ecart_max|0|ecart_moyen|0|n|5"
 5:33:59 "HMT|B150B|regard|18|ecart_max|0|ecart_moyen|0|n|5"
 5:34:00 "HMT|B150B|regard|18|ecart_max|0|ecart_moyen|0|n|5"
 5:34:01 "HMT|B150B|regard|18|ecart_max|0|ecart_moyen|0|n|5"
 5:34:02 "HMT|B150B|regard|18|ecart_max|0|ecart_moyen|0|n|5"
 5:34:03 "HMT|B150B|regard|18|ecart_max|0|ecart_moyen|0|n|5"
 5:34:04 "HMT|B150B|regard|18|ecart_max|0|ecart_moyen|0|n|5"
 5:34:05 "HMT|B150B|regard|18|ecart_max|0|ecart_moyen|0|n|5"
 5:34:06 "HMT|B150B|regard|18|ecart_max|0|ecart_moyen|0|n|5"
 5:34:07 "HMT|B150B|regard|18|ecart_max|0|ecart_moyen|0|n|5"
 5:34:08 "HMT|B150B|regard|18|ecart_max|0|ecart_moyen|0|n|5"
 5:34:09 "HMT|B150B|regard|18|ecart_max|0|ecart_moyen|0|n|5"
 5:34:10 "HMT|B150B|regard|18|ecart_max|0|ecart_moyen|0|n|5"
 5:34:11 "HMT|B150B|regard|18|ecart_max|0|ecart_moyen|0|n|5"
 5:34:12 "HMT|B150B|regard|18|ecart_max|0|ecart_moyen|0|n|5"
 5:34:13 "HMT|B150B|regard|18|ecart_max|0|ecart_moyen|0|n|5"
 5:34:14 "HMT|B150B|regard|18|ecart_max|0|ecart_moyen|0|n|5"
 5:34:15 "HMT|B150B|regard|18|ecart_max|0|ecart_moyen|0|n|5"
 5:34:16 "HMT|B150B|regard|18|ecart_max|0|ecart_moyen|0|n|5"
 5:34:17 "HMT|B150B|regard|18|ecart_max|0|ecart_moyen|0|n|5"
 5:34:18 "HMT|B150B|regard|18|ecart_max|0|ecart_moyen|0|n|5"
 5:34:20 "HMT|B150B|regard|18|ecart_max|0|ecart_moyen|0|n|5"
 5:34:21 "HMT|B150B|regard|18|ecart_max|0|ecart_moyen|0|n|5"
 5:34:22 "HMT|B150B|regard|18|ecart_max|0|ecart_moyen|0|n|5"
 5:34:23 "HMT|B150B|regard|18|ecart_max|0|ecart_moyen|0|n|5"
 5:34:24 "HMT|B150B|regard|18|ecart_max|0|ecart_moyen|0|n|5"
 5:34:25 "HMT|B150B|regard|18|ecart_max|0|ecart_moyen|0|n|5"
 5:34:26 "HMT|B150B|regard|18|ecart_max|0|ecart_moyen|0|n|5"
 5:34:27 "HMT|B150B|regard|18|ecart_max|0|ecart_moyen|0|n|5"
 5:34:28 "HMT|B150B|regard|18|ecart_max|0|ecart_moyen|0|n|5"
 5:34:29 "HMT|B150B|regard|18|ecart_max|0|ecart_moyen|0|n|5"
 5:34:30 "HMT|B150B|regard|18|ecart_max|0|ecart_moyen|0|n|5"
 5:34:31 "HMT|B150B|regard|18|ecart_max|0|ecart_moyen|0|n|5"
 5:34:32 "HMT|B150B|regard|18|ecart_max|0|ecart_moyen|0|n|5"
 5:34:33 "HMT|B150B|regard|18|ecart_max|0|ecart_moyen|0|n|5"
 5:34:34 "HMT|B150B|regard|18|ecart_max|0|ecart_moyen|0|n|5"
 5:34:35 "HMT|B150B|regard|18|ecart_max|0|ecart_moyen|0|n|5"
 5:34:36 "HMT|B150B|regard|18|ecart_max|0|ecart_moyen|0|n|5"
 5:34:37 "HMT|B150B|regard|18|ecart_max|0|ecart_moyen|0|n|5"
 5:34:38 "HMT|B150B|regard|18|ecart_max|0|ecart_moyen|0|n|5"
 5:34:39 "HMT|B150B|regard|18|ecart_max|0|ecart_moyen|0|n|5"
 5:34:40 "HMT|B150B|regard|18|ecart_max|0|ecart_moyen|0|n|5"
 5:34:41 "HMT|B150B|regard|18|ecart_max|0|ecart_moyen|0|n|5"
 5:34:42 "HMT|B150B|regard|18|ecart_max|0|ecart_moyen|0|n|5"
 5:34:43 "HMT|B150B|regard|18|ecart_max|0|ecart_moyen|0|n|5"
 5:34:44 "HMT|B150B|regard|18|ecart_max|0|ecart_moyen|0|n|5"
 5:34:45 "HMT|B150B|regard|18|ecart_max|0|ecart_moyen|0|n|5"
 5:34:46 "HMT|B150B|regard|18|ecart_max|0|ecart_moyen|0|n|5"
 5:34:47 "HMT|B150B|regard|18|ecart_max|0|ecart_moyen|0|n|5"
 5:34:48 "HMT|B150B|regard|18|ecart_max|0|ecart_moyen|0|n|5"
 5:34:49 "HMT|B150B|regard|18|ecart_max|0|ecart_moyen|0|n|5"
 5:34:50 "HMT|B150B|regard|18|ecart_max|0|ecart_moyen|0|n|5"
 5:34:51 "HMT|B150B|regard|18|ecart_max|0|ecart_moyen|0|n|5"
 5:34:52 "HMT|B150B|regard|18|ecart_max|0|ecart_moyen|0|n|5"
 5:34:53 "HMT|B150B|regard|18|ecart_max|0|ecart_moyen|0|n|5"
 5:34:54 "HMT|B150B|regard|18|ecart_max|0|ecart_moyen|0|n|5"
 5:34:55 "HMT|B150B|regard|18|ecart_max|0|ecart_moyen|0|n|5"
 5:34:56 "HMT|B150B|regard|18|ecart_max|0|ecart_moyen|0|n|5"
 5:34:57 "HMT|B150B|regard|18|ecart_max|0|ecart_moyen|0|n|5"
 5:34:58 "HMT|B150B|regard|18|ecart_max|0|ecart_moyen|0|n|5"
 5:34:59 "HMT|B150B|regard|18|ecart_max|0|ecart_moyen|0|n|5"
 5:35:00 "HMT|B150B|regard|18|ecart_max|0|ecart_moyen|0|n|5"
 5:35:01 "HMT|B150B|regard|18|ecart_max|0|ecart_moyen|0|n|5"
 5:35:02 "HMT|B150B|regard|18|ecart_max|0|ecart_moyen|0|n|5"
 5:35:03 "HMT|B150B|regard|18|ecart_max|0|ecart_moyen|0|n|5"
 5:35:04 "HMT|B150B|regard|18|ecart_max|0|ecart_moyen|0|n|5"
 5:35:05 "HMT|B150B|regard|18|ecart_max|0|ecart_moyen|0|n|5"
 5:35:06 "HMT|B150B|regard|18|ecart_max|0|ecart_moyen|0|n|5"
 5:35:07 "HMT|B150B|regard|18|ecart_max|0|ecart_moyen|0|n|5"
 5:35:08 "HMT|B150B|regard|18|ecart_max|0|ecart_moyen|0|n|5"
 5:35:09 "HMT|B150B|regard|18|ecart_max|0|ecart_moyen|0|n|5"
 5:35:10 "HMT|B150B|regard|18|ecart_max|0|ecart_moyen|0|n|5"
 5:35:11 "HMT|B150B|regard|18|ecart_max|0|ecart_moyen|0|n|5"
 5:35:12 "HMT|B150B|regard|18|ecart_max|0|ecart_moyen|0|n|5"
 5:35:13 "HMT|B150B|regard|18|ecart_max|0|ecart_moyen|0|n|5"
 5:35:14 "HMT|B150B|essai|18|oracle|know|4|reste|40|jalons|[1,0,0,0]|points|104|couche|0"
 5:35:14 "HMT|B150B|regard|18|ecart_max|0|ecart_moyen|0|n|5"
 5:35:15 "HMT|B150B|regard|18|ecart_max|0|ecart_moyen|0|n|5"
 5:35:16 "HMT|B150B|regard|18|ecart_max|0|ecart_moyen|0|n|5"
 5:35:17 "HMT|B150B|regard|18|ecart_max|0|ecart_moyen|0|n|5"
 5:35:18 "HMT|B150B|regard|18|ecart_max|0|ecart_moyen|0|n|5"
 5:35:19 "HMT|B150B|regard|18|ecart_max|0|ecart_moyen|0|n|5"
 5:35:20 "HMT|B150B|regard|18|ecart_max|0|ecart_moyen|0|n|5"
 5:35:21 "HMT|B150B|regard|18|ecart_max|0|ecart_moyen|0|n|5"
 5:35:22 "HMT|B150B|regard|18|ecart_max|0|ecart_moyen|0|n|5"
 5:35:23 "HMT|B150B|regard|18|ecart_max|0|ecart_moyen|0|n|5"
 5:35:24 "HMT|B150B|regard|18|ecart_max|0|ecart_moyen|0|n|5"
 5:35:25 "HMT|B150B|regard|18|ecart_max|0|ecart_moyen|0|n|5"
 5:35:26 "HMT|B150B|regard|18|ecart_max|0|ecart_moyen|0|n|5"
 5:35:27 "HMT|B150B|regard|18|ecart_max|0|ecart_moyen|0|n|5"
 5:35:28 "HMT|B150B|regard|18|ecart_max|0|ecart_moyen|0|n|5"
 5:35:29 "HMT|B150B|regard|18|ecart_max|0|ecart_moyen|0|n|5"
 5:35:31 "HMT|B150B|regard|18|ecart_max|0|ecart_moyen|0|n|5"
 5:35:32 "HMT|B150B|regard|18|ecart_max|0|ecart_moyen|0|n|5"
 5:35:33 "HMT|B150B|regard|18|ecart_max|0|ecart_moyen|0|n|5"
 5:35:34 "HMT|B150B|regard|18|ecart_max|0|ecart_moyen|0|n|5"
 5:35:35 "HMT|B150B|regard|18|ecart_max|0|ecart_moyen|0|n|5"
 5:35:36 "HMT|B150B|regard|18|ecart_max|0|ecart_moyen|0|n|5"
 5:35:37 "HMT|B150B|regard|18|ecart_max|0|ecart_moyen|0|n|5"
 5:35:38 "HMT|B150B|regard|18|ecart_max|0|ecart_moyen|0|n|5"
 5:35:39 "HMT|B150B|regard|18|ecart_max|0|ecart_moyen|0|n|5"
 5:35:40 "HMT|B150B|regard|18|ecart_max|0|ecart_moyen|0|n|5"
 5:35:41 "HMT|B150B|regard|18|ecart_max|0|ecart_moyen|0|n|5"
 5:35:42 "HMT|B150B|regard|18|ecart_max|0|ecart_moyen|0|n|5"
 5:35:43 "HMT|B150B|regard|18|ecart_max|0|ecart_moyen|0|n|5"
 5:35:44 "HMT|B150B|regard|18|ecart_max|0|ecart_moyen|0|n|5"
 5:35:45 "HMT|B150B|regard|18|ecart_max|0|ecart_moyen|0|n|5"
 5:35:46 "HMT|B150B|regard|18|ecart_max|0|ecart_moyen|0|n|5"
 5:35:47 "HMT|B150B|regard|18|ecart_max|0|ecart_moyen|0|n|5"
 5:35:48 "HMT|B150B|regard|18|ecart_max|0|ecart_moyen|0|n|5"
 5:35:49 "HMT|B150B|regard|18|ecart_max|0|ecart_moyen|0|n|5"
 5:35:50 "HMT|B150B|regard|18|ecart_max|0|ecart_moyen|0|n|5"
 5:35:51 "HMT|B150B|regard|18|ecart_max|0|ecart_moyen|0|n|5"
 5:35:52 "HMT|B150B|regard|18|ecart_max|0|ecart_moyen|0|n|5"
 5:35:53 "HMT|B150B|regard|18|ecart_max|0|ecart_moyen|0|n|5"
 5:35:54 "HMT|B150B|regard|18|ecart_max|0|ecart_moyen|0|n|5"
 5:35:55 "HMT|B150B|regard|18|ecart_max|0|ecart_moyen|0|n|5"
 5:35:56 "HMT|B150B|regard|18|ecart_max|0|ecart_moyen|0|n|5"
 5:35:57 "HMT|B150B|regard|18|ecart_max|0|ecart_moyen|0|n|5"
 5:35:57 "HMT|B150B|essai|18|oracle_libre|know|4|reste|40|jalons|[1,0,0,0]|points|31|couche|0"
 5:35:58 "HMT|B150B|regard|18|ecart_max|0|ecart_moyen|0|n|5"
 5:35:59 "HMT|B150B|regard|18|ecart_max|0|ecart_moyen|0|n|5"
 5:36:00 "HMT|B150B|regard|18|ecart_max|0|ecart_moyen|0|n|5"
 5:36:01 "HMT|B150B|regard|18|ecart_max|0|ecart_moyen|0|n|5"
 5:36:04 "HMT|B150B|regard|19|ecart_max|0|ecart_moyen|0|n|8"
 5:36:05 "HMT|B150B|regard|19|ecart_max|0|ecart_moyen|0|n|8"
 5:36:06 "HMT|B150B|regard|19|ecart_max|0|ecart_moyen|0|n|8"
 5:36:07 "HMT|B150B|regard|19|ecart_max|0|ecart_moyen|0|n|8"
 5:36:08 "HMT|B150B|config|19|defenseurs|8|derive_max|0.8|caps|[283,222,222,222,222,222,160,222]"
 5:36:08 "HMT|B150B|regard|19|ecart_max|0|ecart_moyen|0|n|8"
 5:36:09 "HMT|B150B|regard|19|ecart_max|0|ecart_moyen|0|n|8"
 5:36:10 "HMT|B150B|regard|19|ecart_max|0|ecart_moyen|0|n|8"
 5:36:11 "HMT|B150B|regard|19|ecart_max|0|ecart_moyen|0|n|8"
 5:36:12 "HMT|B150B|regard|19|ecart_max|0|ecart_moyen|0|n|8"
 5:36:13 "HMT|B150B|regard|19|ecart_max|0|ecart_moyen|0|n|8"
 5:36:15 "HMT|B150B|regard|19|ecart_max|0|ecart_moyen|0|n|8"
 5:36:16 "HMT|B150B|regard|19|ecart_max|0|ecart_moyen|0|n|8"
 5:36:17 "HMT|B150B|regard|19|ecart_max|0|ecart_moyen|0|n|8"
 5:36:18 "HMT|B150B|regard|19|ecart_max|0|ecart_moyen|0|n|8"
 5:36:19 "HMT|B150B|regard|19|ecart_max|0|ecart_moyen|0|n|8"
 5:36:20 "HMT|B150B|regard|19|ecart_max|0|ecart_moyen|0|n|8"
 5:36:21 "HMT|B150B|regard|19|ecart_max|0|ecart_moyen|0|n|8"
 5:36:22 "HMT|B150B|regard|19|ecart_max|0|ecart_moyen|0|n|8"
 5:36:23 "HMT|B150B|regard|19|ecart_max|0|ecart_moyen|0|n|8"
 5:36:24 "HMT|B150B|regard|19|ecart_max|0|ecart_moyen|0|n|8"
 5:36:25 "HMT|B150B|regard|19|ecart_max|0|ecart_moyen|0|n|8"
 5:36:26 "HMT|B150B|regard|19|ecart_max|0|ecart_moyen|0|n|8"
 5:36:27 "HMT|B150B|regard|19|ecart_max|0|ecart_moyen|0|n|8"
 5:36:28 "HMT|B150B|regard|19|ecart_max|0|ecart_moyen|0|n|8"
 5:36:29 "HMT|B150B|regard|19|ecart_max|0|ecart_moyen|0|n|8"
 5:36:30 "HMT|B150B|regard|19|ecart_max|0|ecart_moyen|0|n|8"
 5:36:31 "HMT|B150B|regard|19|ecart_max|0|ecart_moyen|0|n|8"
 5:36:32 "HMT|B150B|regard|19|ecart_max|0|ecart_moyen|0|n|8"
 5:36:33 "HMT|B150B|regard|19|ecart_max|0|ecart_moyen|0|n|8"
 5:36:34 "HMT|B150B|regard|19|ecart_max|0|ecart_moyen|0|n|8"
 5:36:35 "HMT|B150B|regard|19|ecart_max|0|ecart_moyen|0|n|8"
 5:36:36 "HMT|B150B|regard|19|ecart_max|0|ecart_moyen|0|n|8"
 5:36:37 "HMT|B150B|regard|19|ecart_max|0|ecart_moyen|0|n|8"
 5:36:38 "HMT|B150B|regard|19|ecart_max|0|ecart_moyen|0|n|8"
 5:36:39 "HMT|B150B|regard|19|ecart_max|0|ecart_moyen|0|n|8"
 5:36:40 "HMT|B150B|regard|19|ecart_max|0|ecart_moyen|0|n|8"
 5:36:41 "HMT|B150B|regard|19|ecart_max|0|ecart_moyen|0|n|8"
 5:36:42 "HMT|B150B|regard|19|ecart_max|0|ecart_moyen|0|n|8"
 5:36:43 "HMT|B150B|regard|19|ecart_max|0|ecart_moyen|0|n|8"
 5:36:44 "HMT|B150B|regard|19|ecart_max|0|ecart_moyen|0|n|8"
 5:36:45 "HMT|B150B|regard|19|ecart_max|0|ecart_moyen|0|n|8"
 5:36:46 "HMT|B150B|essai|19|agent|know|4|reste|38|jalons|[1,1,0,0]|points|29|couche|0"
 5:36:46 "HMT|B150B|regard|19|ecart_max|0|ecart_moyen|0|n|8"
 5:36:47 "HMT|B150B|regard|19|ecart_max|0|ecart_moyen|0|n|8"
 5:36:48 "HMT|B150B|regard|19|ecart_max|0|ecart_moyen|0|n|8"
 5:36:49 "HMT|B150B|regard|19|ecart_max|0|ecart_moyen|0|n|8"
 5:36:50 "HMT|B150B|regard|19|ecart_max|0|ecart_moyen|0|n|8"
 5:36:51 "HMT|B150B|regard|19|ecart_max|0|ecart_moyen|0|n|8"
 5:36:52 "HMT|B150B|regard|19|ecart_max|0|ecart_moyen|0|n|8"
 5:36:53 "HMT|B150B|regard|19|ecart_max|0|ecart_moyen|0|n|8"
 5:36:54 "HMT|B150B|regard|19|ecart_max|0|ecart_moyen|0|n|8"
 5:36:55 "HMT|B150B|regard|19|ecart_max|0|ecart_moyen|0|n|8"
 5:36:56 "HMT|B150B|regard|19|ecart_max|0|ecart_moyen|0|n|8"
 5:36:57 "HMT|B150B|regard|19|ecart_max|0|ecart_moyen|0|n|8"
 5:36:58 "HMT|B150B|regard|19|ecart_max|0|ecart_moyen|0|n|8"
 5:36:59 "HMT|B150B|regard|19|ecart_max|0|ecart_moyen|0|n|8"
 5:37:00 "HMT|B150B|regard|19|ecart_max|0|ecart_moyen|0|n|8"
 5:37:01 "HMT|B150B|regard|19|ecart_max|0|ecart_moyen|0|n|8"
 5:37:02 "HMT|B150B|regard|19|ecart_max|0|ecart_moyen|0|n|8"
 5:37:03 "HMT|B150B|regard|19|ecart_max|0|ecart_moyen|0|n|8"
 5:37:04 "HMT|B150B|regard|19|ecart_max|0|ecart_moyen|0|n|8"
 5:37:05 "HMT|B150B|regard|19|ecart_max|0|ecart_moyen|0|n|8"
 5:37:06 "HMT|B150B|regard|19|ecart_max|0|ecart_moyen|0|n|8"
 5:37:07 "HMT|B150B|regard|19|ecart_max|0|ecart_moyen|0|n|8"
 5:37:08 "HMT|B150B|regard|19|ecart_max|0|ecart_moyen|0|n|8"
 5:37:09 "HMT|B150B|regard|19|ecart_max|0|ecart_moyen|0|n|8"
 5:37:10 "HMT|B150B|regard|19|ecart_max|0|ecart_moyen|0|n|8"
 5:37:11 "HMT|B150B|regard|19|ecart_max|0|ecart_moyen|0|n|8"
 5:37:12 "HMT|B150B|regard|19|ecart_max|0|ecart_moyen|0|n|8"
 5:37:13 "HMT|B150B|regard|19|ecart_max|0|ecart_moyen|0|n|8"
 5:37:14 "HMT|B150B|regard|19|ecart_max|0|ecart_moyen|0|n|8"
 5:37:15 "HMT|B150B|regard|19|ecart_max|0|ecart_moyen|0|n|8"
 5:37:16 "HMT|B150B|regard|19|ecart_max|0|ecart_moyen|0|n|8"
 5:37:17 "HMT|B150B|regard|19|ecart_max|0|ecart_moyen|0|n|8"
 5:37:18 "HMT|B150B|regard|19|ecart_max|0|ecart_moyen|0|n|8"
 5:37:19 "HMT|B150B|regard|19|ecart_max|0|ecart_moyen|0|n|8"
 5:37:20 "HMT|B150B|regard|19|ecart_max|0|ecart_moyen|0|n|8"
 5:37:21 "HMT|B150B|regard|19|ecart_max|0|ecart_moyen|0|n|8"
 5:37:22 "HMT|B150B|regard|19|ecart_max|0|ecart_moyen|0|n|8"
 5:37:23 "HMT|B150B|regard|19|ecart_max|0|ecart_moyen|0|n|8"
 5:37:24 "HMT|B150B|regard|19|ecart_max|0|ecart_moyen|0|n|8"
 5:37:26 "HMT|B150B|regard|19|ecart_max|0|ecart_moyen|0|n|8"
 5:37:27 "HMT|B150B|regard|19|ecart_max|0|ecart_moyen|0|n|8"
 5:37:27 "HMT|B150B|essai|19|droite|know|4|reste|40|jalons|[1,1,0,0]|points|29|couche|0"
 5:37:28 "HMT|B150B|regard|19|ecart_max|0|ecart_moyen|0|n|8"
 5:37:29 "HMT|B150B|regard|19|ecart_max|0|ecart_moyen|0|n|8"
 5:37:30 "HMT|B150B|regard|19|ecart_max|0|ecart_moyen|0|n|8"
 5:37:31 "HMT|B150B|regard|19|ecart_max|0|ecart_moyen|0|n|8"
 5:37:32 "HMT|B150B|regard|19|ecart_max|0|ecart_moyen|0|n|8"
 5:37:33 "HMT|B150B|regard|19|ecart_max|0|ecart_moyen|0|n|8"
 5:37:34 "HMT|B150B|regard|19|ecart_max|0|ecart_moyen|0|n|8"
 5:37:35 "HMT|B150B|regard|19|ecart_max|0|ecart_moyen|0|n|8"
 5:37:36 "HMT|B150B|regard|19|ecart_max|0|ecart_moyen|0|n|8"
 5:37:37 "HMT|B150B|regard|19|ecart_max|0|ecart_moyen|0|n|8"
 5:37:38 "HMT|B150B|regard|19|ecart_max|0|ecart_moyen|0|n|8"
 5:37:39 "HMT|B150B|regard|19|ecart_max|0|ecart_moyen|0|n|8"
 5:37:40 "HMT|B150B|regard|19|ecart_max|0|ecart_moyen|0|n|8"
 5:37:41 "HMT|B150B|regard|19|ecart_max|0|ecart_moyen|0|n|8"
 5:37:42 "HMT|B150B|regard|19|ecart_max|0|ecart_moyen|0|n|8"
 5:37:43 "HMT|B150B|regard|19|ecart_max|0|ecart_moyen|0|n|8"
 5:37:44 "HMT|B150B|regard|19|ecart_max|0|ecart_moyen|0|n|8"
 5:37:45 "HMT|B150B|regard|19|ecart_max|0|ecart_moyen|0|n|8"
 5:37:46 "HMT|B150B|regard|19|ecart_max|0|ecart_moyen|0|n|8"
 5:37:47 "HMT|B150B|regard|19|ecart_max|0|ecart_moyen|0|n|8"
 5:37:48 "HMT|B150B|regard|19|ecart_max|0|ecart_moyen|0|n|8"
 5:37:49 "HMT|B150B|regard|19|ecart_max|0|ecart_moyen|0|n|8"
 5:37:50 "HMT|B150B|regard|19|ecart_max|0|ecart_moyen|0|n|8"
 5:37:51 "HMT|B150B|regard|19|ecart_max|0|ecart_moyen|0|n|8"
 5:37:52 "HMT|B150B|regard|19|ecart_max|0|ecart_moyen|0|n|8"
 5:37:53 "HMT|B150B|regard|19|ecart_max|0|ecart_moyen|0|n|8"
 5:37:54 "HMT|B150B|regard|19|ecart_max|0|ecart_moyen|0|n|8"
 5:37:55 "HMT|B150B|regard|19|ecart_max|0|ecart_moyen|0|n|8"
 5:37:56 "HMT|B150B|regard|19|ecart_max|0|ecart_moyen|0|n|8"
 5:37:57 "HMT|B150B|regard|19|ecart_max|0|ecart_moyen|0|n|8"
 5:37:58 "HMT|B150B|regard|19|ecart_max|0|ecart_moyen|0|n|8"
 5:37:59 "HMT|B150B|regard|19|ecart_max|0|ecart_moyen|0|n|8"
 5:38:00 "HMT|B150B|regard|19|ecart_max|0|ecart_moyen|0|n|8"
 5:38:01 "HMT|B150B|regard|19|ecart_max|0|ecart_moyen|0|n|8"
 5:38:02 "HMT|B150B|regard|19|ecart_max|0|ecart_moyen|0|n|8"
 5:38:03 "HMT|B150B|regard|19|ecart_max|0|ecart_moyen|0|n|8"
 5:38:04 "HMT|B150B|regard|19|ecart_max|0|ecart_moyen|0|n|8"
 5:38:05 "HMT|B150B|regard|19|ecart_max|0|ecart_moyen|0|n|8"
 5:38:06 "HMT|B150B|regard|19|ecart_max|0|ecart_moyen|0|n|8"
 5:38:07 "HMT|B150B|regard|19|ecart_max|0|ecart_moyen|0|n|8"
 5:38:08 "HMT|B150B|essai|19|droite_bis|know|4|reste|40|jalons|[1,1,0,0]|points|29|couche|0"
 5:38:08 "HMT|B150B|regard|19|ecart_max|0|ecart_moyen|0|n|8"
 5:38:09 "HMT|B150B|regard|19|ecart_max|0|ecart_moyen|0|n|8"
 5:38:10 "HMT|B150B|regard|19|ecart_max|0|ecart_moyen|0|n|8"
 5:38:11 "HMT|B150B|regard|19|ecart_max|0|ecart_moyen|0|n|8"
 5:38:12 "HMT|B150B|regard|19|ecart_max|0|ecart_moyen|0|n|8"
 5:38:13 "HMT|B150B|regard|19|ecart_max|0|ecart_moyen|0|n|8"
 5:38:14 "HMT|B150B|regard|19|ecart_max|0|ecart_moyen|0|n|8"
 5:38:15 "HMT|B150B|regard|19|ecart_max|0|ecart_moyen|0|n|8"
 5:38:16 "HMT|B150B|regard|19|ecart_max|0|ecart_moyen|0|n|8"
 5:38:17 "HMT|B150B|regard|19|ecart_max|0|ecart_moyen|0|n|8"
 5:38:18 "HMT|B150B|regard|19|ecart_max|0|ecart_moyen|0|n|8"
 5:38:19 "HMT|B150B|regard|19|ecart_max|0|ecart_moyen|0|n|8"
 5:38:20 "HMT|B150B|regard|19|ecart_max|0|ecart_moyen|0|n|8"
 5:38:21 "HMT|B150B|regard|19|ecart_max|0|ecart_moyen|0|n|8"
 5:38:22 "HMT|B150B|regard|19|ecart_max|0|ecart_moyen|0|n|8"
 5:38:23 "HMT|B150B|regard|19|ecart_max|0|ecart_moyen|0|n|8"
 5:38:24 "HMT|B150B|regard|19|ecart_max|0|ecart_moyen|0|n|8"
 5:38:25 "HMT|B150B|regard|19|ecart_max|0|ecart_moyen|0|n|8"
 5:38:26 "HMT|B150B|regard|19|ecart_max|0|ecart_moyen|0|n|8"
 5:38:27 "HMT|B150B|regard|19|ecart_max|0|ecart_moyen|0|n|8"
 5:38:28 "HMT|B150B|regard|19|ecart_max|0|ecart_moyen|0|n|8"
 5:38:29 "HMT|B150B|regard|19|ecart_max|0|ecart_moyen|0|n|8"
 5:38:30 "HMT|B150B|regard|19|ecart_max|0|ecart_moyen|0|n|8"
 5:38:31 "HMT|B150B|regard|19|ecart_max|0|ecart_moyen|0|n|8"
 5:38:32 "HMT|B150B|regard|19|ecart_max|0|ecart_moyen|0|n|8"
 5:38:33 "HMT|B150B|regard|19|ecart_max|0|ecart_moyen|0|n|8"
 5:38:35 "HMT|B150B|regard|19|ecart_max|0|ecart_moyen|0|n|8"
 5:38:36 "HMT|B150B|regard|19|ecart_max|0|ecart_moyen|0|n|8"
 5:38:37 "HMT|B150B|regard|19|ecart_max|0|ecart_moyen|0|n|8"
 5:38:38 "HMT|B150B|regard|19|ecart_max|0|ecart_moyen|0|n|8"
 5:38:39 "HMT|B150B|regard|19|ecart_max|0|ecart_moyen|0|n|8"
 5:38:40 "HMT|B150B|regard|19|ecart_max|0|ecart_moyen|0|n|8"
 5:38:41 "HMT|B150B|regard|19|ecart_max|0|ecart_moyen|0|n|8"
 5:38:42 "HMT|B150B|regard|19|ecart_max|0|ecart_moyen|0|n|8"
 5:38:43 "HMT|B150B|regard|19|ecart_max|0|ecart_moyen|0|n|8"
 5:38:44 "HMT|B150B|regard|19|ecart_max|0|ecart_moyen|0|n|8"
 5:38:45 "HMT|B150B|regard|19|ecart_max|0|ecart_moyen|0|n|8"
 5:38:46 "HMT|B150B|regard|19|ecart_max|0|ecart_moyen|0|n|8"
 5:38:47 "HMT|B150B|regard|19|ecart_max|0|ecart_moyen|0|n|8"
 5:38:48 "HMT|B150B|regard|19|ecart_max|0|ecart_moyen|0|n|8"
 5:38:49 "HMT|B150B|regard|19|ecart_max|0|ecart_moyen|0|n|8"
 5:38:50 "HMT|B150B|regard|19|ecart_max|0|ecart_moyen|0|n|8"
 5:38:51 "HMT|B150B|regard|19|ecart_max|0|ecart_moyen|0|n|8"
 5:38:52 "HMT|B150B|regard|19|ecart_max|0|ecart_moyen|0|n|8"
 5:38:53 "HMT|B150B|regard|19|ecart_max|0|ecart_moyen|0|n|8"
 5:38:54 "HMT|B150B|regard|19|ecart_max|0|ecart_moyen|0|n|8"
 5:38:55 "HMT|B150B|regard|19|ecart_max|0|ecart_moyen|0|n|8"
 5:38:56 "HMT|B150B|regard|19|ecart_max|0|ecart_moyen|0|n|8"
 5:38:57 "HMT|B150B|regard|19|ecart_max|0|ecart_moyen|0|n|8"
 5:38:58 "HMT|B150B|regard|19|ecart_max|0|ecart_moyen|0|n|8"
 5:38:59 "HMT|B150B|regard|19|ecart_max|0|ecart_moyen|0|n|8"
 5:39:00 "HMT|B150B|regard|19|ecart_max|0|ecart_moyen|0|n|8"
 5:39:01 "HMT|B150B|regard|19|ecart_max|0|ecart_moyen|0|n|8"
 5:39:02 "HMT|B150B|regard|19|ecart_max|0|ecart_moyen|0|n|8"
 5:39:03 "HMT|B150B|regard|19|ecart_max|0|ecart_moyen|0|n|8"
 5:39:04 "HMT|B150B|regard|19|ecart_max|0|ecart_moyen|0|n|8"
 5:39:05 "HMT|B150B|regard|19|ecart_max|0|ecart_moyen|0|n|8"
 5:39:06 "HMT|B150B|regard|19|ecart_max|0|ecart_moyen|0|n|8"
 5:39:07 "HMT|B150B|regard|19|ecart_max|0|ecart_moyen|0|n|8"
 5:39:08 "HMT|B150B|regard|19|ecart_max|0|ecart_moyen|0|n|8"
 5:39:09 "HMT|B150B|regard|19|ecart_max|0|ecart_moyen|0|n|8"
 5:39:10 "HMT|B150B|regard|19|ecart_max|0|ecart_moyen|0|n|8"
 5:39:11 "HMT|B150B|regard|19|ecart_max|0|ecart_moyen|0|n|8"
 5:39:12 "HMT|B150B|regard|19|ecart_max|0|ecart_moyen|0|n|8"
 5:39:13 "HMT|B150B|regard|19|ecart_max|0|ecart_moyen|0|n|8"
 5:39:14 "HMT|B150B|regard|19|ecart_max|0|ecart_moyen|0|n|8"
 5:39:15 "HMT|B150B|regard|19|ecart_max|0|ecart_moyen|0|n|8"
 5:39:16 "HMT|B150B|regard|19|ecart_max|0|ecart_moyen|0|n|8"
 5:39:17 "HMT|B150B|regard|19|ecart_max|0|ecart_moyen|0|n|8"
 5:39:18 "HMT|B150B|regard|19|ecart_max|0|ecart_moyen|0|n|8"
 5:39:19 "HMT|B150B|regard|19|ecart_max|0|ecart_moyen|0|n|8"
 5:39:20 "HMT|B150B|regard|19|ecart_max|0|ecart_moyen|0|n|8"
 5:39:21 "HMT|B150B|regard|19|ecart_max|0|ecart_moyen|0|n|8"
 5:39:22 "HMT|B150B|regard|19|ecart_max|0|ecart_moyen|0|n|8"
 5:39:23 "HMT|B150B|regard|19|ecart_max|0|ecart_moyen|0|n|8"
 5:39:24 "HMT|B150B|regard|19|ecart_max|0|ecart_moyen|0|n|8"
 5:39:25 "HMT|B150B|regard|19|ecart_max|0|ecart_moyen|0|n|8"
 5:39:26 "HMT|B150B|regard|19|ecart_max|0|ecart_moyen|0|n|8"
 5:39:27 "HMT|B150B|regard|19|ecart_max|0|ecart_moyen|0|n|8"
 5:39:28 "HMT|B150B|regard|19|ecart_max|0|ecart_moyen|0|n|8"
 5:39:29 "HMT|B150B|regard|19|ecart_max|0|ecart_moyen|0|n|8"
 5:39:30 "HMT|B150B|regard|19|ecart_max|0|ecart_moyen|0|n|8"
 5:39:31 "HMT|B150B|regard|19|ecart_max|0|ecart_moyen|0|n|8"
 5:39:32 "HMT|B150B|regard|19|ecart_max|0|ecart_moyen|0|n|8"
 5:39:33 "HMT|B150B|regard|19|ecart_max|0|ecart_moyen|0|n|8"
 5:39:34 "HMT|B150B|regard|19|ecart_max|0|ecart_moyen|0|n|8"
 5:39:35 "HMT|B150B|regard|19|ecart_max|0|ecart_moyen|0|n|8"
 5:39:36 "HMT|B150B|regard|19|ecart_max|0|ecart_moyen|0|n|8"
 5:39:37 "HMT|B150B|regard|19|ecart_max|0|ecart_moyen|0|n|8"
 5:39:38 "HMT|B150B|regard|19|ecart_max|0|ecart_moyen|0|n|8"
 5:39:39 "HMT|B150B|regard|19|ecart_max|0|ecart_moyen|0|n|8"
 5:39:40 "HMT|B150B|regard|19|ecart_max|0|ecart_moyen|0|n|8"
 5:39:41 "HMT|B150B|regard|19|ecart_max|0|ecart_moyen|0|n|8"
 5:39:42 "HMT|B150B|regard|19|ecart_max|0|ecart_moyen|0|n|8"
 5:39:43 "HMT|B150B|regard|19|ecart_max|0|ecart_moyen|0|n|8"
 5:39:44 "HMT|B150B|regard|19|ecart_max|0|ecart_moyen|0|n|8"
 5:39:45 "HMT|B150B|regard|19|ecart_max|0|ecart_moyen|0|n|8"
 5:39:46 "HMT|B150B|regard|19|ecart_max|0|ecart_moyen|0|n|8"
 5:39:47 "HMT|B150B|regard|19|ecart_max|0|ecart_moyen|0|n|8"
 5:39:49 "HMT|B150B|regard|19|ecart_max|0|ecart_moyen|0|n|8"
 5:39:50 "HMT|B150B|regard|19|ecart_max|0|ecart_moyen|0|n|8"
 5:39:51 "HMT|B150B|regard|19|ecart_max|0|ecart_moyen|0|n|8"
 5:39:52 "HMT|B150B|regard|19|ecart_max|0|ecart_moyen|0|n|8"
 5:39:53 "HMT|B150B|regard|19|ecart_max|0|ecart_moyen|0|n|8"
 5:39:54 "HMT|B150B|regard|19|ecart_max|0|ecart_moyen|0|n|8"
 5:39:55 "HMT|B150B|regard|19|ecart_max|0|ecart_moyen|0|n|8"
 5:39:56 "HMT|B150B|regard|19|ecart_max|0|ecart_moyen|0|n|8"
 5:39:57 "HMT|B150B|regard|19|ecart_max|0|ecart_moyen|0|n|8"
 5:39:58 "HMT|B150B|regard|19|ecart_max|0|ecart_moyen|0|n|8"
 5:39:59 "HMT|B150B|regard|19|ecart_max|0|ecart_moyen|0|n|8"
 5:40:00 "HMT|B150B|regard|19|ecart_max|0|ecart_moyen|0|n|8"
 5:40:01 "HMT|B150B|regard|19|ecart_max|0|ecart_moyen|0|n|8"
 5:40:02 "HMT|B150B|regard|19|ecart_max|0|ecart_moyen|0|n|8"
 5:40:03 "HMT|B150B|regard|19|ecart_max|0|ecart_moyen|0|n|8"
 5:40:04 "HMT|B150B|regard|19|ecart_max|0|ecart_moyen|0|n|8"
 5:40:05 "HMT|B150B|regard|19|ecart_max|0|ecart_moyen|0|n|8"
 5:40:06 "HMT|B150B|regard|19|ecart_max|0|ecart_moyen|0|n|8"
 5:40:07 "HMT|B150B|regard|19|ecart_max|0|ecart_moyen|0|n|8"
 5:40:08 "HMT|B150B|regard|19|ecart_max|0|ecart_moyen|0|n|8"
 5:40:09 "HMT|B150B|regard|19|ecart_max|0|ecart_moyen|0|n|8"
 5:40:10 "HMT|B150B|regard|19|ecart_max|0|ecart_moyen|0|n|8"
 5:40:11 "HMT|B150B|regard|19|ecart_max|0|ecart_moyen|0|n|8"
 5:40:12 "HMT|B150B|essai|19|oracle|know|4|reste|39|jalons|[0,0,0,0]|points|97|couche|0"
 5:40:12 "HMT|B150B|regard|19|ecart_max|0|ecart_moyen|0|n|8"
 5:40:13 "HMT|B150B|regard|19|ecart_max|0|ecart_moyen|0|n|8"
 5:40:14 "HMT|B150B|regard|19|ecart_max|0|ecart_moyen|0|n|8"
 5:40:15 "HMT|B150B|regard|19|ecart_max|0|ecart_moyen|0|n|8"
 5:40:16 "HMT|B150B|regard|19|ecart_max|0|ecart_moyen|0|n|8"
 5:40:17 "HMT|B150B|regard|19|ecart_max|0|ecart_moyen|0|n|8"
 5:40:18 "HMT|B150B|regard|19|ecart_max|0|ecart_moyen|0|n|8"
 5:40:19 "HMT|B150B|regard|19|ecart_max|0|ecart_moyen|0|n|8"
 5:40:20 "HMT|B150B|regard|19|ecart_max|0|ecart_moyen|0|n|8"
 5:40:21 "HMT|B150B|regard|19|ecart_max|0|ecart_moyen|0|n|8"
 5:40:22 "HMT|B150B|regard|19|ecart_max|0|ecart_moyen|0|n|8"
 5:40:23 "HMT|B150B|regard|19|ecart_max|0|ecart_moyen|0|n|8"
 5:40:24 "HMT|B150B|regard|19|ecart_max|0|ecart_moyen|0|n|8"
 5:40:25 "HMT|B150B|regard|19|ecart_max|0|ecart_moyen|0|n|8"
 5:40:26 "HMT|B150B|regard|19|ecart_max|0|ecart_moyen|0|n|8"
 5:40:27 "HMT|B150B|regard|19|ecart_max|0|ecart_moyen|0|n|8"
 5:40:28 "HMT|B150B|regard|19|ecart_max|0|ecart_moyen|0|n|8"
 5:40:29 "HMT|B150B|regard|19|ecart_max|0|ecart_moyen|0|n|8"
 5:40:30 "HMT|B150B|regard|19|ecart_max|0|ecart_moyen|0|n|8"
 5:40:31 "HMT|B150B|regard|19|ecart_max|0|ecart_moyen|0|n|8"
 5:40:32 "HMT|B150B|regard|19|ecart_max|0|ecart_moyen|0|n|8"
 5:40:33 "HMT|B150B|regard|19|ecart_max|0|ecart_moyen|0|n|8"
 5:40:34 "HMT|B150B|regard|19|ecart_max|0|ecart_moyen|0|n|8"
 5:40:35 "HMT|B150B|regard|19|ecart_max|0|ecart_moyen|0|n|8"
 5:40:36 "HMT|B150B|regard|19|ecart_max|0|ecart_moyen|0|n|8"
 5:40:37 "HMT|B150B|regard|19|ecart_max|0|ecart_moyen|0|n|8"
 5:40:38 "HMT|B150B|regard|19|ecart_max|0|ecart_moyen|0|n|8"
 5:40:39 "HMT|B150B|regard|19|ecart_max|0|ecart_moyen|0|n|8"
 5:40:40 "HMT|B150B|regard|19|ecart_max|0|ecart_moyen|0|n|8"
 5:40:41 "HMT|B150B|regard|19|ecart_max|0|ecart_moyen|0|n|8"
 5:40:42 "HMT|B150B|regard|19|ecart_max|0|ecart_moyen|0|n|8"
 5:40:43 "HMT|B150B|regard|19|ecart_max|0|ecart_moyen|0|n|8"
 5:40:44 "HMT|B150B|regard|19|ecart_max|0|ecart_moyen|0|n|8"
 5:40:45 "HMT|B150B|regard|19|ecart_max|0|ecart_moyen|0|n|8"
 5:40:46 "HMT|B150B|regard|19|ecart_max|0|ecart_moyen|0|n|8"
 5:40:47 "HMT|B150B|regard|19|ecart_max|0|ecart_moyen|0|n|8"
 5:40:48 "HMT|B150B|regard|19|ecart_max|0|ecart_moyen|0|n|8"
 5:40:49 "HMT|B150B|regard|19|ecart_max|0|ecart_moyen|0|n|8"
 5:40:50 "HMT|B150B|regard|19|ecart_max|0|ecart_moyen|0|n|8"
 5:40:51 "HMT|B150B|regard|19|ecart_max|0|ecart_moyen|0|n|8"
 5:40:52 "HMT|B150B|regard|19|ecart_max|0|ecart_moyen|0|n|8"
 5:40:53 "HMT|B150B|regard|19|ecart_max|0|ecart_moyen|0|n|8"
 5:40:54 "HMT|B150B|essai|19|oracle_libre|know|4|reste|40|jalons|[1,0,0,0]|points|30|couche|0"
 5:40:54 "HMT|B150B|regard|19|ecart_max|0|ecart_moyen|0|n|8"
 5:40:55 "HMT|B150B|regard|19|ecart_max|0|ecart_moyen|0|n|8"
 5:40:56 "HMT|B150B|regard|19|ecart_max|0|ecart_moyen|0|n|8"
 5:40:57 "HMT|B150B|regard|19|ecart_max|0|ecart_moyen|0|n|8"
 5:41:01 "HMT|B150B|regard|20|ecart_max|0|ecart_moyen|0|n|8"
 5:41:02 "HMT|B150B|regard|20|ecart_max|0|ecart_moyen|0|n|8"
 5:41:03 "HMT|B150B|regard|20|ecart_max|0|ecart_moyen|0|n|8"
 5:41:04 "HMT|B150B|regard|20|ecart_max|0|ecart_moyen|0|n|8"
 5:41:05 "HMT|B150B|config|20|defenseurs|8|derive_max|0|caps|[0,20,20,20,20,20,20,19]"
 5:41:05 "HMT|B150B|regard|20|ecart_max|0|ecart_moyen|0|n|8"
 5:41:06 "HMT|B150B|regard|20|ecart_max|0|ecart_moyen|0|n|8"
 5:41:07 "HMT|B150B|regard|20|ecart_max|0|ecart_moyen|0|n|8"
 5:41:08 "HMT|B150B|regard|20|ecart_max|0|ecart_moyen|0|n|8"
 5:41:09 "HMT|B150B|regard|20|ecart_max|0|ecart_moyen|0|n|8"
 5:41:10 "HMT|B150B|regard|20|ecart_max|0|ecart_moyen|0|n|8"
 5:41:11 "HMT|B150B|regard|20|ecart_max|0|ecart_moyen|0|n|8"
 5:41:12 "HMT|B150B|regard|20|ecart_max|0|ecart_moyen|0|n|8"
 5:41:13 "HMT|B150B|regard|20|ecart_max|0|ecart_moyen|0|n|8"
 5:41:14 "HMT|B150B|regard|20|ecart_max|0|ecart_moyen|0|n|8"
 5:41:15 "HMT|B150B|regard|20|ecart_max|0|ecart_moyen|0|n|8"
 5:41:16 "HMT|B150B|regard|20|ecart_max|0|ecart_moyen|0|n|8"
 5:41:17 "HMT|B150B|regard|20|ecart_max|0|ecart_moyen|0|n|8"
 5:41:18 "HMT|B150B|regard|20|ecart_max|0|ecart_moyen|0|n|8"
 5:41:19 "HMT|B150B|regard|20|ecart_max|0|ecart_moyen|0|n|8"
 5:41:20 "HMT|B150B|regard|20|ecart_max|0|ecart_moyen|0|n|8"
 5:41:21 "HMT|B150B|regard|20|ecart_max|0|ecart_moyen|0|n|8"
 5:41:22 "HMT|B150B|regard|20|ecart_max|0|ecart_moyen|0|n|8"
 5:41:23 "HMT|B150B|regard|20|ecart_max|0|ecart_moyen|0|n|8"
 5:41:25 "HMT|B150B|regard|20|ecart_max|0|ecart_moyen|0|n|8"
 5:41:26 "HMT|B150B|regard|20|ecart_max|0|ecart_moyen|0|n|8"
 5:41:27 "HMT|B150B|regard|20|ecart_max|0|ecart_moyen|0|n|8"
 5:41:28 "HMT|B150B|regard|20|ecart_max|0|ecart_moyen|0|n|8"
 5:41:29 "HMT|B150B|regard|20|ecart_max|0|ecart_moyen|0|n|8"
 5:41:30 "HMT|B150B|regard|20|ecart_max|0|ecart_moyen|0|n|8"
 5:41:31 "HMT|B150B|regard|20|ecart_max|0|ecart_moyen|0|n|8"
 5:41:32 "HMT|B150B|regard|20|ecart_max|0|ecart_moyen|0|n|8"
 5:41:33 "HMT|B150B|regard|20|ecart_max|0|ecart_moyen|0|n|8"
 5:41:34 "HMT|B150B|regard|20|ecart_max|0|ecart_moyen|0|n|8"
 5:41:35 "HMT|B150B|regard|20|ecart_max|0|ecart_moyen|0|n|8"
 5:41:36 "HMT|B150B|regard|20|ecart_max|0|ecart_moyen|0|n|8"
 5:41:37 "HMT|B150B|regard|20|ecart_max|0|ecart_moyen|0|n|8"
 5:41:38 "HMT|B150B|regard|20|ecart_max|0|ecart_moyen|0|n|8"
 5:41:39 "HMT|B150B|regard|20|ecart_max|0|ecart_moyen|0|n|8"
 5:41:40 "HMT|B150B|regard|20|ecart_max|0|ecart_moyen|0|n|8"
 5:41:41 "HMT|B150B|regard|20|ecart_max|0|ecart_moyen|0|n|8"
 5:41:42 "HMT|B150B|regard|20|ecart_max|0|ecart_moyen|0|n|8"
 5:41:42 "HMT|B150B|essai|20|agent|know|0|reste|38|jalons|[1,1,1,1]|points|29|couche|0"
 5:41:43 "HMT|B150B|regard|20|ecart_max|0|ecart_moyen|0|n|8"
 5:41:44 "HMT|B150B|regard|20|ecart_max|0|ecart_moyen|0|n|8"
 5:41:45 "HMT|B150B|regard|20|ecart_max|0|ecart_moyen|0|n|8"
 5:41:46 "HMT|B150B|regard|20|ecart_max|0|ecart_moyen|0|n|8"
 5:41:47 "HMT|B150B|regard|20|ecart_max|0|ecart_moyen|0|n|8"
 5:41:48 "HMT|B150B|regard|20|ecart_max|0|ecart_moyen|0|n|8"
 5:41:49 "HMT|B150B|regard|20|ecart_max|0|ecart_moyen|0|n|8"
 5:41:50 "HMT|B150B|regard|20|ecart_max|0|ecart_moyen|0|n|8"
 5:41:51 "HMT|B150B|regard|20|ecart_max|0|ecart_moyen|0|n|8"
 5:41:52 "HMT|B150B|regard|20|ecart_max|0|ecart_moyen|0|n|8"
 5:41:53 "HMT|B150B|regard|20|ecart_max|0|ecart_moyen|0|n|8"
 5:41:54 "HMT|B150B|regard|20|ecart_max|0|ecart_moyen|0|n|8"
 5:41:55 "HMT|B150B|regard|20|ecart_max|0|ecart_moyen|0|n|8"
 5:41:56 "HMT|B150B|regard|20|ecart_max|0|ecart_moyen|0|n|8"
 5:41:57 "HMT|B150B|regard|20|ecart_max|0|ecart_moyen|0|n|8"
 5:41:58 "HMT|B150B|regard|20|ecart_max|0|ecart_moyen|0|n|8"
 5:41:59 "HMT|B150B|regard|20|ecart_max|0|ecart_moyen|0|n|8"
 5:42:00 "HMT|B150B|regard|20|ecart_max|0|ecart_moyen|0|n|8"
 5:42:01 "HMT|B150B|regard|20|ecart_max|0|ecart_moyen|0|n|8"
 5:42:02 "HMT|B150B|regard|20|ecart_max|0|ecart_moyen|0|n|8"
 5:42:03 "HMT|B150B|regard|20|ecart_max|0|ecart_moyen|0|n|8"
 5:42:04 "HMT|B150B|regard|20|ecart_max|0|ecart_moyen|0|n|8"
 5:42:05 "HMT|B150B|regard|20|ecart_max|0|ecart_moyen|0|n|8"
 5:42:06 "HMT|B150B|regard|20|ecart_max|0|ecart_moyen|0|n|8"
 5:42:07 "HMT|B150B|regard|20|ecart_max|0|ecart_moyen|0|n|8"
 5:42:08 "HMT|B150B|regard|20|ecart_max|0|ecart_moyen|0|n|8"
 5:42:09 "HMT|B150B|regard|20|ecart_max|0|ecart_moyen|0|n|8"
 5:42:10 "HMT|B150B|regard|20|ecart_max|0|ecart_moyen|0|n|8"
 5:42:11 "HMT|B150B|regard|20|ecart_max|0|ecart_moyen|0|n|8"
 5:42:12 "HMT|B150B|regard|20|ecart_max|0|ecart_moyen|0|n|8"
 5:42:13 "HMT|B150B|regard|20|ecart_max|0|ecart_moyen|0|n|8"
 5:42:14 "HMT|B150B|regard|20|ecart_max|0|ecart_moyen|0|n|8"
 5:42:15 "HMT|B150B|regard|20|ecart_max|0|ecart_moyen|0|n|8"
 5:42:16 "HMT|B150B|regard|20|ecart_max|0|ecart_moyen|0|n|8"
 5:42:17 "HMT|B150B|regard|20|ecart_max|0|ecart_moyen|0|n|8"
 5:42:18 "HMT|B150B|regard|20|ecart_max|0|ecart_moyen|0|n|8"
 5:42:19 "HMT|B150B|regard|20|ecart_max|0|ecart_moyen|0|n|8"
 5:42:20 "HMT|B150B|regard|20|ecart_max|0|ecart_moyen|0|n|8"
 5:42:21 "HMT|B150B|regard|20|ecart_max|0|ecart_moyen|0|n|8"
 5:42:22 "HMT|B150B|regard|20|ecart_max|0|ecart_moyen|0|n|8"
 5:42:23 "HMT|B150B|regard|20|ecart_max|0|ecart_moyen|0|n|8"
 5:42:24 "HMT|B150B|essai|20|droite|know|0|reste|40|jalons|[1,1,1,1]|points|29|couche|0"
 5:42:24 "HMT|B150B|regard|20|ecart_max|0|ecart_moyen|0|n|8"
 5:42:25 "HMT|B150B|regard|20|ecart_max|0|ecart_moyen|0|n|8"
 5:42:26 "HMT|B150B|regard|20|ecart_max|0|ecart_moyen|0|n|8"
 5:42:27 "HMT|B150B|regard|20|ecart_max|0|ecart_moyen|0|n|8"
 5:42:28 "HMT|B150B|regard|20|ecart_max|0|ecart_moyen|0|n|8"
 5:42:29 "HMT|B150B|regard|20|ecart_max|0|ecart_moyen|0|n|8"
 5:42:30 "HMT|B150B|regard|20|ecart_max|0|ecart_moyen|0|n|8"
 5:42:31 "HMT|B150B|regard|20|ecart_max|0|ecart_moyen|0|n|8"
 5:42:32 "HMT|B150B|regard|20|ecart_max|0|ecart_moyen|0|n|8"
 5:42:34 "HMT|B150B|regard|20|ecart_max|0|ecart_moyen|0|n|8"
 5:42:35 "HMT|B150B|regard|20|ecart_max|0|ecart_moyen|0|n|8"
 5:42:36 "HMT|B150B|regard|20|ecart_max|0|ecart_moyen|0|n|8"
 5:42:37 "HMT|B150B|regard|20|ecart_max|0|ecart_moyen|0|n|8"
 5:42:38 "HMT|B150B|regard|20|ecart_max|0|ecart_moyen|0|n|8"
 5:42:39 "HMT|B150B|regard|20|ecart_max|0|ecart_moyen|0|n|8"
 5:42:40 "HMT|B150B|regard|20|ecart_max|0|ecart_moyen|0|n|8"
 5:42:41 "HMT|B150B|regard|20|ecart_max|0|ecart_moyen|0|n|8"
 5:42:42 "HMT|B150B|regard|20|ecart_max|0|ecart_moyen|0|n|8"
 5:42:43 "HMT|B150B|regard|20|ecart_max|0|ecart_moyen|0|n|8"
 5:42:44 "HMT|B150B|regard|20|ecart_max|0|ecart_moyen|0|n|8"
 5:42:45 "HMT|B150B|regard|20|ecart_max|0|ecart_moyen|0|n|8"
 5:42:46 "HMT|B150B|regard|20|ecart_max|0|ecart_moyen|0|n|8"
 5:42:47 "HMT|B150B|regard|20|ecart_max|0|ecart_moyen|0|n|8"
 5:42:48 "HMT|B150B|regard|20|ecart_max|0|ecart_moyen|0|n|8"
 5:42:49 "HMT|B150B|regard|20|ecart_max|0|ecart_moyen|0|n|8"
 5:42:50 "HMT|B150B|regard|20|ecart_max|0|ecart_moyen|0|n|8"
 5:42:51 "HMT|B150B|regard|20|ecart_max|0|ecart_moyen|0|n|8"
 5:42:52 "HMT|B150B|regard|20|ecart_max|0|ecart_moyen|0|n|8"
 5:42:53 "HMT|B150B|regard|20|ecart_max|0|ecart_moyen|0|n|8"
 5:42:54 "HMT|B150B|regard|20|ecart_max|0|ecart_moyen|0|n|8"
 5:42:55 "HMT|B150B|regard|20|ecart_max|0|ecart_moyen|0|n|8"
 5:42:56 "HMT|B150B|regard|20|ecart_max|0|ecart_moyen|0|n|8"
 5:42:57 "HMT|B150B|regard|20|ecart_max|0|ecart_moyen|0|n|8"
 5:42:58 "HMT|B150B|regard|20|ecart_max|0|ecart_moyen|0|n|8"
 5:42:59 "HMT|B150B|regard|20|ecart_max|0|ecart_moyen|0|n|8"
 5:43:00 "HMT|B150B|regard|20|ecart_max|0|ecart_moyen|0|n|8"
 5:43:01 "HMT|B150B|regard|20|ecart_max|0|ecart_moyen|0|n|8"
 5:43:02 "HMT|B150B|regard|20|ecart_max|0|ecart_moyen|0|n|8"
 5:43:03 "HMT|B150B|regard|20|ecart_max|0|ecart_moyen|0|n|8"
 5:43:04 "HMT|B150B|regard|20|ecart_max|0|ecart_moyen|0|n|8"
 5:43:05 "HMT|B150B|essai|20|droite_bis|know|0|reste|40|jalons|[1,1,1,1]|points|29|couche|0"
 5:43:05 "HMT|B150B|regard|20|ecart_max|0|ecart_moyen|0|n|8"
 5:43:06 "HMT|B150B|regard|20|ecart_max|0|ecart_moyen|0|n|8"
 5:43:07 "HMT|B150B|regard|20|ecart_max|0|ecart_moyen|0|n|8"
 5:43:08 "HMT|B150B|regard|20|ecart_max|0|ecart_moyen|0|n|8"
 5:43:09 "HMT|B150B|regard|20|ecart_max|0|ecart_moyen|0|n|8"
 5:43:10 "HMT|B150B|regard|20|ecart_max|0|ecart_moyen|0|n|8"
 5:43:11 "HMT|B150B|regard|20|ecart_max|0|ecart_moyen|0|n|8"
 5:43:12 "HMT|B150B|regard|20|ecart_max|0|ecart_moyen|0|n|8"
 5:43:13 "HMT|B150B|regard|20|ecart_max|0|ecart_moyen|0|n|8"
 5:43:14 "HMT|B150B|regard|20|ecart_max|0|ecart_moyen|0|n|8"
 5:43:15 "HMT|B150B|regard|20|ecart_max|0|ecart_moyen|0|n|8"
 5:43:16 "HMT|B150B|regard|20|ecart_max|0|ecart_moyen|0|n|8"
 5:43:17 "HMT|B150B|regard|20|ecart_max|0|ecart_moyen|0|n|8"
 5:43:18 "HMT|B150B|regard|20|ecart_max|0|ecart_moyen|0|n|8"
 5:43:19 "HMT|B150B|regard|20|ecart_max|0|ecart_moyen|0|n|8"
 5:43:20 "HMT|B150B|regard|20|ecart_max|0|ecart_moyen|0|n|8"
 5:43:21 "HMT|B150B|regard|20|ecart_max|0|ecart_moyen|0|n|8"
 5:43:22 "HMT|B150B|regard|20|ecart_max|0|ecart_moyen|0|n|8"
 5:43:23 "HMT|B150B|regard|20|ecart_max|0|ecart_moyen|0|n|8"
 5:43:24 "HMT|B150B|regard|20|ecart_max|0|ecart_moyen|0|n|8"
 5:43:25 "HMT|B150B|regard|20|ecart_max|0|ecart_moyen|0|n|8"
 5:43:26 "HMT|B150B|regard|20|ecart_max|0|ecart_moyen|0|n|8"
 5:43:27 "HMT|B150B|regard|20|ecart_max|0|ecart_moyen|0|n|8"
 5:43:28 "HMT|B150B|regard|20|ecart_max|0|ecart_moyen|0|n|8"
 5:43:29 "HMT|B150B|regard|20|ecart_max|0|ecart_moyen|0|n|8"
 5:43:30 "HMT|B150B|regard|20|ecart_max|0|ecart_moyen|0|n|8"
 5:43:31 "HMT|B150B|regard|20|ecart_max|0|ecart_moyen|0|n|8"
 5:43:32 "HMT|B150B|regard|20|ecart_max|0|ecart_moyen|0|n|8"
 5:43:33 "HMT|B150B|regard|20|ecart_max|0|ecart_moyen|0|n|8"
 5:43:34 "HMT|B150B|regard|20|ecart_max|0|ecart_moyen|0|n|8"
 5:43:35 "HMT|B150B|regard|20|ecart_max|0|ecart_moyen|0|n|8"
 5:43:36 "HMT|B150B|regard|20|ecart_max|0|ecart_moyen|0|n|8"
 5:43:37 "HMT|B150B|regard|20|ecart_max|0|ecart_moyen|0|n|8"
 5:43:38 "HMT|B150B|regard|20|ecart_max|0|ecart_moyen|0|n|8"
 5:43:39 "HMT|B150B|regard|20|ecart_max|0|ecart_moyen|0|n|8"
 5:43:40 "HMT|B150B|regard|20|ecart_max|0|ecart_moyen|0|n|8"
 5:43:41 "HMT|B150B|regard|20|ecart_max|0|ecart_moyen|0|n|8"
 5:43:42 "HMT|B150B|regard|20|ecart_max|0|ecart_moyen|0|n|8"
 5:43:43 "HMT|B150B|regard|20|ecart_max|0|ecart_moyen|0|n|8"
 5:43:45 "HMT|B150B|regard|20|ecart_max|0|ecart_moyen|0|n|8"
 5:43:46 "HMT|B150B|regard|20|ecart_max|0|ecart_moyen|0|n|8"
 5:43:47 "HMT|B150B|regard|20|ecart_max|0|ecart_moyen|0|n|8"
 5:43:48 "HMT|B150B|regard|20|ecart_max|0|ecart_moyen|0|n|8"
 5:43:49 "HMT|B150B|regard|20|ecart_max|0|ecart_moyen|0|n|8"
 5:43:50 "HMT|B150B|regard|20|ecart_max|0|ecart_moyen|0|n|8"
 5:43:51 "HMT|B150B|regard|20|ecart_max|0|ecart_moyen|0|n|8"
 5:43:51 "HMT|B150B|essai|20|oracle|know|0|reste|40|jalons|[1,1,1,1]|points|33|couche|0"
 5:43:52 "HMT|B150B|regard|20|ecart_max|0|ecart_moyen|0|n|8"
 5:43:53 "HMT|B150B|regard|20|ecart_max|0|ecart_moyen|0|n|8"
 5:43:54 "HMT|B150B|regard|20|ecart_max|0|ecart_moyen|0|n|8"
 5:43:55 "HMT|B150B|regard|20|ecart_max|0|ecart_moyen|0|n|8"
 5:43:56 "HMT|B150B|regard|20|ecart_max|0|ecart_moyen|0|n|8"
 5:43:57 "HMT|B150B|regard|20|ecart_max|0|ecart_moyen|0|n|8"
 5:43:58 "HMT|B150B|regard|20|ecart_max|0|ecart_moyen|0|n|8"
 5:43:59 "HMT|B150B|regard|20|ecart_max|0|ecart_moyen|0|n|8"
 5:44:00 "HMT|B150B|regard|20|ecart_max|0|ecart_moyen|0|n|8"
 5:44:01 "HMT|B150B|regard|20|ecart_max|0|ecart_moyen|0|n|8"
 5:44:02 "HMT|B150B|regard|20|ecart_max|0|ecart_moyen|0|n|8"
 5:44:03 "HMT|B150B|regard|20|ecart_max|0|ecart_moyen|0|n|8"
 5:44:04 "HMT|B150B|regard|20|ecart_max|0|ecart_moyen|0|n|8"
 5:44:05 "HMT|B150B|regard|20|ecart_max|0|ecart_moyen|0|n|8"
 5:44:06 "HMT|B150B|regard|20|ecart_max|0|ecart_moyen|0|n|8"
 5:44:07 "HMT|B150B|regard|20|ecart_max|0|ecart_moyen|0|n|8"
 5:44:08 "HMT|B150B|regard|20|ecart_max|0|ecart_moyen|0|n|8"
 5:44:09 "HMT|B150B|regard|20|ecart_max|0|ecart_moyen|0|n|8"
 5:44:10 "HMT|B150B|regard|20|ecart_max|0|ecart_moyen|0|n|8"
 5:44:11 "HMT|B150B|regard|20|ecart_max|0|ecart_moyen|0|n|8"
 5:44:12 "HMT|B150B|regard|20|ecart_max|0|ecart_moyen|0|n|8"
 5:44:13 "HMT|B150B|regard|20|ecart_max|0|ecart_moyen|0|n|8"
 5:44:14 "HMT|B150B|regard|20|ecart_max|0|ecart_moyen|0|n|8"
 5:44:15 "HMT|B150B|regard|20|ecart_max|0|ecart_moyen|0|n|8"
 5:44:16 "HMT|B150B|regard|20|ecart_max|0|ecart_moyen|0|n|8"
 5:44:17 "HMT|B150B|regard|20|ecart_max|0|ecart_moyen|0|n|8"
 5:44:18 "HMT|B150B|regard|20|ecart_max|0|ecart_moyen|0|n|8"
 5:44:19 "HMT|B150B|regard|20|ecart_max|0|ecart_moyen|0|n|8"
 5:44:20 "HMT|B150B|regard|20|ecart_max|0|ecart_moyen|0|n|8"
 5:44:21 "HMT|B150B|regard|20|ecart_max|0|ecart_moyen|0|n|8"
 5:44:22 "HMT|B150B|regard|20|ecart_max|0|ecart_moyen|0|n|8"
 5:44:23 "HMT|B150B|regard|20|ecart_max|0|ecart_moyen|0|n|8"
 5:44:24 "HMT|B150B|regard|20|ecart_max|0|ecart_moyen|0|n|8"
 5:44:25 "HMT|B150B|regard|20|ecart_max|0|ecart_moyen|0|n|8"
 5:44:26 "HMT|B150B|regard|20|ecart_max|0|ecart_moyen|0|n|8"
 5:44:27 "HMT|B150B|regard|20|ecart_max|0|ecart_moyen|0|n|8"
 5:44:28 "HMT|B150B|regard|20|ecart_max|0|ecart_moyen|0|n|8"
 5:44:29 "HMT|B150B|regard|20|ecart_max|0|ecart_moyen|0|n|8"
 5:44:30 "HMT|B150B|regard|20|ecart_max|0|ecart_moyen|0|n|8"
 5:44:31 "HMT|B150B|regard|20|ecart_max|0|ecart_moyen|0|n|8"
 5:44:32 "HMT|B150B|regard|20|ecart_max|0|ecart_moyen|0|n|8"
 5:44:33 "HMT|B150B|regard|20|ecart_max|0|ecart_moyen|0|n|8"
 5:44:34 "HMT|B150B|regard|20|ecart_max|0|ecart_moyen|0|n|8"
 5:44:35 "HMT|B150B|regard|20|ecart_max|0|ecart_moyen|0|n|8"
 5:44:36 "HMT|B150B|regard|20|ecart_max|0|ecart_moyen|0|n|8"
 5:44:37 "HMT|B150B|regard|20|ecart_max|0|ecart_moyen|0|n|8"
 5:44:38 "HMT|B150B|regard|20|ecart_max|0|ecart_moyen|0|n|8"
 5:44:39 "HMT|B150B|regard|20|ecart_max|0|ecart_moyen|0|n|8"
 5:44:40 "HMT|B150B|regard|20|ecart_max|0|ecart_moyen|0|n|8"
 5:44:41 "HMT|B150B|regard|20|ecart_max|0|ecart_moyen|0|n|8"
 5:44:42 "HMT|B150B|regard|20|ecart_max|0|ecart_moyen|0|n|8"
 5:44:43 "HMT|B150B|regard|20|ecart_max|0|ecart_moyen|0|n|8"
 5:44:44 "HMT|B150B|regard|20|ecart_max|0|ecart_moyen|0|n|8"
 5:44:45 "HMT|B150B|regard|20|ecart_max|0|ecart_moyen|0|n|8"
 5:44:45 "HMT|B150B|essai|20|oracle_libre|know|0|reste|40|jalons|[1,1,1,1]|points|40|couche|0"
 5:44:46 "HMT|B150B|regard|20|ecart_max|0|ecart_moyen|0|n|8"
 5:44:47 "HMT|B150B|regard|20|ecart_max|0|ecart_moyen|0|n|8"
 5:44:48 "HMT|B150B|regard|20|ecart_max|0|ecart_moyen|0|n|8"
 5:44:49 "HMT|B150B|regard|20|ecart_max|0|ecart_moyen|0|n|8"
 5:44:52 "HMT|B150B|TERMINE|1"
